pos,corr_resp,thisN,thisTrialN,thisRepN,key_resp.keys,key_resp.corr,key_resp.rt,key_resp.duration,trials.thisRepN,trials.thisTrialN,trials.thisN,trials.thisIndex,trials_2.thisRepN,trials_2.thisTrialN,trials_2.thisN,trials_2.thisIndex,thisRow.t,notes,trial.started,fixation.started,line1.started,line2.started,line3.started,line4.started,fixation.stopped,probe.started,key_resp.started,trial.stopped,trials.key_resp.keys,trials.key_resp.corr,trials.key_resp.rt,trials.key_resp.duration,trials_2.key_resp.keys,trials_2.key_resp.corr,trials_2.key_resp.rt,trials_2.key_resp.duration,participant,session,date,expName,expVersion,psychopyVersion,frameRate,expStart,
-50,x,0,0,0,lcommand,0,0.3901060000061989,None,0,0,0,0,,,,,0.03192170900001656,,0.023948709000251256,0.03192170900001656,1.009715749998577,1.009715749998577,1.009715749998577,1.009715749998577,1.0257195840094937,2.071777250006562,2.071777250006562,2.4712983339995844,lcommand,0,0.3901060000061989,None,,,,,03,001,2025-10-02_17h52.12.683,motor sequence learning,,2025.1.1,None,2025-10-02 17h52.26.045718 +0530,
150,v,1,1,0,lshift,0,0.5728309999976773,None,0,1,1,1,,,,,2.478161834005732,,2.4717722500063246,2.478161834005732,3.470376375000342,3.470376375000342,3.470376375000342,3.470376375000342,3.4780043339997064,4.468858542008093,4.468858542008093,5.043492958997376,lshift,0,0.5728309999976773,None,,,,,03,001,2025-10-02_17h52.12.683,motor sequence learning,,2025.1.1,None,2025-10-02 17h52.26.045718 +0530,
50,c,2,2,0,c,1,1.4777886240044609,None,0,2,2,2,,,,,5.053202625000267,,5.043935916997725,5.053202625000267,6.044662250002148,6.044662250002148,6.044662250002148,6.044662250002148,6.044662250002148,7.035912667008233,7.035912667008233,8.520703500005766,c,1,1.4777886240044609,None,,,,,03,001,2025-10-02_17h52.12.683,motor sequence learning,,2025.1.1,None,2025-10-02 17h52.26.045718 +0530,
-150,z,3,3,0,z,1,0.9902725830033887,None,0,3,3,3,,,,,8.534964792008395,,8.52105604200915,8.534964792008395,9.511016125004971,9.511016125004971,9.511016125004971,9.511016125004971,9.525973666997743,10.51105420901149,10.51105420901149,11.503922834002879,z,1,0.9902725830033887,None,,,,,03,001,2025-10-02_17h52.12.683,motor sequence learning,,2025.1.1,None,2025-10-02 17h52.26.045718 +0530,
-50,x,4,0,1,x,1,0.7541750829986995,None,1,0,4,0,,,,,11.509522042004392,,11.504275125000277,11.509522042004392,12.496064209000906,12.496064209000906,12.496064209000906,12.496064209000906,12.504161542005022,13.49428558400541,13.49428558400541,14.253228375004255,x,1,0.7541750829986995,None,,,,,03,001,2025-10-02_17h52.12.683,motor sequence learning,,2025.1.1,None,2025-10-02 17h52.26.045718 +0530,
150,v,5,1,1,v,1,0.37091091700131074,None,1,1,5,1,,,,,14.261100750009064,,14.253585833997931,14.261100750009064,15.246428625003318,15.246428625003318,15.246428625003318,15.246428625003318,15.254279667002265,16.244562874999247,16.244562874999247,16.62102354200033,v,1,0.37091091700131074,None,,,,,03,001,2025-10-02_17h52.12.683,motor sequence learning,,2025.1.1,None,2025-10-02 17h52.26.045718 +0530,
50,c,6,2,1,c,1,0.9183813330018893,None,1,2,6,2,,,,,16.62949341700005,,16.62144241700298,16.62949341700005,17.61263050000707,17.61263050000707,17.61263050000707,17.61263050000707,17.620190917004948,18.61097104199871,18.61097104199871,19.538210792001337,c,1,0.9183813330018893,None,,,,,03,001,2025-10-02_17h52.12.683,motor sequence learning,,2025.1.1,None,2025-10-02 17h52.26.045718 +0530,
-150,z,7,3,1,z,1,0.38512495800387114,None,1,3,7,3,,,,,19.547482125009992,,19.538651499999105,19.547482125009992,20.535995625003125,20.535995625003125,20.535995625003125,20.535995625003125,20.54355829200358,21.53723270900082,21.53723270900082,21.92819041700568,z,1,0.38512495800387114,None,,,,,03,001,2025-10-02_17h52.12.683,motor sequence learning,,2025.1.1,None,2025-10-02 17h52.26.045718 +0530,
-50,x,8,0,2,x,1,0.27939183299895376,None,2,0,8,0,,,,,21.936830250007915,,21.928647749999072,21.936830250007915,22.92807345899928,22.92807345899928,22.92807345899928,22.92807345899928,22.92807345899928,23.92794279201189,23.92794279201189,24.210496584011707,x,1,0.27939183299895376,None,,,,,03,001,2025-10-02_17h52.12.683,motor sequence learning,,2025.1.1,None,2025-10-02 17h52.26.045718 +0530,
150,v,9,1,2,v,1,0.4540599169995403,None,2,1,9,1,,,,,24.218678834004095,,24.21084520900331,24.218678834004095,25.21092970900645,25.21092970900645,25.21092970900645,25.21092970900645,25.21092970900645,26.202173334007966,26.202173334007966,26.661277250008425,v,1,0.4540599169995403,None,,,,,03,001,2025-10-02_17h52.12.683,motor sequence learning,,2025.1.1,None,2025-10-02 17h52.26.045718 +0530,
50,c,10,2,2,c,1,0.6594262909929967,None,2,2,10,2,,,,,26.66982716700295,,26.661712834000355,26.66982716700295,27.66217854199931,27.66217854199931,27.66217854199931,27.66217854199931,27.66217854199931,28.660865292011295,28.660865292011295,29.321336042004987,c,1,0.6594262909929967,None,,,,,03,001,2025-10-02_17h52.12.683,motor sequence learning,,2025.1.1,None,2025-10-02 17h52.26.045718 +0530,
-150,z,11,3,2,z,1,0.3102408329868922,None,2,3,11,3,,,,,29.32663741700526,,29.321795459007262,29.32663741700526,30.318873834010446,30.318873834010446,30.318873834010446,30.318873834010446,30.318873834010446,31.3119419170107,31.3119419170107,31.62815658400359,z,1,0.3102408329868922,None,,,,,03,001,2025-10-02_17h52.12.683,motor sequence learning,,2025.1.1,None,2025-10-02 17h52.26.045718 +0530,
-50,x,12,0,3,v,0,0.26863054098794237,None,3,0,12,0,,,,,31.63714083400555,,31.628606792000937,31.63714083400555,32.62712091700814,32.62712091700814,32.62712091700814,32.62712091700814,32.62712091700814,33.626534625000204,33.626534625000204,33.905079875010415,v,0,0.26863054098794237,None,,,,,03,001,2025-10-02_17h52.12.683,motor sequence learning,,2025.1.1,None,2025-10-02 17h52.26.045718 +0530,
150,v,13,1,3,v,1,0.3094359999959124,None,3,1,13,1,,,,,33.91439700000046,,33.90559262500028,33.91439700000046,34.90275708401168,34.90275708401168,34.90275708401168,34.90275708401168,34.910439416999,35.90269829200406,35.90269829200406,36.22142091700516,v,1,0.3094359999959124,None,,,,,03,001,2025-10-02_17h52.12.683,motor sequence learning,,2025.1.1,None,2025-10-02 17h52.26.045718 +0530,
50,c,14,2,3,c,1,0.39773900000727735,None,3,2,14,2,,,,,36.23046200000681,,36.22185895900475,36.23046200000681,37.21876283400343,37.21876283400343,37.21876283400343,37.21876283400343,37.22604316700017,38.22029337500862,38.22029337500862,38.62149250000948,c,1,0.39773900000727735,None,,,,,03,001,2025-10-02_17h52.12.683,motor sequence learning,,2025.1.1,None,2025-10-02 17h52.26.045718 +0530,
-150,z,15,3,3,z,1,0.26911458300310187,None,3,3,15,3,,,,,38.63079354200454,,38.62196208399837,38.63079354200454,39.62007662501128,39.62007662501128,39.62007662501128,39.62007662501128,39.62749820901081,40.61994820900145,40.61994820900145,40.89370870900166,z,1,0.26911458300310187,None,,,,,03,001,2025-10-02_17h52.12.683,motor sequence learning,,2025.1.1,None,2025-10-02 17h52.26.045718 +0530,
-50,x,16,0,4,x,1,0.3499560409982223,None,4,0,16,0,,,,,40.9022767090064,,40.89413358400634,40.9022767090064,41.8947810420068,41.8947810420068,41.8947810420068,41.8947810420068,41.8947810420068,42.89399895899987,42.89399895899987,43.25369304200285,x,1,0.3499560409982223,None,,,,,03,001,2025-10-02_17h52.12.683,motor sequence learning,,2025.1.1,None,2025-10-02 17h52.26.045718 +0530,
150,v,17,1,4,v,1,0.41963729199778754,None,4,1,17,1,,,,,43.26190291700186,,43.254197583999485,43.26190291700186,44.244875667005545,44.244875667005545,44.244875667005545,44.244875667005545,44.25232691700512,45.24326604200178,45.24326604200178,45.670848459005356,v,1,0.41963729199778754,None,,,,,03,001,2025-10-02_17h52.12.683,motor sequence learning,,2025.1.1,None,2025-10-02 17h52.26.045718 +0530,
50,c,18,2,4,c,1,0.7290337489976082,None,4,2,18,2,,,,,45.67834704200504,,45.67120050000085,45.67834704200504,46.662066459000926,46.662066459000926,46.662066459000926,46.662066459000926,46.669029875003616,47.6608436670067,47.6608436670067,48.39424462500028,c,1,0.7290337489976082,None,,,,,03,001,2025-10-02_17h52.12.683,motor sequence learning,,2025.1.1,None,2025-10-02 17h52.26.045718 +0530,
-150,z,19,3,4,z,1,0.40835012499883305,None,4,3,19,3,,,,,48.40365412500978,,48.39468762499746,48.40365412500978,49.39503295900067,49.39503295900067,49.39503295900067,49.39503295900067,49.39503295900067,50.385447125008795,50.385447125008795,50.79502658400452,z,1,0.40835012499883305,None,,,,,03,001,2025-10-02_17h52.12.683,motor sequence learning,,2025.1.1,None,2025-10-02 17h52.26.045718 +0530,
-50,x,20,0,5,x,1,0.5076353330077836,None,5,0,20,0,,,,,50.80323929199949,,50.79542291699909,50.80323929199949,51.795513792007114,51.795513792007114,51.795513792007114,51.795513792007114,51.795513792007114,52.794060583997634,52.794060583997634,53.30502291700395,x,1,0.5076353330077836,None,,,,,03,001,2025-10-02_17h52.12.683,motor sequence learning,,2025.1.1,None,2025-10-02 17h52.26.045718 +0530,
150,v,21,1,5,v,1,0.5874612080078805,None,5,1,21,1,,,,,53.313513959001284,,53.30549337500997,53.313513959001284,54.303579917002935,54.303579917002935,54.303579917002935,54.303579917002935,54.31160537499818,55.302247291998356,55.302247291998356,55.89408966701012,v,1,0.5874612080078805,None,,,,,03,001,2025-10-02_17h52.12.683,motor sequence learning,,2025.1.1,None,2025-10-02 17h52.26.045718 +0530,
50,c,22,2,5,c,1,0.3843114159972174,None,5,2,22,2,,,,,55.90227691701148,,55.89449654200871,55.90227691701148,56.89555595901038,56.89555595901038,56.89555595901038,56.89555595901038,56.89555595901038,57.886269584007096,57.886269584007096,58.27483037499769,c,1,0.3843114159972174,None,,,,,03,001,2025-10-02_17h52.12.683,motor sequence learning,,2025.1.1,None,2025-10-02 17h52.26.045718 +0530,
-150,z,23,3,5,z,1,0.5321864160068799,None,5,3,23,3,,,,,58.28703425001004,,58.275251792001654,58.28703425001004,59.27023491699947,59.27023491699947,59.27023491699947,59.27023491699947,59.27762291699764,60.26935612500529,60.26935612500529,60.8046725000022,z,1,0.5321864160068799,None,,,,,03,001,2025-10-02_17h52.12.683,motor sequence learning,,2025.1.1,None,2025-10-02 17h52.26.045718 +0530,
-50,x,24,0,6,x,1,0.469437708001351,None,6,0,24,0,,,,,60.809259292000206,,60.80519629199989,60.809259292000206,61.80331850000948,61.80331850000948,61.80331850000948,61.80331850000948,61.80331850000948,62.80337520899775,62.80337520899775,63.2772639169998,x,1,0.469437708001351,None,,,,,03,001,2025-10-02_17h52.12.683,motor sequence learning,,2025.1.1,None,2025-10-02 17h52.26.045718 +0530,
150,v,25,1,6,v,1,0.5603922080044867,None,6,1,25,1,,,,,63.28551745900768,,63.27761641700636,63.28551745900768,64.27790095900127,64.27790095900127,64.27790095900127,64.27790095900127,64.27790095900127,65.26904416699836,65.26904416699836,65.83796029200312,v,1,0.5603922080044867,None,,,,,03,001,2025-10-02_17h52.12.683,motor sequence learning,,2025.1.1,None,2025-10-02 17h52.26.045718 +0530,
50,c,26,2,6,c,1,0.4368504159938311,None,6,2,26,2,,,,,65.84705845901044,,65.83861837501172,65.84705845901044,66.82828675000928,66.82828675000928,66.82828675000928,66.82828675000928,66.84372416700353,67.83599170899834,67.83599170899834,68.27898791700136,c,1,0.4368504159938311,None,,,,,03,001,2025-10-02_17h52.12.683,motor sequence learning,,2025.1.1,None,2025-10-02 17h52.26.045718 +0530,
-150,z,27,3,6,z,1,0.46393091599748004,None,6,3,27,3,,,,,68.3042165000079,,68.27947829201003,68.3042165000079,69.27817275001144,69.27817275001144,69.27817275001144,69.27817275001144,69.30334304200369,70.27740000000631,70.27740000000631,70.74534850000055,z,1,0.46393091599748004,None,,,,,03,001,2025-10-02_17h52.12.683,motor sequence learning,,2025.1.1,None,2025-10-02 17h52.26.045718 +0530,
-50,x,28,0,7,x,1,0.4426500830013538,None,7,0,28,0,,,,,70.75369841700012,,70.74575454200385,70.75369841700012,71.74559004200273,71.74559004200273,71.74559004200273,71.74559004200273,71.74559004200273,72.74455933400895,72.74455933400895,73.1943338340061,x,1,0.4426500830013538,None,,,,,03,001,2025-10-02_17h52.12.683,motor sequence learning,,2025.1.1,None,2025-10-02 17h52.26.045718 +0530,
150,v,29,1,7,v,1,1.2834846660116455,None,7,1,29,1,,,,,73.2047628750006,,73.19476020900765,73.2047628750006,74.18562416700297,74.18562416700297,74.18562416700297,74.18562416700297,74.20343200000934,75.1857372920058,75.1857372920058,76.47131608400377,v,1,1.2834846660116455,None,,,,,03,001,2025-10-02_17h52.12.683,motor sequence learning,,2025.1.1,None,2025-10-02 17h52.26.045718 +0530,
50,c,30,2,7,c,1,0.4670579160010675,None,7,2,30,2,,,,,76.48051187500823,,76.47174712500419,76.48051187500823,77.47009904200968,77.47009904200968,77.47009904200968,77.47009904200968,77.47654945901013,78.46899470900826,78.46899470900826,78.93745062500238,c,1,0.4670579160010675,None,,,,,03,001,2025-10-02_17h52.12.683,motor sequence learning,,2025.1.1,None,2025-10-02 17h52.26.045718 +0530,
-150,z,31,3,7,z,1,0.45355279100476764,None,7,3,31,3,,,,,78.94249112500984,,78.93778891699912,78.94249112500984,79.92871795900282,79.92871795900282,79.92871795900282,79.92871795900282,79.93583845900139,80.92856137501076,80.92856137501076,81.38771395900403,z,1,0.45355279100476764,None,,,,,03,001,2025-10-02_17h52.12.683,motor sequence learning,,2025.1.1,None,2025-10-02 17h52.26.045718 +0530,
-50,x,32,0,8,x,1,0.39824170801148284,None,8,0,32,0,,,,,81.39544212500914,,81.3880639590061,81.39544212500914,82.37812904200109,82.37812904200109,82.37812904200109,82.37812904200109,82.38562724999792,83.37771095900098,83.37771095900098,83.77744037500815,x,1,0.39824170801148284,None,,,,,03,001,2025-10-02_17h52.12.683,motor sequence learning,,2025.1.1,None,2025-10-02 17h52.26.045718 +0530,
150,v,33,1,8,c,0,0.2848187079944182,None,8,1,33,1,,,,,83.7856474170112,,83.77779191700392,83.7856474170112,84.77879687500536,84.77879687500536,84.77879687500536,84.77879687500536,84.77879687500536,85.77819645901036,85.77819645901036,86.07124341699819,c,0,0.2848187079944182,None,,,,,03,001,2025-10-02_17h52.12.683,motor sequence learning,,2025.1.1,None,2025-10-02 17h52.26.045718 +0530,
50,c,34,2,8,c,1,0.4008661660045618,None,8,2,34,2,,,,,86.08038595900871,,86.07165562501177,86.08038595900871,87.06276575000084,87.06276575000084,87.06276575000084,87.06276575000084,87.07020750000083,88.07001291699999,88.07001291699999,88.48198066699842,c,1,0.4008661660045618,None,,,,,03,001,2025-10-02_17h52.12.683,motor sequence learning,,2025.1.1,None,2025-10-02 17h52.26.045718 +0530,
-150,z,35,3,8,z,1,0.3909201659989776,None,8,3,35,3,,,,,88.4878138339991,,88.48234820899961,88.4878138339991,89.47893491700233,89.47893491700233,89.47893491700233,89.47893491700233,89.47893491700233,90.47794750001049,90.47794750001049,90.86981066700537,z,1,0.3909201659989776,None,,,,,03,001,2025-10-02_17h52.12.683,motor sequence learning,,2025.1.1,None,2025-10-02 17h52.26.045718 +0530,
-50,x,36,0,9,x,1,0.3987483329983661,None,9,0,36,0,,,,,90.87513683400175,,90.87020016700262,90.87513683400175,91.86168966699915,91.86168966699915,91.86168966699915,91.86168966699915,91.8689607920096,92.86110095900949,92.86110095900949,93.27031262499804,x,1,0.3987483329983661,None,,,,,03,001,2025-10-02_17h52.12.683,motor sequence learning,,2025.1.1,None,2025-10-02 17h52.26.045718 +0530,
150,v,37,1,9,v,1,0.4080575830012094,None,9,1,37,1,,,,,93.27792475000024,,93.27065391700307,93.27792475000024,94.26263574999757,94.26263574999757,94.26263574999757,94.26263574999757,94.27025270900049,95.26073462500062,95.26073462500062,95.67138200000045,v,1,0.4080575830012094,None,,,,,03,001,2025-10-02_17h52.12.683,motor sequence learning,,2025.1.1,None,2025-10-02 17h52.26.045718 +0530,
50,c,38,2,9,c,1,0.719638082999154,None,9,2,38,2,,,,,95.67670962501143,,95.67190041700087,95.67670962501143,96.67009362499812,96.67009362499812,96.67009362499812,96.67009362499812,96.67693520900502,97.67010925000068,97.67010925000068,98.39503266700194,c,1,0.719638082999154,None,,,,,03,001,2025-10-02_17h52.12.683,motor sequence learning,,2025.1.1,None,2025-10-02 17h52.26.045718 +0530,
-150,z,39,3,9,z,1,0.5458757919986965,None,9,3,39,3,,,,,98.40381154201168,,98.39548712500255,98.40381154201168,99.39514829200925,99.39514829200925,99.39514829200925,99.39514829200925,99.39514829200925,100.39479950000532,100.39479950000532,100.94449954200536,z,1,0.5458757919986965,None,,,,,03,001,2025-10-02_17h52.12.683,motor sequence learning,,2025.1.1,None,2025-10-02 17h52.26.045718 +0530,
-50,x,40,0,10,x,1,0.5296780829958152,None,10,0,40,0,,,,,100.95305399999779,,100.94486212500487,100.95305399999779,101.94452087501122,101.94452087501122,101.94452087501122,101.94452087501122,101.94452087501122,102.94290350000665,102.94290350000665,103.47690879199945,x,1,0.5296780829958152,None,,,,,03,001,2025-10-02_17h52.12.683,motor sequence learning,,2025.1.1,None,2025-10-02 17h52.26.045718 +0530,
150,v,41,1,10,c,0,0.3289822499937145,None,10,1,41,1,,,,,103.48570295900572,,103.47725991701009,103.48570295900572,104.46915854200779,104.46915854200779,104.46915854200779,104.46915854200779,104.47647733399936,105.47048429200368,105.47048429200368,105.80500770900107,c,0,0.3289822499937145,None,,,,,03,001,2025-10-02_17h52.12.683,motor sequence learning,,2025.1.1,None,2025-10-02 17h52.26.045718 +0530,
50,c,42,2,10,c,1,0.4530514999933075,None,10,2,42,2,,,,,105.81314266700065,,105.80542616700404,105.81314266700065,106.8031791250105,106.8031791250105,106.8031791250105,106.8031791250105,106.81072570900142,107.802423000001,107.802423000001,108.26086820900673,c,1,0.4530514999933075,None,,,,,03,001,2025-10-02_17h52.12.683,motor sequence learning,,2025.1.1,None,2025-10-02 17h52.26.045718 +0530,
-150,z,43,3,10,z,1,0.3461067080061184,None,10,3,43,3,,,,,108.2694537500065,,108.2612425420084,108.2694537500065,109.26173108399962,109.26173108399962,109.26173108399962,109.26173108399962,109.26173108399962,110.25240333400143,110.25240333400143,110.60483458400995,z,1,0.3461067080061184,None,,,,,03,001,2025-10-02_17h52.12.683,motor sequence learning,,2025.1.1,None,2025-10-02 17h52.26.045718 +0530,
-50,x,44,0,11,x,1,0.6275741669960553,None,11,0,44,0,,,,,110.61289087501063,,110.60524525000073,110.61289087501063,111.60305791700375,111.60305791700375,111.60305791700375,111.60305791700375,111.61061141701066,112.60388358400087,112.60388358400087,113.2379025840055,x,1,0.6275741669960553,None,,,,,03,001,2025-10-02_17h52.12.683,motor sequence learning,,2025.1.1,None,2025-10-02 17h52.26.045718 +0530,
150,v,45,1,11,v,1,0.35929533300804906,None,11,1,45,1,,,,,113.2450614170084,,113.23824533401057,113.2450614170084,114.23706841700186,114.23706841700186,114.23706841700186,114.23706841700186,114.24482862500008,115.22795579199737,115.22795579199737,115.59836375000305,v,1,0.35929533300804906,None,,,,,03,001,2025-10-02_17h52.12.683,motor sequence learning,,2025.1.1,None,2025-10-02 17h52.26.045718 +0530,
50,c,46,2,11,c,1,0.3060440830013249,None,11,2,46,2,,,,,115.60383170899877,,115.59872879199975,115.60383170899877,116.59516841699951,116.59516841699951,116.59516841699951,116.59516841699951,116.59516841699951,117.59529287500482,117.59529287500482,117.90467970899772,c,1,0.3060440830013249,None,,,,,03,001,2025-10-02_17h52.12.683,motor sequence learning,,2025.1.1,None,2025-10-02 17h52.26.045718 +0530,
-150,z,47,3,11,z,1,0.33942691699485295,None,11,3,47,3,,,,,117.91025425000407,,117.90522612500354,117.91025425000407,118.90322995900351,118.90322995900351,118.90322995900351,118.90322995900351,118.90322995900351,119.90282075000869,119.90282075000869,120.24325754200981,z,1,0.33942691699485295,None,,,,,03,001,2025-10-02_17h52.12.683,motor sequence learning,,2025.1.1,None,2025-10-02 17h52.26.045718 +0530,
-50,x,48,0,12,x,1,0.5794390829978511,None,12,0,48,0,,,,,120.25349787500454,,120.24359925001045,120.25349787500454,121.24427475000266,121.24427475000266,121.24427475000266,121.24427475000266,121.24427475000266,122.23577574999945,122.23577574999945,122.8217948750098,x,1,0.5794390829978511,None,,,,,03,001,2025-10-02_17h52.12.683,motor sequence learning,,2025.1.1,None,2025-10-02 17h52.26.045718 +0530,
150,v,49,1,12,v,1,0.2910727909911657,None,12,1,49,1,,,,,122.8303800420108,,122.8222210840031,122.8303800420108,123.81915862500318,123.81915862500318,123.81915862500318,123.81915862500318,123.82666004200291,124.81911112500529,124.81911112500529,125.11205987499852,v,1,0.2910727909911657,None,,,,,03,001,2025-10-02_17h52.12.683,motor sequence learning,,2025.1.1,None,2025-10-02 17h52.26.045718 +0530,
50,c,50,2,12,c,1,0.27664441599335987,None,12,2,50,2,,,,,125.13716654200107,,125.1124492920062,125.13716654200107,126.11247558399918,126.11247558399918,126.11247558399918,126.11247558399918,126.12698200000159,127.11140229200828,127.11140229200828,127.39555279200431,c,1,0.27664441599335987,None,,,,,03,001,2025-10-02_17h52.12.683,motor sequence learning,,2025.1.1,None,2025-10-02 17h52.26.045718 +0530,
-150,z,51,3,12,x,0,0.3712164159951499,None,12,3,51,3,,,,,127.40408812501119,,127.39601637500164,127.40408812501119,128.39555629200186,128.39555629200186,128.39555629200186,128.39555629200186,128.39555629200186,129.3947098339995,129.3947098339995,129.77209800000128,x,0,0.3712164159951499,None,,,,,03,001,2025-10-02_17h52.12.683,motor sequence learning,,2025.1.1,None,2025-10-02 17h52.26.045718 +0530,
-50,x,52,0,13,x,1,0.45366649999050424,None,13,0,52,0,,,,,129.78110458400624,,129.7725804590009,129.78110458400624,130.76911200000905,130.76911200000905,130.76911200000905,130.76911200000905,130.7765967919986,131.7693617920013,131.7693617920013,132.22596904200327,x,1,0.45366649999050424,None,,,,,03,001,2025-10-02_17h52.12.683,motor sequence learning,,2025.1.1,None,2025-10-02 17h52.26.045718 +0530,
150,v,53,1,13,v,1,0.4086778330092784,None,13,1,53,1,,,,,132.23606512500555,,132.2263869590097,132.23606512500555,133.22023133400944,133.22023133400944,133.22023133400944,133.22023133400944,133.2278455420019,134.22028533399862,134.22028533399862,134.6379294590006,v,1,0.4086778330092784,None,,,,,03,001,2025-10-02_17h52.12.683,motor sequence learning,,2025.1.1,None,2025-10-02 17h52.26.045718 +0530,
50,c,54,2,13,c,1,0.37402483299956657,None,13,2,54,2,,,,,134.64596362500743,,134.63836158400227,134.64596362500743,135.63706145899778,135.63706145899778,135.63706145899778,135.63706145899778,135.64399458401022,136.62875245900068,136.62875245900068,137.00466337500256,c,1,0.37402483299956657,None,,,,,03,001,2025-10-02_17h52.12.683,motor sequence learning,,2025.1.1,None,2025-10-02 17h52.26.045718 +0530,
-150,z,55,3,13,z,1,0.4072276250080904,None,13,3,55,3,,,,,137.0094167500065,,137.0051059170073,137.0094167500065,138.00365616699855,138.00365616699855,138.00365616699855,138.00365616699855,138.00365616699855,139.0035580840049,139.0035580840049,139.42137383400404,z,1,0.4072276250080904,None,,,,,03,001,2025-10-02_17h52.12.683,motor sequence learning,,2025.1.1,None,2025-10-02 17h52.26.045718 +0530,
-50,x,56,0,14,x,1,0.27887229098996613,None,14,0,56,0,,,,,139.43012529199768,,139.42174479200912,139.43012529199768,140.41318445900106,140.41318445900106,140.41318445900106,140.41318445900106,140.4207871670078,141.42083575000288,141.42083575000288,141.70464637500118,x,1,0.27887229098996613,None,,,,,03,001,2025-10-02_17h52.12.683,motor sequence learning,,2025.1.1,None,2025-10-02 17h52.26.045718 +0530,
150,v,57,1,14,v,1,0.2736396240070462,None,14,1,57,1,,,,,141.71355491700524,,141.7050936250016,141.71355491700524,142.70369116700022,142.70369116700022,142.70369116700022,142.70369116700022,142.71124833400245,143.69502858399937,143.69502858399937,143.97166704200208,v,1,0.2736396240070462,None,,,,,03,001,2025-10-02_17h52.12.683,motor sequence learning,,2025.1.1,None,2025-10-02 17h52.26.045718 +0530,
50,c,58,2,14,c,1,0.387009832993499,None,14,2,58,2,,,,,143.9800604589982,,143.97209125000518,143.9800604589982,144.96920104201126,144.96920104201126,144.96920104201126,144.96920104201126,144.97654595899803,145.96167404200241,145.96167404200241,146.35381549999875,c,1,0.387009832993499,None,,,,,03,001,2025-10-02_17h52.12.683,motor sequence learning,,2025.1.1,None,2025-10-02 17h52.26.045718 +0530,
-150,z,59,3,14,z,1,0.07597933300712612,None,14,3,59,3,,,,,146.361479625004,,146.35421608400065,146.361479625004,147.34634787500545,147.34634787500545,147.34634787500545,147.34634787500545,147.35389162501087,148.34450166700117,148.34450166700117,148.426352459006,z,1,0.07597933300712612,None,,,,,03,001,2025-10-02_17h52.12.683,motor sequence learning,,2025.1.1,None,2025-10-02 17h52.26.045718 +0530,
-50,x,60,0,15,x,1,0.6790382920007687,None,15,0,60,0,,,,,148.4359659590118,,148.42670987499878,148.4359659590118,149.41921966700465,149.41921966700465,149.41921966700465,149.41921966700465,149.42662779201055,150.42065737499797,150.42065737499797,151.10349766700529,x,1,0.6790382920007687,None,,,,,03,001,2025-10-02_17h52.12.683,motor sequence learning,,2025.1.1,None,2025-10-02 17h52.26.045718 +0530,
150,v,61,1,15,v,1,0.25490179100597743,None,15,1,61,1,,,,,151.1095187500032,,151.10383300000103,151.1095187500032,152.09624637500383,152.09624637500383,152.09624637500383,152.09624637500383,152.10399200000393,153.09348850000242,153.09348850000242,153.3545826250047,v,1,0.25490179100597743,None,,,,,03,001,2025-10-02_17h52.12.683,motor sequence learning,,2025.1.1,None,2025-10-02 17h52.26.045718 +0530,
50,c,62,2,15,c,1,0.3757346670026891,None,15,2,62,2,,,,,153.360831375001,,153.3548018750007,153.360831375001,154.3453798749979,154.3453798749979,154.3453798749979,154.3453798749979,154.35270208399743,155.34472575000837,155.34472575000837,155.7217137090047,c,1,0.3757346670026891,None,,,,,03,001,2025-10-02_17h52.12.683,motor sequence learning,,2025.1.1,None,2025-10-02 17h52.26.045718 +0530,
-150,z,63,3,15,z,1,0.3029668330127606,None,15,3,63,3,,,,,155.72945908400288,,155.72213533399918,155.72945908400288,156.71928970899899,156.71928970899899,156.71928970899899,156.71928970899899,156.72664320901094,157.71944162499858,157.71944162499858,158.02896175000933,z,1,0.3029668330127606,None,,,,,03,001,2025-10-02_17h52.12.683,motor sequence learning,,2025.1.1,None,2025-10-02 17h52.26.045718 +0530,
-50,x,64,0,16,x,1,0.337790124991443,None,16,0,64,0,,,,,158.0378100000089,,158.02943583400338,158.0378100000089,159.0292920840002,159.0292920840002,159.0292920840002,159.0292920840002,159.0292920840002,160.02844500000356,160.02844500000356,160.3717025000078,x,1,0.337790124991443,None,,,,,03,001,2025-10-02_17h52.12.683,motor sequence learning,,2025.1.1,None,2025-10-02 17h52.26.045718 +0530,
150,v,65,1,16,v,1,0.25444074999541044,None,16,1,65,1,,,,,160.38111129200843,,160.37213250000787,160.38111129200843,161.37052508399938,161.37052508399938,161.37052508399938,161.37052508399938,161.37808816701,162.3708668340114,162.3708668340114,162.62862070900155,v,1,0.25444074999541044,None,,,,,03,001,2025-10-02_17h52.12.683,motor sequence learning,,2025.1.1,None,2025-10-02 17h52.26.045718 +0530,
50,c,66,2,16,c,1,0.23277470799803268,None,16,2,66,2,,,,,162.63606016700214,,162.62896441700286,162.63606016700214,163.62927883400698,163.62927883400698,163.62927883400698,163.62927883400698,163.62927883400698,164.62852129200473,164.62852129200473,164.87194316700334,c,1,0.23277470799803268,None,,,,,03,001,2025-10-02_17h52.12.683,motor sequence learning,,2025.1.1,None,2025-10-02 17h52.26.045718 +0530,
-150,z,67,3,16,z,1,0.283698415994877,None,16,3,67,3,,,,,164.88008179199824,,164.8723652089975,164.88008179199824,165.86925883400545,165.86925883400545,165.86925883400545,165.86925883400545,165.8766575000045,166.87051579200488,166.87051579200488,167.16122954200546,z,1,0.283698415994877,None,,,,,03,001,2025-10-02_17h52.12.683,motor sequence learning,,2025.1.1,None,2025-10-02 17h52.26.045718 +0530,
-50,x,68,0,17,x,1,0.4225139579939423,None,17,0,68,0,,,,,167.16922166700533,,167.16165999999794,167.16922166700533,168.15267400001176,168.15267400001176,168.15267400001176,168.15267400001176,168.16037762499764,169.1616311250109,169.1616311250109,169.58850745900418,x,1,0.4225139579939423,None,,,,,03,001,2025-10-02_17h52.12.683,motor sequence learning,,2025.1.1,None,2025-10-02 17h52.26.045718 +0530,
150,v,69,1,17,v,1,0.5615964580065338,None,17,1,69,1,,,,,169.59754625000642,,169.58891379200213,169.59754625000642,170.58708345900232,170.58708345900232,170.58708345900232,170.58708345900232,170.5945655000105,171.58745454200835,171.58745454200835,172.15421133401105,v,1,0.5615964580065338,None,,,,,03,001,2025-10-02_17h52.12.683,motor sequence learning,,2025.1.1,None,2025-10-02 17h52.26.045718 +0530,
50,c,70,2,17,c,1,0.4990884580038255,None,17,2,70,2,,,,,172.16109945900098,,172.15462566701171,172.16109945900098,173.14592129200173,173.14592129200173,173.14592129200173,173.14592129200173,173.1533009170089,174.14391783400788,174.14391783400788,174.65449108400207,c,1,0.4990884580038255,None,,,,,03,001,2025-10-02_17h52.12.683,motor sequence learning,,2025.1.1,None,2025-10-02 17h52.26.045718 +0530,
-150,z,71,3,17,z,1,0.3884394170017913,None,17,3,71,3,,,,,174.6627637920028,,174.65487795900845,174.6627637920028,175.64587070900598,175.64587070900598,175.64587070900598,175.64587070900598,175.65324962500017,176.64458425001067,176.64458425001067,177.03870133400778,z,1,0.3884394170017913,None,,,,,03,001,2025-10-02_17h52.12.683,motor sequence learning,,2025.1.1,None,2025-10-02 17h52.26.045718 +0530,
-50,x,72,0,18,x,1,0.34967937400506344,None,18,0,72,0,,,,,177.0473282919993,,177.03913124999963,177.0473282919993,178.03639379200467,178.03639379200467,178.03639379200467,178.03639379200467,178.04404537500523,179.03623300000618,179.03623300000618,179.38821337500121,x,1,0.34967937400506344,None,,,,,03,001,2025-10-02_17h52.12.683,motor sequence learning,,2025.1.1,None,2025-10-02 17h52.26.045718 +0530,
150,v,73,1,18,v,1,0.29224970799987204,None,18,1,73,1,,,,,179.39682737500698,,179.3886230000062,179.39682737500698,180.38012195900956,180.38012195900956,180.38012195900956,180.38012195900956,180.38776391700958,181.38765129201056,181.38765129201056,181.68862991700007,v,1,0.29224970799987204,None,,,,,03,001,2025-10-02_17h52.12.683,motor sequence learning,,2025.1.1,None,2025-10-02 17h52.26.045718 +0530,
50,c,74,2,18,c,1,0.2856698329997016,None,18,2,74,2,,,,,181.69764654200117,,181.68907162500545,181.69764654200117,182.6871711249987,182.6871711249987,182.6871711249987,182.6871711249987,182.69453020900255,183.68613954199827,183.68613954199827,183.97931162500754,c,1,0.2856698329997016,None,,,,,03,001,2025-10-02_17h52.12.683,motor sequence learning,,2025.1.1,None,2025-10-02 17h52.26.045718 +0530,
-150,z,75,3,18,z,1,0.37603124900488183,None,18,3,75,3,,,,,184.0040029590018,,183.97973479201028,184.0040029590018,184.97924908400455,184.97924908400455,184.97924908400455,184.97924908400455,184.99362941700383,185.97778833399934,185.97778833399934,186.36034179200942,z,1,0.37603124900488183,None,,,,,03,001,2025-10-02_17h52.12.683,motor sequence learning,,2025.1.1,None,2025-10-02 17h52.26.045718 +0530,
-50,x,76,0,19,x,1,0.3061339159903582,None,19,0,76,0,,,,,186.36935929200263,,186.36069895900437,186.36935929200263,187.35334958400927,187.35334958400927,187.35334958400927,187.35334958400927,187.36106312500488,188.35369891700975,188.35369891700975,188.662194250006,x,1,0.3061339159903582,None,,,,,03,001,2025-10-02_17h52.12.683,motor sequence learning,,2025.1.1,None,2025-10-02 17h52.26.045718 +0530,
150,v,77,1,19,v,1,0.39397037400340196,None,19,1,77,1,,,,,188.66974595900683,,188.66263579200313,188.66974595900683,189.6621129999985,189.6621129999985,189.6621129999985,189.6621129999985,189.6621129999985,190.65969937499904,190.65969937499904,191.0550612500083,v,1,0.39397037400340196,None,,,,,03,001,2025-10-02_17h52.12.683,motor sequence learning,,2025.1.1,None,2025-10-02 17h52.26.045718 +0530,
50,c,78,2,19,c,1,0.493690333008999,None,19,2,78,2,,,,,191.0634262500098,,191.05547133400978,191.0634262500098,192.0527410000068,192.0527410000068,192.0527410000068,192.0527410000068,192.060128875004,193.0539273750037,193.0539273750037,193.55415920900123,c,1,0.493690333008999,None,,,,,03,001,2025-10-02_17h52.12.683,motor sequence learning,,2025.1.1,None,2025-10-02 17h52.26.045718 +0530,
-150,z,79,3,19,z,1,0.3389918739994755,None,19,3,79,3,,,,,193.56111237499863,,193.5545087500068,193.56111237499863,194.5459675840102,194.5459675840102,194.5459675840102,194.5459675840102,194.5534863339999,195.54465224999876,195.54465224999876,195.88881137499993,z,1,0.3389918739994755,None,,,,,03,001,2025-10-02_17h52.12.683,motor sequence learning,,2025.1.1,None,2025-10-02 17h52.26.045718 +0530,
-50,x,80,0,20,x,1,0.34889004100114107,None,20,0,80,0,,,,,195.89783541701036,,195.88928391700028,195.89783541701036,196.88606504201016,196.88606504201016,196.88606504201016,196.88606504201016,196.8935380000039,197.8866096670099,197.8866096670099,198.2375666250009,x,1,0.34889004100114107,None,,,,,03,001,2025-10-02_17h52.12.683,motor sequence learning,,2025.1.1,None,2025-10-02 17h52.26.045718 +0530,
150,v,81,1,20,v,1,0.3577717909938656,None,20,1,81,1,,,,,198.24661612500495,,198.238017709009,198.24661612500495,199.22899800000596,199.22899800000596,199.22899800000596,199.22899800000596,199.23615224999958,200.22771758399904,200.22771758399904,200.58874491701135,v,1,0.3577717909938656,None,,,,,03,001,2025-10-02_17h52.12.683,motor sequence learning,,2025.1.1,None,2025-10-02 17h52.26.045718 +0530,
50,c,82,2,20,c,1,0.5551518330030376,None,20,2,82,2,,,,,200.59792512501008,,200.58919162501115,200.59792512501008,201.58605083399743,201.58605083399743,201.58605083399743,201.58605083399743,201.59355145900918,202.58630041700962,202.58630041700962,203.14426283400098,c,1,0.5551518330030376,None,,,,,03,001,2025-10-02_17h52.12.683,motor sequence learning,,2025.1.1,None,2025-10-02 17h52.26.045718 +0530,
-150,z,83,3,20,z,1,0.40205779200186953,None,20,3,83,3,,,,,203.15391983400332,,203.14459758400335,203.15391983400332,204.14586000000418,204.14586000000418,204.14586000000418,204.14586000000418,204.14586000000418,205.13629770900297,205.13629770900297,205.5438108750095,z,1,0.40205779200186953,None,,,,,03,001,2025-10-02_17h52.12.683,motor sequence learning,,2025.1.1,None,2025-10-02 17h52.26.045718 +0530,
-50,x,84,0,21,x,1,0.33304187399335206,None,21,0,84,0,,,,,205.55271333400742,,205.5441854170058,205.55271333400742,206.54423045901058,206.54423045901058,206.54423045901058,206.54423045901058,206.54423045901058,207.5362603340036,207.5362603340036,207.87151287500456,x,1,0.33304187399335206,None,,,,,03,001,2025-10-02_17h52.12.683,motor sequence learning,,2025.1.1,None,2025-10-02 17h52.26.045718 +0530,
150,v,85,1,21,v,1,0.436513583001215,None,21,1,85,1,,,,,207.87665825001022,,207.87191508400429,207.87665825001022,208.86200900000404,208.86200900000404,208.86200900000404,208.86200900000404,208.86985670900322,209.86176400000113,209.86176400000113,210.30459070899815,v,1,0.436513583001215,None,,,,,03,001,2025-10-02_17h52.12.683,motor sequence learning,,2025.1.1,None,2025-10-02 17h52.26.045718 +0530,
50,c,86,2,21,c,1,0.5167982919956557,None,21,2,86,2,,,,,210.31012312500388,,210.3049267919996,210.31012312500388,211.29558683400683,211.29558683400683,211.29558683400683,211.29558683400683,211.30287237500306,212.29545629200584,212.29545629200584,212.82153341700905,c,1,0.5167982919956557,None,,,,,03,001,2025-10-02_17h52.12.683,motor sequence learning,,2025.1.1,None,2025-10-02 17h52.26.045718 +0530,
-150,z,87,3,21,z,1,0.46148416699725203,None,21,3,87,3,,,,,212.8294949590054,,212.82189554200158,212.8294949590054,213.81330520899792,213.81330520899792,213.81330520899792,213.81330520899792,213.82084645899886,214.81169904200942,214.81169904200942,215.27877499999886,z,1,0.46148416699725203,None,,,,,03,001,2025-10-02_17h52.12.683,motor sequence learning,,2025.1.1,None,2025-10-02 17h52.26.045718 +0530,
-50,x,88,0,22,x,1,0.4007161660119891,None,22,0,88,0,,,,,215.28744620901125,,215.27911179199873,215.28744620901125,216.27970199999982,216.27970199999982,216.27970199999982,216.27970199999982,216.27970199999982,217.26944150000054,217.26944150000054,217.6713123340014,x,1,0.4007161660119891,None,,,,,03,001,2025-10-02_17h52.12.683,motor sequence learning,,2025.1.1,None,2025-10-02 17h52.26.045718 +0530,
150,v,89,1,22,v,1,0.47826849899138324,None,22,1,89,1,,,,,217.6759902920021,,217.67170566700224,217.6759902920021,218.66290795900568,218.66290795900568,218.66290795900568,218.66290795900568,218.670183292008,219.66078779200325,219.66078779200325,220.14434412500123,v,1,0.47826849899138324,None,,,,,03,001,2025-10-02_17h52.12.683,motor sequence learning,,2025.1.1,None,2025-10-02 17h52.26.045718 +0530,
50,c,90,2,22,c,1,0.4157592499977909,None,22,2,90,2,,,,,220.15278391700122,,220.14467883401085,220.15278391700122,221.1460685839993,221.1460685839993,221.1460685839993,221.1460685839993,221.1460685839993,222.13614691700786,222.13614691700786,222.55554379199748,c,1,0.4157592499977909,None,,,,,03,001,2025-10-02_17h52.12.683,motor sequence learning,,2025.1.1,None,2025-10-02 17h52.26.045718 +0530,
-150,z,91,3,22,z,1,0.4878007079969393,None,22,3,91,3,,,,,222.56405254200217,,222.55599241700838,222.56405254200217,223.55419200001052,223.55419200001052,223.55419200001052,223.55419200001052,223.5619987090031,224.55402304200106,224.55402304200106,225.0442502090009,z,1,0.4878007079969393,None,,,,,03,001,2025-10-02_17h52.12.683,motor sequence learning,,2025.1.1,None,2025-10-02 17h52.26.045718 +0530,
-50,x,92,0,23,x,1,0.40841474999615457,None,23,0,92,0,,,,,225.0541677500005,,225.04466787500132,225.0541677500005,226.0451841250033,226.0451841250033,226.0451841250033,226.0451841250033,226.0451841250033,227.03732091700658,227.03732091700658,227.45490970900573,x,1,0.40841474999615457,None,,,,,03,001,2025-10-02_17h52.12.683,motor sequence learning,,2025.1.1,None,2025-10-02 17h52.26.045718 +0530,
150,v,93,1,23,v,1,0.4954035419941647,None,23,1,93,1,,,,,227.4629345840076,,227.455370709009,227.4629345840076,228.44537412500358,228.44537412500358,228.44537412500358,228.44537412500358,228.45291925000492,229.44541966699762,229.44541966699762,229.9446895840083,v,1,0.4954035419941647,None,,,,,03,001,2025-10-02_17h52.12.683,motor sequence learning,,2025.1.1,None,2025-10-02 17h52.26.045718 +0530,
50,c,94,2,23,c,1,0.47558441599539947,None,23,2,94,2,,,,,229.95288070901006,,229.94511683400196,229.95288070901006,230.9461347500037,230.9461347500037,230.9461347500037,230.9461347500037,230.9461347500037,231.94514424999943,231.94514424999943,232.4259719170077,c,1,0.47558441599539947,None,,,,,03,001,2025-10-02_17h52.12.683,motor sequence learning,,2025.1.1,None,2025-10-02 17h52.26.045718 +0530,
-150,z,95,3,23,z,1,0.34116062500106636,None,23,3,95,3,,,,,232.4364826670062,,232.4264138340077,232.4364826670062,233.41953700000886,233.41953700000886,233.41953700000886,233.41953700000886,233.42695529200137,234.4195722919976,234.4195722919976,234.76261650001106,z,1,0.34116062500106636,None,,,,,03,001,2025-10-02_17h52.12.683,motor sequence learning,,2025.1.1,None,2025-10-02 17h52.26.045718 +0530,
-50,x,96,0,24,x,1,0.4048171239992371,None,24,0,96,0,,,,,234.76987283400376,,234.76303654200456,234.76987283400376,235.76326237501053,235.76326237501053,235.76326237501053,235.76326237501053,235.76326237501053,236.76176087500062,236.76176087500062,237.1722343750007,x,1,0.4048171239992371,None,,,,,03,001,2025-10-02_17h52.12.683,motor sequence learning,,2025.1.1,None,2025-10-02 17h52.26.045718 +0530,
150,v,97,1,24,v,1,0.35768587498751003,None,24,1,97,1,,,,,237.18096316700394,,237.17271537501074,237.18096316700394,238.16957137500867,238.16957137500867,238.16957137500867,238.16957137500867,238.1771857499989,239.1709585839999,239.1709585839999,239.53882379199786,v,1,0.35768587498751003,None,,,,,03,001,2025-10-02_17h52.12.683,motor sequence learning,,2025.1.1,None,2025-10-02 17h52.26.045718 +0530,
50,c,98,2,24,c,1,0.3603920419991482,None,24,2,98,2,,,,,239.54725641700497,,239.53925037500449,239.54725641700497,240.5368798749987,240.5368798749987,240.5368798749987,240.5368798749987,240.5444547500083,241.5373366670101,241.5373366670101,241.90497070900165,c,1,0.3603920419991482,None,,,,,03,001,2025-10-02_17h52.12.683,motor sequence learning,,2025.1.1,None,2025-10-02 17h52.26.045718 +0530,
-150,z,99,3,24,z,1,0.5082864580035675,None,24,3,99,3,,,,,241.91294641701097,,241.90539545900538,241.91294641701097,242.89602212500176,242.89602212500176,242.89602212500176,242.89602212500176,242.90305129199987,243.9031580419978,243.9031580419978,244.42209641700902,z,1,0.5082864580035675,None,,,,,03,001,2025-10-02_17h52.12.683,motor sequence learning,,2025.1.1,None,2025-10-02 17h52.26.045718 +0530,
-50,x,100,0,25,x,1,0.4091653329960536,None,25,0,100,0,,,,,244.43056400000933,,244.42251733400917,244.43056400000933,245.42038733400113,245.42038733400113,245.42038733400113,245.42038733400113,245.42804504200467,246.42032666700834,246.42032666700834,246.8378069169994,x,1,0.4091653329960536,None,,,,,03,001,2025-10-02_17h52.12.683,motor sequence learning,,2025.1.1,None,2025-10-02 17h52.26.045718 +0530,
150,v,101,1,25,v,1,0.28783495801326353,None,25,1,101,1,,,,,246.84654841700103,,246.8382361670083,246.84654841700103,247.82853604199772,247.82853604199772,247.82853604199772,247.82853604199772,247.84290454200527,248.83660129200143,248.83660129200143,249.12919283400697,v,1,0.28783495801326353,None,,,,,03,001,2025-10-02_17h52.12.683,motor sequence learning,,2025.1.1,None,2025-10-02 17h52.26.045718 +0530,
50,c,102,2,25,c,1,0.2977564160100883,None,25,2,102,2,,,,,249.15429312500055,,249.12961104200804,249.15429312500055,250.1309733750095,250.1309733750095,250.1309733750095,250.1309733750095,250.17113741701178,251.12759162500151,251.12759162500151,251.42926462501055,c,1,0.2977564160100883,None,,,,,03,001,2025-10-02_17h52.12.683,motor sequence learning,,2025.1.1,None,2025-10-02 17h52.26.045718 +0530,
-150,z,103,3,25,z,1,0.26589500000409316,None,25,3,103,3,,,,,251.43759679200593,,251.42969116700988,251.43759679200593,252.42922975000693,252.42922975000693,252.42922975000693,252.42922975000693,252.42922975000693,253.4284454590088,253.4284454590088,253.69600612499926,z,1,0.26589500000409316,None,,,,,03,001,2025-10-02_17h52.12.683,motor sequence learning,,2025.1.1,None,2025-10-02 17h52.26.045718 +0530,
-50,x,104,0,26,x,1,0.4060130410070997,None,26,0,104,0,,,,,253.7051195420063,,253.69644937499834,253.7051195420063,254.69596495899896,254.69596495899896,254.69596495899896,254.69596495899896,254.69596495899896,255.69428966700798,255.69428966700798,256.1054676670028,x,1,0.4060130410070997,None,,,,,03,001,2025-10-02_17h52.12.683,motor sequence learning,,2025.1.1,None,2025-10-02 17h52.26.045718 +0530,
150,v,105,1,26,v,1,0.33556845800194424,None,26,1,105,1,,,,,256.1138990000036,,256.1058550840098,256.1138990000036,257.1039648750011,257.1039648750011,257.1039648750011,257.1039648750011,257.11143637500936,258.10296324999945,258.10296324999945,258.4447962090053,v,1,0.33556845800194424,None,,,,,03,001,2025-10-02_17h52.12.683,motor sequence learning,,2025.1.1,None,2025-10-02 17h52.26.045718 +0530,
50,c,106,2,26,x,0,0.4689187499898253,None,26,2,106,2,,,,,258.45309395900404,,258.4451903750014,258.45309395900404,259.43676224999945,259.43676224999945,259.43676224999945,259.43676224999945,259.4443172090105,260.4370962920075,260.4370962920075,260.9110976670054,x,0,0.4689187499898253,None,,,,,03,001,2025-10-02_17h52.12.683,motor sequence learning,,2025.1.1,None,2025-10-02 17h52.26.045718 +0530,
-150,z,107,3,26,z,1,0.3184254989901092,None,26,3,107,3,,,,,260.9196278340096,,260.9114323340036,260.9196278340096,261.9122667500051,261.9122667500051,261.9122667500051,261.9122667500051,261.9122667500051,262.90357479199884,262.90357479199884,263.2282762500108,z,1,0.3184254989901092,None,,,,,03,001,2025-10-02_17h52.12.683,motor sequence learning,,2025.1.1,None,2025-10-02 17h52.26.045718 +0530,
-50,x,108,0,27,x,1,0.327582457990502,None,27,0,108,0,,,,,263.2367726670054,,263.2286000000022,263.2367726670054,264.2291194170102,264.2291194170102,264.2291194170102,264.2291194170102,264.2291194170102,265.2283389170043,265.2283389170043,265.5601781669975,x,1,0.327582457990502,None,,,,,03,001,2025-10-02_17h52.12.683,motor sequence learning,,2025.1.1,None,2025-10-02 17h52.26.045718 +0530,
150,v,109,1,27,v,1,0.29937958299706224,None,27,1,109,1,,,,,265.569659959001,,265.56061016699823,265.569659959001,266.55411195900524,266.55411195900524,266.55411195900524,266.55411195900524,266.56155075000424,267.5625698750082,267.5625698750082,267.87114937500155,v,1,0.29937958299706224,None,,,,,03,001,2025-10-02_17h52.12.683,motor sequence learning,,2025.1.1,None,2025-10-02 17h52.26.045718 +0530,
50,c,110,2,27,c,1,0.3306993330043042,None,27,2,110,2,,,,,267.8804108750046,,267.8715736250015,267.8804108750046,268.86259699999937,268.86259699999937,268.86259699999937,268.86259699999937,268.877367167006,269.87125720900076,269.87125720900076,270.2054955420026,c,1,0.3306993330043042,None,,,,,03,001,2025-10-02_17h52.12.683,motor sequence learning,,2025.1.1,None,2025-10-02 17h52.26.045718 +0530,
-150,z,111,3,27,z,1,0.4286354990035761,None,27,3,111,3,,,,,270.2151060000033,,270.2059372920048,270.2151060000033,271.20302141700813,271.20302141700813,271.20302141700813,271.20302141700813,271.21050979199936,272.19530587500776,272.19530587500776,272.6294469590066,z,1,0.4286354990035761,None,,,,,03,001,2025-10-02_17h52.12.683,motor sequence learning,,2025.1.1,None,2025-10-02 17h52.26.045718 +0530,
-50,x,112,0,28,x,1,0.4734399159933673,None,28,0,112,0,,,,,272.6381899590051,,272.6298518750118,272.6381899590051,273.62905662501,273.62905662501,273.62905662501,273.62905662501,273.62905662501,274.6275440419995,274.6275440419995,275.1059691249975,x,1,0.4734399159933673,None,,,,,03,001,2025-10-02_17h52.12.683,motor sequence learning,,2025.1.1,None,2025-10-02 17h52.26.045718 +0530,
150,v,113,1,28,v,1,0.6541435410035774,None,28,1,113,1,,,,,275.115240500003,,275.10643691700534,275.115240500003,276.10307366700727,276.10307366700727,276.10307366700727,276.10307366700727,276.11071729200194,277.1045652920002,277.1045652920002,277.7605783750041,v,1,0.6541435410035774,None,,,,,03,001,2025-10-02_17h52.12.683,motor sequence learning,,2025.1.1,None,2025-10-02 17h52.26.045718 +0530,
50,c,114,2,28,c,1,0.4324853739963146,None,28,2,114,2,,,,,277.7696987500094,,277.7609479590028,277.7696987500094,278.75337712500186,278.75337712500186,278.75337712500186,278.75337712500186,278.7608746670012,279.75421641700086,279.75421641700086,280.1889750420087,c,1,0.4324853739963146,None,,,,,03,001,2025-10-02_17h52.12.683,motor sequence learning,,2025.1.1,None,2025-10-02 17h52.26.045718 +0530,
-150,z,115,3,28,z,1,0.410887707999791,None,28,3,115,3,,,,,280.197825167008,,280.18941812501,280.197825167008,281.1875296670041,281.1875296670041,281.1875296670041,281.1875296670041,281.19519258401124,282.1878444169997,282.1878444169997,282.6044567920035,z,1,0.410887707999791,None,,,,,03,001,2025-10-02_17h52.12.683,motor sequence learning,,2025.1.1,None,2025-10-02 17h52.26.045718 +0530,
-50,x,116,0,29,x,1,0.50950849999208,None,29,0,116,0,,,,,282.6105349170102,,282.60479670899804,282.6105349170102,283.5956328750035,283.5956328750035,283.5956328750035,283.5956328750035,283.60309758401127,284.59504712501075,284.59504712501075,285.11042462500336,x,1,0.50950849999208,None,,,,,03,001,2025-10-02_17h52.12.683,motor sequence learning,,2025.1.1,None,2025-10-02 17h52.26.045718 +0530,
150,v,117,1,29,v,1,0.7324605000030715,None,29,1,117,1,,,,,285.1198574590089,,285.1107568340085,285.1198574590089,286.1044070000062,286.1044070000062,286.1044070000062,286.1044070000062,286.1122193339979,287.10303104200284,287.10303104200284,287.8378088340105,v,1,0.7324605000030715,None,,,,,03,001,2025-10-02_17h52.12.683,motor sequence learning,,2025.1.1,None,2025-10-02 17h52.26.045718 +0530,
50,c,118,2,29,c,1,0.4799389989930205,None,29,2,118,2,,,,,287.84322424999846,,287.8382348340092,287.84322424999846,288.8301293750119,288.8301293750119,288.8301293750119,288.8301293750119,288.8377204999997,289.82859254200594,289.82859254200594,290.31292645900976,c,1,0.4799389989930205,None,,,,,03,001,2025-10-02_17h52.12.683,motor sequence learning,,2025.1.1,None,2025-10-02 17h52.26.045718 +0530,
-150,z,119,3,29,x,0,0.5040131240093615,None,29,3,119,3,,,,,290.3211109999975,,290.3133664170018,290.3211109999975,291.3132480839995,291.3132480839995,291.3132480839995,291.3132480839995,291.3132480839995,292.3123199170077,292.3123199170077,292.82055716701143,x,0,0.5040131240093615,None,,,,,03,001,2025-10-02_17h52.12.683,motor sequence learning,,2025.1.1,None,2025-10-02 17h52.26.045718 +0530,
-50,x,120,0,30,x,1,0.8698302080010762,None,30,0,120,0,,,,,292.8277461250109,,292.8208666670107,292.8277461250109,293.8129795840068,293.8129795840068,293.8129795840068,293.8129795840068,293.82025170901034,294.81243829200685,294.81243829200685,295.6891547090054,x,1,0.8698302080010762,None,,,,,03,001,2025-10-02_17h52.12.683,motor sequence learning,,2025.1.1,None,2025-10-02 17h52.26.045718 +0530,
150,v,121,1,30,v,1,2.454578666991438,None,30,1,121,1,,,,,295.6984635000117,,295.68958379200194,295.6984635000117,296.6870846670063,296.6870846670063,296.6870846670063,296.6870846670063,296.6949190840096,297.68667424999876,297.68667424999876,300.1449485839985,v,1,2.454578666991438,None,,,,,03,001,2025-10-02_17h52.12.683,motor sequence learning,,2025.1.1,None,2025-10-02 17h52.26.045718 +0530,
50,c,122,2,30,c,1,0.45397191600932274,None,30,2,122,2,,,,,300.1533307089994,,300.1453201250115,300.1533307089994,301.144358000005,301.144358000005,301.144358000005,301.144358000005,301.144358000005,302.1452997090091,302.1452997090091,302.6050930000056,c,1,0.45397191600932274,None,,,,,03,001,2025-10-02_17h52.12.683,motor sequence learning,,2025.1.1,None,2025-10-02 17h52.26.045718 +0530,
-150,z,123,3,30,z,1,0.4544628740113694,None,30,3,123,3,,,,,302.6093880420085,,302.60540891700657,302.6093880420085,303.59600062500976,303.59600062500976,303.59600062500976,303.59600062500976,303.60327220900217,304.5956910840032,304.5956910840032,305.0560192499979,z,1,0.4544628740113694,None,,,,,03,001,2025-10-02_17h52.12.683,motor sequence learning,,2025.1.1,None,2025-10-02 17h52.26.045718 +0530,
-50,x,124,0,31,x,1,0.39491070799704175,None,31,0,124,0,,,,,305.0652565000055,,305.0564568749978,305.0652565000055,306.0532309170085,306.0532309170085,306.0532309170085,306.0532309170085,306.06064454199804,307.05314254200493,307.05314254200493,307.4552865000005,x,1,0.39491070799704175,None,,,,,03,001,2025-10-02_17h52.12.683,motor sequence learning,,2025.1.1,None,2025-10-02 17h52.26.045718 +0530,
150,v,125,1,31,v,1,0.5307067920075497,None,31,1,125,1,,,,,307.46366929200303,,307.45567900000606,307.46366929200303,308.44795950000116,308.44795950000116,308.44795950000116,308.44795950000116,308.45621258400206,309.454293458999,309.454293458999,309.98944958399807,v,1,0.5307067920075497,None,,,,,03,001,2025-10-02_17h52.12.683,motor sequence learning,,2025.1.1,None,2025-10-02 17h52.26.045718 +0530,
50,c,126,2,31,c,1,0.7568634580093203,None,31,2,126,2,,,,,309.99848279199796,,309.9898855000065,309.99848279199796,310.9866488340049,310.9866488340049,310.9866488340049,310.9866488340049,310.9942412090022,311.9880668340047,311.9880668340047,312.74608620900835,c,1,0.7568634580093203,None,,,,,03,001,2025-10-02_17h52.12.683,motor sequence learning,,2025.1.1,None,2025-10-02 17h52.26.045718 +0530,
-150,z,127,3,31,z,1,0.497786082996754,None,31,3,127,3,,,,,312.753412792008,,312.7465024999983,312.753412792008,313.7459066250012,313.7459066250012,313.7459066250012,313.7459066250012,313.7459066250012,314.7451717090007,314.7451717090007,315.24447375000454,z,1,0.497786082996754,None,,,,,03,001,2025-10-02_17h52.12.683,motor sequence learning,,2025.1.1,None,2025-10-02 17h52.26.045718 +0530,
-50,x,128,0,32,x,1,0.5303322490071878,None,32,0,128,0,,,,,315.2530720420036,,315.2448145840026,315.2530720420036,316.23694420899847,316.23694420899847,316.23694420899847,316.23694420899847,316.24483616701036,317.23758470900066,317.23758470900066,317.77184612500423,x,1,0.5303322490071878,None,,,,,03,001,2025-10-02_17h52.12.683,motor sequence learning,,2025.1.1,None,2025-10-02 17h52.26.045718 +0530,
150,v,129,1,32,v,1,0.5755209580092924,None,32,1,129,1,,,,,317.77668837500096,,317.77224400000705,317.77668837500096,318.76323875000526,318.76323875000526,318.76323875000526,318.76323875000526,318.77040316700004,319.7622624170035,319.7622624170035,320.3436952089978,v,1,0.5755209580092924,None,,,,,03,001,2025-10-02_17h52.12.683,motor sequence learning,,2025.1.1,None,2025-10-02 17h52.26.045718 +0530,
50,c,130,2,32,c,1,0.4648702910053544,None,32,2,130,2,,,,,320.35325600000215,,320.34403833400575,320.35325600000215,321.3378552089998,321.3378552089998,321.3378552089998,321.3378552089998,321.344416500011,322.33694233400456,322.33694233400456,322.8042657920014,c,1,0.4648702910053544,None,,,,,03,001,2025-10-02_17h52.12.683,motor sequence learning,,2025.1.1,None,2025-10-02 17h52.26.045718 +0530,
-150,z,131,3,32,z,1,0.33177449900540523,None,32,3,131,3,,,,,322.80908412500867,,322.8046056250023,322.80908412500867,323.7975187920092,323.7975187920092,323.7975187920092,323.7975187920092,323.80527120899933,324.79595075000543,324.79595075000543,325.13867454200226,z,1,0.33177449900540523,None,,,,,03,001,2025-10-02_17h52.12.683,motor sequence learning,,2025.1.1,None,2025-10-02 17h52.26.045718 +0530,
-50,x,132,0,33,x,1,0.6763797490129946,None,33,0,132,0,,,,,325.1467564589984,,325.1390942500002,325.1467564589984,326.12991191699984,326.12991191699984,326.12991191699984,326.12991191699984,326.13701745899743,327.13725949999935,327.13725949999935,327.8226773339993,x,1,0.6763797490129946,None,,,,,03,001,2025-10-02_17h52.12.683,motor sequence learning,,2025.1.1,None,2025-10-02 17h52.26.045718 +0530,
150,v,133,1,33,v,1,0.7083214580052299,None,33,1,133,1,,,,,327.83110229200975,,327.8231155000103,327.83110229200975,328.82001179200597,328.82001179200597,328.82001179200597,328.82001179200597,328.82736341700365,329.8213444590074,329.8213444590074,330.5390142920078,v,1,0.7083214580052299,None,,,,,03,001,2025-10-02_17h52.12.683,motor sequence learning,,2025.1.1,None,2025-10-02 17h52.26.045718 +0530,
50,c,134,2,33,c,1,0.5851277920010034,None,33,2,134,2,,,,,330.547382417004,,330.53944112500176,330.547382417004,331.5366829170089,331.5366829170089,331.5366829170089,331.5366829170089,331.5440998749982,332.5285265840066,332.5285265840066,333.1220569170109,c,1,0.5851277920010034,None,,,,,03,001,2025-10-02_17h52.12.683,motor sequence learning,,2025.1.1,None,2025-10-02 17h52.26.045718 +0530,
-150,z,135,3,33,z,1,0.831560457998421,None,33,3,135,3,,,,,333.13036291699973,,333.1224889590085,333.13036291699973,334.1127126250067,334.1127126250067,334.1127126250067,334.1127126250067,334.12002458400093,335.12096333400405,335.12096333400405,335.9553818340064,z,1,0.831560457998421,None,,,,,03,001,2025-10-02_17h52.12.683,motor sequence learning,,2025.1.1,None,2025-10-02 17h52.26.045718 +0530,
-50,x,136,0,34,x,1,0.5430904579989146,None,34,0,136,0,,,,,335.95965366699966,,335.9557109590096,335.95965366699966,336.9475060420082,336.9475060420082,336.9475060420082,336.9475060420082,336.9556498340098,337.94525187500403,337.94525187500403,338.4992562920088,x,1,0.5430904579989146,None,,,,,03,001,2025-10-02_17h52.12.683,motor sequence learning,,2025.1.1,None,2025-10-02 17h52.26.045718 +0530,
150,v,137,1,34,v,1,0.48029816600319464,None,34,1,137,1,,,,,338.5046642500092,,338.49962162500015,338.5046642500092,339.49608412499947,339.49608412499947,339.49608412499947,339.49608412499947,339.49608412499947,340.49598866701126,340.49598866701126,340.97968762500386,v,1,0.48029816600319464,None,,,,,03,001,2025-10-02_17h52.12.683,motor sequence learning,,2025.1.1,None,2025-10-02 17h52.26.045718 +0530,
50,c,138,2,34,c,1,0.46704000000318047,None,34,2,138,2,,,,,340.98865966701123,,340.9801201250084,340.98865966701123,341.9803572920064,341.9803572920064,341.9803572920064,341.9803572920064,341.9803572920064,342.97817320900504,342.97817320900504,343.44647354200424,c,1,0.46704000000318047,None,,,,,03,001,2025-10-02_17h52.12.683,motor sequence learning,,2025.1.1,None,2025-10-02 17h52.26.045718 +0530,
-150,z,139,3,34,z,1,0.6675209580134833,None,34,3,139,3,,,,,343.45555562499794,,343.4468802920019,343.45555562499794,344.4467505000066,344.4467505000066,344.4467505000066,344.4467505000066,344.4467505000066,345.44578908399853,345.44578908399853,346.1225162089977,z,1,0.6675209580134833,None,,,,,03,001,2025-10-02_17h52.12.683,motor sequence learning,,2025.1.1,None,2025-10-02 17h52.26.045718 +0530,
-50,x,140,0,35,x,1,0.5274680000002263,None,35,0,140,0,,,,,346.130849417008,,346.12296579200483,346.130849417008,347.12120016700646,347.12120016700646,347.12120016700646,347.12120016700646,347.1289647500089,348.11271616700105,348.11271616700105,348.64638687499973,x,1,0.5274680000002263,None,,,,,03,001,2025-10-02_17h52.12.683,motor sequence learning,,2025.1.1,None,2025-10-02 17h52.26.045718 +0530,
150,v,141,1,35,v,1,0.5535100830020383,None,35,1,141,1,,,,,348.65498762500647,,348.6468385000044,348.65498762500647,349.6469028749998,349.6469028749998,349.6469028749998,349.6469028749998,349.6469028749998,350.6456593340117,350.6456593340117,351.2057544999989,v,1,0.5535100830020383,None,,,,,03,001,2025-10-02_17h52.12.683,motor sequence learning,,2025.1.1,None,2025-10-02 17h52.26.045718 +0530,
50,c,142,2,35,x,0,0.6207215830072528,None,35,2,142,2,,,,,351.2147221250052,,351.2062920419994,351.2147221250052,352.20443816699844,352.20443816699844,352.20443816699844,352.20443816699844,352.21111025000573,353.20435983400967,353.20435983400967,353.82923524999933,x,0,0.6207215830072528,None,,,,,03,001,2025-10-02_17h52.12.683,motor sequence learning,,2025.1.1,None,2025-10-02 17h52.26.045718 +0530,
-150,z,143,3,35,z,1,0.3128425829927437,None,35,3,143,3,,,,,353.8366346670082,,353.8295911250025,353.8366346670082,354.8297184999974,354.8297184999974,354.8297184999974,354.8297184999974,354.8297184999974,355.8291007920052,355.8291007920052,356.1450482500077,z,1,0.3128425829927437,None,,,,,03,001,2025-10-02_17h52.12.683,motor sequence learning,,2025.1.1,None,2025-10-02 17h52.26.045718 +0530,
-50,x,144,0,36,x,1,0.49005158299405593,None,36,0,144,0,,,,,356.15362783400633,,356.14541883399943,356.15362783400633,357.147110417005,357.147110417005,357.147110417005,357.147110417005,357.147110417005,358.1368694999983,358.1368694999983,358.6289406670112,x,1,0.49005158299405593,None,,,,,03,001,2025-10-02_17h52.12.683,motor sequence learning,,2025.1.1,None,2025-10-02 17h52.26.045718 +0530,
150,v,145,1,36,v,1,0.6888937920011813,None,36,1,145,1,,,,,358.6381856250082,,358.62937795900507,358.6381856250082,359.6309142090031,359.6309142090031,359.6309142090031,359.6309142090031,359.6309142090031,360.6200162090099,360.6200162090099,361.31084674999875,v,1,0.6888937920011813,None,,,,,03,001,2025-10-02_17h52.12.683,motor sequence learning,,2025.1.1,None,2025-10-02 17h52.26.045718 +0530,
50,c,146,2,36,c,1,0.971992415987188,None,36,2,146,2,,,,,361.3199528749974,,361.3111865420069,361.3199528749974,362.30409812500875,362.30409812500875,362.30409812500875,362.30409812500875,362.31192966700473,363.30480470899784,363.30480470899784,364.2795552919997,c,1,0.971992415987188,None,,,,,03,001,2025-10-02_17h52.12.683,motor sequence learning,,2025.1.1,None,2025-10-02 17h52.26.045718 +0530,
-150,z,147,3,36,z,1,0.36678854101046454,None,36,3,147,3,,,,,364.28851062500325,,364.2799938750104,364.28851062500325,365.28106004200527,365.28106004200527,365.28106004200527,365.28106004200527,365.28106004200527,366.27811108400056,366.27811108400056,366.64643808400433,z,1,0.36678854101046454,None,,,,,03,001,2025-10-02_17h52.12.683,motor sequence learning,,2025.1.1,None,2025-10-02 17h52.26.045718 +0530,
-50,x,148,0,37,x,1,0.6604082080011722,None,37,0,148,0,,,,,366.6557450840046,,366.646833042003,366.6557450840046,367.64648812499945,367.64648812499945,367.64648812499945,367.64648812499945,367.65353250000044,368.6461875840032,368.6461875840032,369.3120783750055,x,1,0.6604082080011722,None,,,,,03,001,2025-10-02_17h52.12.683,motor sequence learning,,2025.1.1,None,2025-10-02 17h52.26.045718 +0530,
150,v,149,1,37,v,1,0.591166708007222,None,37,1,149,1,,,,,369.32069287500053,,369.31245100000524,369.32069287500053,370.31251858400356,370.31251858400356,370.31251858400356,370.31251858400356,370.31251858400356,371.3115488340118,371.3115488340118,371.9043915420043,v,1,0.591166708007222,None,,,,,03,001,2025-10-02_17h52.12.683,motor sequence learning,,2025.1.1,None,2025-10-02 17h52.26.045718 +0530,
50,c,150,2,37,c,1,0.6099177919968497,None,37,2,150,2,,,,,371.91046783400816,,371.9047797920066,371.91046783400816,372.89581291700597,372.89581291700597,372.89581291700597,372.89581291700597,372.9033666670002,373.89375966700027,373.89375966700027,374.50608125000144,c,1,0.6099177919968497,None,,,,,03,001,2025-10-02_17h52.12.683,motor sequence learning,,2025.1.1,None,2025-10-02 17h52.26.045718 +0530,
-150,z,151,3,37,z,1,0.4777131239970913,None,37,3,151,3,,,,,374.5106550420023,,374.5065913750004,374.5106550420023,375.5035949169978,375.5035949169978,375.5035949169978,375.5035949169978,375.5035949169978,376.50488175000646,376.50488175000646,376.9892888750037,z,1,0.4777131239970913,None,,,,,03,001,2025-10-02_17h52.12.683,motor sequence learning,,2025.1.1,None,2025-10-02 17h52.26.045718 +0530,
-50,x,152,0,38,x,1,0.4887023330084048,None,38,0,152,0,,,,,376.99791299999924,,376.9896394170064,376.99791299999924,377.9867622919992,377.9867622919992,377.9867622919992,377.9867622919992,377.9943610000046,378.98770366700774,378.98770366700774,379.4800059170084,x,1,0.4887023330084048,None,,,,,03,001,2025-10-02_17h52.12.683,motor sequence learning,,2025.1.1,None,2025-10-02 17h52.26.045718 +0530,
150,v,153,1,38,v,1,0.6005466670030728,None,38,1,153,1,,,,,379.50489758400363,,379.48046616700594,379.50489758400363,380.4804324170109,380.4804324170109,380.4804324170109,380.4804324170109,380.49544391701056,381.4789612500026,381.4789612500026,382.08960416700575,v,1,0.6005466670030728,None,,,,,03,001,2025-10-02_17h52.12.683,motor sequence learning,,2025.1.1,None,2025-10-02 17h52.26.045718 +0530,
50,c,154,2,38,c,1,0.4411335410113679,None,38,2,154,2,,,,,382.09787804201187,,382.09000675000425,382.09787804201187,383.086821667006,383.086821667006,383.086821667006,383.086821667006,383.0941799170105,384.0883100420033,384.0883100420033,384.53852450000704,c,1,0.4411335410113679,None,,,,,03,001,2025-10-02_17h52.12.683,motor sequence learning,,2025.1.1,None,2025-10-02 17h52.26.045718 +0530,
-150,z,155,3,38,z,1,0.5412369160039816,None,38,3,155,3,,,,,384.54725662501005,,384.5389469590009,384.54725662501005,385.53035391699814,385.53035391699814,385.53035391699814,385.53035391699814,385.53836666700954,386.5380855000112,386.5380855000112,387.0891268749983,z,1,0.5412369160039816,None,,,,,03,001,2025-10-02_17h52.12.683,motor sequence learning,,2025.1.1,None,2025-10-02 17h52.26.045718 +0530,
-50,x,156,0,39,x,1,0.61944779100304,None,39,0,156,0,,,,,387.09809608400974,,387.08952137500455,387.09809608400974,388.0870567920065,388.0870567920065,388.0870567920065,388.0870567920065,388.0948812090064,389.0878012920002,389.0878012920002,389.7122097500105,x,1,0.61944779100304,None,,,,,03,001,2025-10-02_17h52.12.683,motor sequence learning,,2025.1.1,None,2025-10-02 17h52.26.045718 +0530,
150,v,157,1,39,v,1,0.6830680420098361,None,39,1,157,1,,,,,389.72054025001125,,389.7125654170086,389.72054025001125,390.71207104199857,390.71207104199857,390.71207104199857,390.71207104199857,390.71207104199857,391.711763875006,391.711763875006,392.4059457090043,v,1,0.6830680420098361,None,,,,,03,001,2025-10-02_17h52.12.683,motor sequence learning,,2025.1.1,None,2025-10-02 17h52.26.045718 +0530,
50,c,158,2,39,c,1,2.504951124996296,None,39,2,158,2,,,,,392.4147085000004,,392.40642641700106,392.4147085000004,393.4046785840037,393.4046785840037,393.4046785840037,393.4046785840037,393.41191525000613,394.3961222920043,394.3961222920043,396.9061192920053,c,1,2.504951124996296,None,,,,,03,001,2025-10-02_17h52.12.683,motor sequence learning,,2025.1.1,None,2025-10-02 17h52.26.045718 +0530,
-150,z,159,3,39,z,1,0.7751015000103507,None,39,3,159,3,,,,,396.91512691701064,,396.90655883400177,396.91512691701064,397.90494854201097,397.90494854201097,397.90494854201097,397.90494854201097,397.913433624999,398.9050212500006,398.9050212500006,399.688111209005,z,1,0.7751015000103507,None,,,,,03,001,2025-10-02_17h52.12.683,motor sequence learning,,2025.1.1,None,2025-10-02 17h52.26.045718 +0530,
-50,x,160,0,40,x,1,0.5295463749935152,None,40,0,160,0,,,,,399.697222458999,,399.6885651670018,399.697222458999,400.6803216670087,400.6803216670087,400.6803216670087,400.6803216670087,400.6875480000017,401.6795213340083,401.6795213340083,402.21358112500457,x,1,0.5295463749935152,None,,,,,03,001,2025-10-02_17h52.12.683,motor sequence learning,,2025.1.1,None,2025-10-02 17h52.26.045718 +0530,
150,v,161,1,40,v,1,0.571572583008674,None,40,1,161,1,,,,,402.2224317920045,,402.21397866700136,402.2224317920045,403.2139227500011,403.2139227500011,403.2139227500011,403.2139227500011,403.2139227500011,404.2113030420005,404.2113030420005,404.7897037090006,v,1,0.571572583008674,None,,,,,03,001,2025-10-02_17h52.12.683,motor sequence learning,,2025.1.1,None,2025-10-02 17h52.26.045718 +0530,
50,c,162,2,40,c,1,0.4649974579951959,None,40,2,162,2,,,,,404.7978987920069,,404.79012916699867,404.7978987920069,405.7883096250007,405.7883096250007,405.7883096250007,405.7883096250007,405.79623283400724,406.7879428340093,406.7879428340093,407.2556070420105,c,1,0.4649974579951959,None,,,,,03,001,2025-10-02_17h52.12.683,motor sequence learning,,2025.1.1,None,2025-10-02 17h52.26.045718 +0530,
-150,z,163,3,40,z,1,0.5685773330042139,None,40,3,163,3,,,,,407.26005437500135,,407.25595687500027,407.26005437500135,408.24588875001064,408.24588875001064,408.24588875001064,408.24588875001064,408.25358116700954,409.2542911250057,409.2542911250057,409.8295183750015,z,1,0.5685773330042139,None,,,,,03,001,2025-10-02_17h52.12.683,motor sequence learning,,2025.1.1,None,2025-10-02 17h52.26.045718 +0530,
-50,x,164,0,41,x,1,0.4737090409907978,None,41,0,164,0,,,,,409.83900695900957,,409.8299480840069,409.83900695900957,410.8295245000045,410.8295245000045,410.8295245000045,410.8295245000045,410.8295245000045,411.8291369170038,411.8291369170038,412.30599158399855,x,1,0.4737090409907978,None,,,,,03,001,2025-10-02_17h52.12.683,motor sequence learning,,2025.1.1,None,2025-10-02 17h52.26.045718 +0530,
150,v,165,1,41,v,1,0.5415204580058344,None,41,1,165,1,,,,,412.3114263340103,,412.3065088340081,412.3114263340103,413.3050367500109,413.3050367500109,413.3050367500109,413.3050367500109,413.3137212090078,414.30508154199924,414.30508154199924,414.85560516700207,v,1,0.5415204580058344,None,,,,,03,001,2025-10-02_17h52.12.683,motor sequence learning,,2025.1.1,None,2025-10-02 17h52.26.045718 +0530,
50,c,166,2,41,c,1,0.39180091601156164,None,41,2,166,2,,,,,414.8640188749996,,414.85600404199795,414.8640188749996,415.8477706249978,415.8477706249978,415.8477706249978,415.8477706249978,415.855380042005,416.8458756250038,416.8458756250038,417.2389106670016,c,1,0.39180091601156164,None,,,,,03,001,2025-10-02_17h52.12.683,motor sequence learning,,2025.1.1,None,2025-10-02 17h52.26.045718 +0530,
-150,z,167,3,41,z,1,0.4103801250021206,None,41,3,167,3,,,,,417.24719904200174,,417.23931720900873,417.24719904200174,418.2308113750041,418.2308113750041,418.2308113750041,418.2308113750041,418.23855962500966,419.2292165000108,419.2292165000108,419.64483979200304,z,1,0.4103801250021206,None,,,,,03,001,2025-10-02_17h52.12.683,motor sequence learning,,2025.1.1,None,2025-10-02 17h52.26.045718 +0530,
-50,x,168,0,42,x,1,0.5526962489966536,None,42,0,168,0,,,,,419.65354741700867,,419.64518804200634,419.65354741700867,420.63805204200617,420.63805204200617,420.63805204200617,420.63805204200617,420.64563754200935,421.6369333340117,421.6369333340117,422.1946213750052,x,1,0.5526962489966536,None,,,,,03,001,2025-10-02_17h52.12.683,motor sequence learning,,2025.1.1,None,2025-10-02 17h52.26.045718 +0530,
150,v,169,1,42,v,1,0.39336233300855383,None,42,1,169,1,,,,,422.2037012090004,,422.1949341670115,422.2037012090004,423.18695445900084,423.18695445900084,423.18695445900084,423.18695445900084,423.1944217499986,424.1880495420046,424.1880495420046,424.58894537499873,v,1,0.39336233300855383,None,,,,,03,001,2025-10-02_17h52.12.683,motor sequence learning,,2025.1.1,None,2025-10-02 17h52.26.045718 +0530,
50,c,170,2,42,c,1,0.3503688329947181,None,42,2,170,2,,,,,424.596790584008,,424.5893215420074,424.596790584008,425.57922716700705,425.57922716700705,425.57922716700705,425.57922716700705,425.586961375011,426.58802820900746,426.58802820900746,426.94489454200084,c,1,0.3503688329947181,None,,,,,03,001,2025-10-02_17h52.12.683,motor sequence learning,,2025.1.1,None,2025-10-02 17h52.26.045718 +0530,
-150,z,171,3,42,z,1,0.34726258300361224,None,42,3,171,3,,,,,426.9536603340093,,426.9452665840072,426.9536603340093,427.945659917008,427.945659917008,427.945659917008,427.945659917008,427.945659917008,428.93720441700134,428.93720441700134,429.2894656670105,z,1,0.34726258300361224,None,,,,,03,001,2025-10-02_17h52.12.683,motor sequence learning,,2025.1.1,None,2025-10-02 17h52.26.045718 +0530,
-50,x,172,0,43,x,1,0.5444322080002166,None,43,0,172,0,,,,,429.29863087501144,,429.28990537500067,429.29863087501144,430.28784762500436,430.28784762500436,430.28784762500436,430.28784762500436,430.2952803340013,431.2879307090043,431.2879307090043,431.83936229199753,x,1,0.5444322080002166,None,,,,,03,001,2025-10-02_17h52.12.683,motor sequence learning,,2025.1.1,None,2025-10-02 17h52.26.045718 +0530,
150,v,173,1,43,v,1,0.4960726659919601,None,43,1,173,1,,,,,431.84731458401075,,431.8397851250047,431.84731458401075,432.8370771250047,432.8370771250047,432.8370771250047,432.8370771250047,432.84465604199795,433.8292454170005,433.8292454170005,434.329942167009,v,1,0.4960726659919601,None,,,,,03,001,2025-10-02_17h52.12.683,motor sequence learning,,2025.1.1,None,2025-10-02 17h52.26.045718 +0530,
50,c,174,2,43,c,1,0.3993953750032233,None,43,2,174,2,,,,,434.33875108401116,,434.33032962500874,434.33875108401116,435.32973370900436,435.32973370900436,435.32973370900436,435.32973370900436,435.32973370900436,436.32890237501124,436.32890237501124,436.7297494170052,c,1,0.3993953750032233,None,,,,,03,001,2025-10-02_17h52.12.683,motor sequence learning,,2025.1.1,None,2025-10-02 17h52.26.045718 +0530,
-150,z,175,3,43,z,1,0.4479816240054788,None,43,3,175,3,,,,,436.7374545000057,,436.73014595900895,436.7374545000057,437.73019433399895,437.73019433399895,437.73019433399895,437.73019433399895,437.73019433399895,438.72025337500963,438.72025337500963,439.17337816700456,z,1,0.4479816240054788,None,,,,,03,001,2025-10-02_17h52.12.683,motor sequence learning,,2025.1.1,None,2025-10-02 17h52.26.045718 +0530,
-50,x,176,0,44,x,1,0.35038579200045206,None,44,0,176,0,,,,,439.18292150000343,,439.17382354200527,439.18292150000343,440.1717042090022,440.1717042090022,440.1717042090022,440.1717042090022,440.17917975000455,441.1707150000002,441.1707150000002,441.5231977920048,x,1,0.35038579200045206,None,,,,,03,001,2025-10-02_17h52.12.683,motor sequence learning,,2025.1.1,None,2025-10-02 17h52.26.045718 +0530,
150,v,177,1,44,v,1,0.4946084580005845,None,44,1,177,1,,,,,441.5319802919985,,441.52366370899836,441.5319802919985,442.5218237090012,442.5218237090012,442.5218237090012,442.5218237090012,442.5297392920038,443.52137237500574,443.52137237500574,444.0227214589977,v,1,0.4946084580005845,None,,,,,03,001,2025-10-02_17h52.12.683,motor sequence learning,,2025.1.1,None,2025-10-02 17h52.26.045718 +0530,
50,c,178,2,44,c,1,0.47013950000109617,None,44,2,178,2,,,,,444.0302204590116,,444.0230578339979,444.0302204590116,445.02112354199926,445.02112354199926,445.02112354199926,445.02112354199926,445.0288717920048,446.0219268750079,446.0219268750079,446.4961732090014,c,1,0.47013950000109617,None,,,,,03,001,2025-10-02_17h52.12.683,motor sequence learning,,2025.1.1,None,2025-10-02 17h52.26.045718 +0530,
-150,z,179,3,44,z,1,0.3821210830064956,None,44,3,179,3,,,,,446.5048142500018,,446.4966077499994,446.5048142500018,447.4962210000085,447.4962210000085,447.4962210000085,447.4962210000085,447.4962210000085,448.49592549999943,448.49592549999943,448.8799674590118,z,1,0.3821210830064956,None,,,,,03,001,2025-10-02_17h52.12.683,motor sequence learning,,2025.1.1,None,2025-10-02 17h52.26.045718 +0530,
-50,x,180,0,45,x,1,0.37289345799945295,None,45,0,180,0,,,,,448.88804425000853,,448.8803737499984,448.88804425000853,449.87916883399885,449.87916883399885,449.87916883399885,449.87916883399885,449.87916883399885,450.8790259590023,450.8790259590023,451.25537691700447,x,1,0.37289345799945295,None,,,,,03,001,2025-10-02_17h52.12.683,motor sequence learning,,2025.1.1,None,2025-10-02 17h52.26.045718 +0530,
150,v,181,1,45,v,1,0.5267791240039514,None,45,1,181,1,,,,,451.2642701250006,,451.25580904200615,451.2642701250006,452.24736649999977,452.24736649999977,452.24736649999977,452.24736649999977,452.2549490000092,453.246384625003,453.246384625003,453.77788729200256,v,1,0.5267791240039514,None,,,,,03,001,2025-10-02_17h52.12.683,motor sequence learning,,2025.1.1,None,2025-10-02 17h52.26.045718 +0530,
50,c,182,2,45,c,1,0.2741302079957677,None,45,2,182,2,,,,,453.78704429201025,,453.7783102090034,453.78704429201025,454.78028137500223,454.78028137500223,454.78028137500223,454.78028137500223,454.78028137500223,455.7796910840116,455.7796910840116,456.0556002920057,c,1,0.2741302079957677,None,,,,,03,001,2025-10-02_17h52.12.683,motor sequence learning,,2025.1.1,None,2025-10-02 17h52.26.045718 +0530,
-150,z,183,3,45,z,1,0.5983307489950676,None,45,3,183,3,,,,,456.0608637500118,,456.05602729199745,456.0608637500118,457.0474202500045,457.0474202500045,457.0474202500045,457.0474202500045,457.054963417002,458.04447100000107,458.04447100000107,458.64668329199776,z,1,0.5983307489950676,None,,,,,03,001,2025-10-02_17h52.12.683,motor sequence learning,,2025.1.1,None,2025-10-02 17h52.26.045718 +0530,
-50,x,184,0,46,x,1,0.5655389580060728,None,46,0,184,0,,,,,458.6553335839999,,458.6470769170119,458.6553335839999,459.6479003340064,459.6479003340064,459.6479003340064,459.6479003340064,459.6479003340064,460.6461691669974,460.6461691669974,461.2229547090101,x,1,0.5655389580060728,None,,,,,03,001,2025-10-02_17h52.12.683,motor sequence learning,,2025.1.1,None,2025-10-02 17h52.26.045718 +0530,
150,v,185,1,46,v,1,0.4782244990055915,None,46,1,185,1,,,,,461.23148108400346,,461.22339945900603,461.23148108400346,462.22058962500887,462.22058962500887,462.22058962500887,462.22058962500887,462.2281506250001,463.22151000000304,463.22151000000304,463.7045457089989,v,1,0.4782244990055915,None,,,,,03,001,2025-10-02_17h52.12.683,motor sequence learning,,2025.1.1,None,2025-10-02 17h52.26.045718 +0530,
50,c,186,2,46,c,1,0.3264934579929104,None,46,2,186,2,,,,,463.71008395899844,,463.704877791999,463.71008395899844,464.69764920900343,464.69764920900343,464.69764920900343,464.69764920900343,464.7049972090026,465.69610558400746,465.69610558400746,466.02962754201144,c,1,0.3264934579929104,None,,,,,03,001,2025-10-02_17h52.12.683,motor sequence learning,,2025.1.1,None,2025-10-02 17h52.26.045718 +0530,
-150,z,187,3,46,z,1,0.5789712499972666,None,46,3,187,3,,,,,466.03823329199804,,466.03005670900166,466.03823329199804,467.0298100000073,467.0298100000073,467.0298100000073,467.0298100000073,467.0298100000073,468.0294604170049,468.0294604170049,468.6138783750066,z,1,0.5789712499972666,None,,,,,03,001,2025-10-02_17h52.12.683,motor sequence learning,,2025.1.1,None,2025-10-02 17h52.26.045718 +0530,
-50,x,188,0,47,x,1,0.26096920800046064,None,47,0,188,0,,,,,468.63827599999786,,468.61432533399784,468.63827599999786,469.6144217500114,469.6144217500114,469.6144217500114,469.6144217500114,469.62941112500266,470.61356454199995,470.61356454199995,470.8800594170025,x,1,0.26096920800046064,None,,,,,03,001,2025-10-02_17h52.12.683,motor sequence learning,,2025.1.1,None,2025-10-02 17h52.26.045718 +0530,
150,v,189,1,47,v,1,0.5359748330083676,None,47,1,189,1,,,,,470.8889572920016,,470.8805134590075,470.8889572920016,471.88059041700035,471.88059041700035,471.88059041700035,471.88059041700035,471.88059041700035,472.87840329200844,472.87840329200844,473.4232461670035,v,1,0.5359748330083676,None,,,,,03,001,2025-10-02_17h52.12.683,motor sequence learning,,2025.1.1,None,2025-10-02 17h52.26.045718 +0530,
50,c,190,2,47,c,1,0.48076824900635984,None,47,2,190,2,,,,,473.43136541701097,,473.4236782500084,473.43136541701097,474.4212692500005,474.4212692500005,474.4212692500005,474.4212692500005,474.4287624999997,475.42164729200886,475.42164729200886,475.90647312501096,c,1,0.48076824900635984,None,,,,,03,001,2025-10-02_17h52.12.683,motor sequence learning,,2025.1.1,None,2025-10-02 17h52.26.045718 +0530,
-150,z,191,3,47,z,1,0.6410519579949323,None,47,3,191,3,,,,,475.9156245839986,,475.9068892500072,475.9156245839986,476.90504941700783,476.90504941700783,476.90504941700783,476.90504941700783,476.91257566701097,477.8962728750048,477.8962728750048,478.5482690839999,z,1,0.6410519579949323,None,,,,,03,001,2025-10-02_17h52.12.683,motor sequence learning,,2025.1.1,None,2025-10-02 17h52.26.045718 +0530,
-50,x,192,0,48,x,1,0.5281076660030521,None,48,0,192,0,,,,,478.55378583401034,,478.54860312500386,478.55378583401034,479.5442243340076,479.5442243340076,479.5442243340076,479.5442243340076,479.5442243340076,480.5461163340078,480.5461163340078,481.07881904199894,x,1,0.5281076660030521,None,,,,,03,001,2025-10-02_17h52.12.683,motor sequence learning,,2025.1.1,None,2025-10-02 17h52.26.045718 +0530,
150,v,193,1,48,v,1,0.5778788329917006,None,48,1,193,1,,,,,481.0872834590118,,481.0791649590101,481.0872834590118,482.0792438339995,482.0792438339995,482.0792438339995,482.0792438339995,482.0792438339995,483.0713640419999,483.0713640419999,483.65578562500014,v,1,0.5778788329917006,None,,,,,03,001,2025-10-02_17h52.12.683,motor sequence learning,,2025.1.1,None,2025-10-02 17h52.26.045718 +0530,
50,c,194,2,48,c,1,0.2820932909962721,None,48,2,194,2,,,,,483.6633849589998,,483.65614645900496,483.6633849589998,484.64623712500907,484.64623712500907,484.64623712500907,484.64623712500907,484.65385229200183,485.6452259590005,485.6452259590005,485.92857150000054,c,1,0.2820932909962721,None,,,,,03,001,2025-10-02_17h52.12.683,motor sequence learning,,2025.1.1,None,2025-10-02 17h52.26.045718 +0530,
-150,z,195,3,48,z,1,0.28443358300137334,None,48,3,195,3,,,,,485.9371388340078,,485.9289042090095,485.9371388340078,486.9312112089974,486.9312112089974,486.9312112089974,486.9312112089974,486.9312112089974,487.92059212501044,487.92059212501044,488.2064715840097,z,1,0.28443358300137334,None,,,,,03,001,2025-10-02_17h52.12.683,motor sequence learning,,2025.1.1,None,2025-10-02 17h52.26.045718 +0530,
-50,x,196,0,49,x,1,0.3576305830065394,None,49,0,196,0,,,,,488.2117738340021,,488.20689679200586,488.2117738340021,489.20435020900914,489.20435020900914,489.20435020900914,489.20435020900914,489.2117829589988,490.2054617500107,490.2054617500107,490.57336004200624,x,1,0.3576305830065394,None,,,,,03,001,2025-10-02_17h52.12.683,motor sequence learning,,2025.1.1,None,2025-10-02 17h52.26.045718 +0530,
150,v,197,1,49,v,1,0.36832541700277943,None,49,1,197,1,,,,,490.5824558750028,,490.5737812919979,490.5824558750028,491.5705405000044,491.5705405000044,491.5705405000044,491.5705405000044,491.5779803750047,492.5716579170112,492.5716579170112,492.94517845900555,v,1,0.36832541700277943,None,,,,,03,001,2025-10-02_17h52.12.683,motor sequence learning,,2025.1.1,None,2025-10-02 17h52.26.045718 +0530,
50,c,198,2,49,c,1,0.933726667004521,None,49,2,198,2,,,,,492.95384666700556,,492.94557700000587,492.95384666700556,493.93725966700003,493.93725966700003,493.93725966700003,493.93725966700003,493.94485404199804,494.9371831669996,494.9371831669996,495.87345508400176,c,1,0.933726667004521,None,,,,,03,001,2025-10-02_17h52.12.683,motor sequence learning,,2025.1.1,None,2025-10-02 17h52.26.045718 +0530,
-150,z,199,3,49,z,1,0.6435109580052085,None,49,3,199,3,,,,,495.8824581670051,,495.8739024170063,495.8824581670051,496.8711046670069,496.8711046670069,496.8711046670069,496.8711046670069,496.8787457920116,497.8713201250066,497.8713201250066,498.52265837500454,z,1,0.6435109580052085,None,,,,,03,001,2025-10-02_17h52.12.683,motor sequence learning,,2025.1.1,None,2025-10-02 17h52.26.045718 +0530,
-150,z,0,0,0,z,1,0.7198401669884333,None,,,,,0,0,0,3,498.540693834002,,498.53337304200977,498.540693834002,499.5138243750116,499.5138243750116,499.5138243750116,499.5138243750116,499.5379332500015,500.5120823340112,500.5120823340112,501.2387626670097,,,,,z,1,0.7198401669884333,None,03,001,2025-10-02_17h52.12.683,motor sequence learning,,2025.1.1,None,2025-10-02 17h52.26.045718 +0530,
-50,x,1,1,0,x,1,0.5479842079948867,None,,,,,0,1,1,0,501.2458457920002,,501.23921258399787,501.2458457920002,502.23033908400976,502.23033908400976,502.23033908400976,502.23033908400976,502.23751883400837,503.2297852500051,503.2297852500051,503.7897014170012,,,,,x,1,0.5479842079948867,None,03,001,2025-10-02_17h52.12.683,motor sequence learning,,2025.1.1,None,2025-10-02 17h52.26.045718 +0530,
-50,x,2,2,1,x,1,0.3170910000044387,None,,,,,1,2,2,0,503.7975034590054,,503.7901654169982,503.7975034590054,504.7799869169976,504.7799869169976,504.7799869169976,504.7799869169976,504.7874759999977,505.77953991699906,505.77953991699906,506.10511316701013,,,,,x,1,0.3170910000044387,None,03,001,2025-10-02_17h52.12.683,motor sequence learning,,2025.1.1,None,2025-10-02 17h52.26.045718 +0530,
-50,x,3,3,2,x,1,0.6634037490002811,None,,,,,2,3,3,0,506.11313787499967,,506.1055699999997,506.11313787499967,507.0966693750088,507.0966693750088,507.0966693750088,507.0966693750088,507.10401708399877,508.09627629200986,508.09627629200986,508.7640663339989,,,,,x,1,0.6634037490002811,None,03,001,2025-10-02_17h52.12.683,motor sequence learning,,2025.1.1,None,2025-10-02 17h52.26.045718 +0530,
-150,z,4,4,1,z,1,0.45667587500065565,None,,,,,1,4,4,3,508.77216258400586,,508.76448541700665,508.77216258400586,509.76429933399777,509.76429933399777,509.76429933399777,509.76429933399777,509.76429933399777,510.7609247090004,510.7609247090004,511.22227545900387,,,,,z,1,0.45667587500065565,None,03,001,2025-10-02_17h52.12.683,motor sequence learning,,2025.1.1,None,2025-10-02 17h52.26.045718 +0530,
50,c,5,5,0,c,1,1.7862720000121044,None,,,,,0,5,5,2,511.2317593339976,,511.22271129200817,511.2317593339976,512.2134908340086,512.2134908340086,512.2134908340086,512.2134908340086,512.2282550420059,513.2223049590102,513.2223049590102,515.0128624589997,,,,,c,1,1.7862720000121044,None,03,001,2025-10-02_17h52.12.683,motor sequence learning,,2025.1.1,None,2025-10-02 17h52.26.045718 +0530,
50,c,6,6,1,c,1,0.44443841600150336,None,,,,,1,6,6,2,515.021106500004,,515.0132361249998,515.021106500004,516.0140119590069,516.0140119590069,516.0140119590069,516.0140119590069,516.0140119590069,517.0039544590109,517.0039544590109,517.4565189999994,,,,,c,1,0.44443841600150336,None,03,001,2025-10-02_17h52.12.683,motor sequence learning,,2025.1.1,None,2025-10-02 17h52.26.045718 +0530,
150,v,7,7,0,v,1,0.5591398329997901,None,,,,,0,7,7,1,517.4651778340049,,517.4569473340089,517.4651778340049,518.4551526670111,518.4551526670111,518.4551526670111,518.4551526670111,518.4629511670064,519.4543360000098,519.4543360000098,520.0231092500035,,,,,v,1,0.5591398329997901,None,03,001,2025-10-02_17h52.12.683,motor sequence learning,,2025.1.1,None,2025-10-02 17h52.26.045718 +0530,
-50,x,8,8,3,x,1,0.7136719989939593,None,,,,,3,8,8,0,520.032333916999,,520.0235796670022,520.032333916999,521.0209612500039,521.0209612500039,521.0209612500039,521.0209612500039,521.0285668750003,522.021713167007,522.021713167007,522.7398769170104,,,,,x,1,0.7136719989939593,None,03,001,2025-10-02_17h52.12.683,motor sequence learning,,2025.1.1,None,2025-10-02 17h52.26.045718 +0530,
-150,z,9,9,2,z,1,0.604480166992289,None,,,,,2,9,9,3,522.7449753340043,,522.7403837500024,522.7449753340043,523.7390371670044,523.7390371670044,523.7390371670044,523.7390371670044,523.7390371670044,524.7388224590104,524.7388224590104,525.3563386250025,,,,,z,1,0.604480166992289,None,03,001,2025-10-02_17h52.12.683,motor sequence learning,,2025.1.1,None,2025-10-02 17h52.26.045718 +0530,
50,c,10,10,2,c,1,0.37986516699311323,None,,,,,2,10,10,2,525.3649816250108,,525.3567869170074,525.3649816250108,526.3478606670105,526.3478606670105,526.3478606670105,526.3478606670105,526.355685625007,527.3463609169994,527.3463609169994,527.7303975840041,,,,,c,1,0.37986516699311323,None,03,001,2025-10-02_17h52.12.683,motor sequence learning,,2025.1.1,None,2025-10-02 17h52.26.045718 +0530,
50,c,11,11,3,c,1,0.38339083299797494,None,,,,,3,11,11,2,527.7387115840102,,527.7308206669986,527.7387115840102,528.7311286250042,528.7311286250042,528.7311286250042,528.7311286250042,528.7311286250042,529.7278823750094,529.7278823750094,530.1138103749981,,,,,c,1,0.38339083299797494,None,03,001,2025-10-02_17h52.12.683,motor sequence learning,,2025.1.1,None,2025-10-02 17h52.26.045718 +0530,
150,v,12,12,1,v,1,0.4985529160039732,None,,,,,1,12,12,1,530.1225876670069,,530.1142418750096,530.1225876670069,531.1137758749974,531.1137758749974,531.1137758749974,531.1137758749974,531.1137758749974,532.1115938340081,532.1115938340081,532.6135949590098,,,,,v,1,0.4985529160039732,None,03,001,2025-10-02_17h52.12.683,motor sequence learning,,2025.1.1,None,2025-10-02 17h52.26.045718 +0530,
50,c,13,13,4,c,1,0.40311274900159333,None,,,,,4,13,13,2,532.6227115420043,,532.6139822090045,532.6227115420043,533.613523167005,533.613523167005,533.613523167005,533.613523167005,533.613523167005,534.6109728750016,534.6109728750016,535.0227651669993,,,,,c,1,0.40311274900159333,None,03,001,2025-10-02_17h52.12.683,motor sequence learning,,2025.1.1,None,2025-10-02 17h52.26.045718 +0530,
50,c,14,14,5,c,1,0.39304320799419656,None,,,,,5,14,14,2,535.0309030000062,,535.0231619170081,535.0309030000062,536.0137444590073,536.0137444590073,536.0137444590073,536.0137444590073,536.0208390000043,537.0128647090023,537.0128647090023,537.4119546670117,,,,,c,1,0.39304320799419656,None,03,001,2025-10-02_17h52.12.683,motor sequence learning,,2025.1.1,None,2025-10-02 17h52.26.045718 +0530,
150,v,15,15,2,v,1,0.4848792079865234,None,,,,,2,15,15,1,537.4207819590083,,537.4122853750014,537.4207819590083,538.4051881250052,538.4051881250052,538.4051881250052,538.4051881250052,538.4118521670025,539.404111625001,539.404111625001,539.8947100420046,,,,,v,1,0.4848792079865234,None,03,001,2025-10-02_17h52.12.683,motor sequence learning,,2025.1.1,None,2025-10-02 17h52.26.045718 +0530,
50,c,16,16,6,c,1,0.5038774580025347,None,,,,,6,16,16,2,539.9041021669982,,539.895053500004,539.9041021669982,540.8884574170079,540.8884574170079,540.8884574170079,540.8884574170079,540.8959889590042,541.889078667009,541.889078667009,542.3970342500106,,,,,c,1,0.5038774580025347,None,03,001,2025-10-02_17h52.12.683,motor sequence learning,,2025.1.1,None,2025-10-02 17h52.26.045718 +0530,
-50,x,17,17,4,x,1,0.5891960000008112,None,,,,,4,17,17,0,542.4059992500115,,542.3974728750036,542.4059992500115,543.3977185000113,543.3977185000113,543.3977185000113,543.3977185000113,543.3977185000113,544.3965892920096,544.3965892920096,544.9899500000029,,,,,x,1,0.5891960000008112,None,03,001,2025-10-02_17h52.12.683,motor sequence learning,,2025.1.1,None,2025-10-02 17h52.26.045718 +0530,
50,c,18,18,7,c,1,0.41976608299592044,None,,,,,7,18,18,2,544.9991521670017,,544.9904216249997,544.9991521670017,545.9881077919999,545.9881077919999,545.9881077919999,545.9881077919999,545.9956590840011,546.980071375001,546.980071375001,547.40597612501,,,,,c,1,0.41976608299592044,None,03,001,2025-10-02_17h52.12.683,motor sequence learning,,2025.1.1,None,2025-10-02 17h52.26.045718 +0530,
-150,z,19,19,3,x,0,0.5420348750049016,None,,,,,3,19,19,3,547.4132979999995,,547.4063171250018,547.4132979999995,548.3981813749997,548.3981813749997,548.3981813749997,548.3981813749997,548.4058325420046,549.405685500009,549.405685500009,549.9569306670019,,,,,x,0,0.5420348750049016,None,03,001,2025-10-02_17h52.12.683,motor sequence learning,,2025.1.1,None,2025-10-02 17h52.26.045718 +0530,
150,v,20,20,3,v,1,0.8789097080007195,None,,,,,3,20,20,1,549.9657707090082,,549.9573918340029,549.9657707090082,550.9541863750055,550.9541863750055,550.9541863750055,550.9541863750055,550.9625208340003,551.9556854590046,551.9556854590046,552.8393806250097,,,,,v,1,0.8789097080007195,None,03,001,2025-10-02_17h52.12.683,motor sequence learning,,2025.1.1,None,2025-10-02 17h52.26.045718 +0530,
50,c,21,21,8,c,1,0.36027320800349116,None,,,,,8,21,21,2,552.8442460000078,,552.839735542002,552.8442460000078,553.8304580420081,553.8304580420081,553.8304580420081,553.8304580420081,553.8375612920063,554.8293226250098,554.8293226250098,555.1970259590016,,,,,c,1,0.36027320800349116,None,03,001,2025-10-02_17h52.12.683,motor sequence learning,,2025.1.1,None,2025-10-02 17h52.26.045718 +0530,
-50,x,22,22,5,x,1,0.7397693330131005,None,,,,,5,22,22,0,555.2058546250046,,555.1974792500114,555.2058546250046,556.1950968340097,556.1950968340097,556.1950968340097,556.1950968340097,556.2045805420057,557.193795291998,557.193795291998,557.9396489589999,,,,,x,1,0.7397693330131005,None,03,001,2025-10-02_17h52.12.683,motor sequence learning,,2025.1.1,None,2025-10-02 17h52.26.045718 +0530,
50,c,23,23,9,c,1,0.5454592500027502,None,,,,,9,23,23,2,557.9484281250043,,557.9400715000083,557.9484281250043,558.9379747920029,558.9379747920029,558.9379747920029,558.9379747920029,558.9447003340028,559.9379679170088,559.9379679170088,560.4903127090074,,,,,c,1,0.5454592500027502,None,03,001,2025-10-02_17h52.12.683,motor sequence learning,,2025.1.1,None,2025-10-02 17h52.26.045718 +0530,
-50,x,24,24,6,z,0,0.39201900000625756,None,,,,,6,24,24,0,560.4984351669991,,560.490671874999,560.4984351669991,561.4876008749998,561.4876008749998,561.4876008749998,561.4876008749998,561.494990584004,562.4873760000046,562.4873760000046,562.8888582920044,,,,,z,0,0.39201900000625756,None,03,001,2025-10-02_17h52.12.683,motor sequence learning,,2025.1.1,None,2025-10-02 17h52.26.045718 +0530,
50,c,25,25,10,c,1,0.6422149160061963,None,,,,,10,25,25,2,562.8976765840052,,562.8892747089994,562.8976765840052,563.8812844589993,563.8812844589993,563.8812844589993,563.8812844589993,563.8887313340092,564.8800807920052,564.8800807920052,565.5234567500011,,,,,c,1,0.6422149160061963,None,03,001,2025-10-02_17h52.12.683,motor sequence learning,,2025.1.1,None,2025-10-02 17h52.26.045718 +0530,
-50,x,26,26,7,x,1,0.3720060409978032,None,,,,,7,26,26,0,565.5327824590058,,565.5239250419982,565.5327824590058,566.5209669169999,566.5209669169999,566.5209669169999,566.5209669169999,566.5284914170043,567.5133375420119,567.5133375420119,567.8890478750109,,,,,x,1,0.3720060409978032,None,03,001,2025-10-02_17h52.12.683,motor sequence learning,,2025.1.1,None,2025-10-02 17h52.26.045718 +0530,
50,c,27,27,11,c,1,0.4344094169937307,None,,,,,11,27,27,2,567.8976144589979,,567.8895018340118,567.8976144589979,568.8809511670115,568.8809511670115,568.8809511670115,568.8809511670115,568.8878761250089,569.8799212500016,569.8799212500016,570.3234247090004,,,,,c,1,0.4344094169937307,None,03,001,2025-10-02_17h52.12.683,motor sequence learning,,2025.1.1,None,2025-10-02 17h52.26.045718 +0530,
50,c,28,28,12,c,1,0.350234207988251,None,,,,,12,28,28,2,570.3317641250032,,570.3238439999986,570.3317641250032,571.3215786670044,571.3215786670044,571.3215786670044,571.3215786670044,571.3292713749979,572.3219351669977,572.3219351669977,572.6732591250038,,,,,c,1,0.350234207988251,None,03,001,2025-10-02_17h52.12.683,motor sequence learning,,2025.1.1,None,2025-10-02 17h52.26.045718 +0530,
50,c,29,29,13,c,1,0.5077639579976676,None,,,,,13,29,29,2,572.6777530420077,,572.6737785000005,572.6777530420077,573.6719749170006,573.6719749170006,573.6719749170006,573.6719749170006,573.6719749170006,574.6720912500023,574.6720912500023,575.1901123340067,,,,,c,1,0.5077639579976676,None,03,001,2025-10-02_17h52.12.683,motor sequence learning,,2025.1.1,None,2025-10-02 17h52.26.045718 +0530,
150,v,30,30,4,v,1,0.5415417080075713,None,,,,,4,30,30,1,575.1987373340089,,575.1905773750041,575.1987373340089,576.187821708998,576.187821708998,576.187821708998,576.187821708998,576.1951989170047,577.1886076670053,577.1886076670053,577.7394125840074,,,,,v,1,0.5415417080075713,None,03,001,2025-10-02_17h52.12.683,motor sequence learning,,2025.1.1,None,2025-10-02 17h52.26.045718 +0530,
-50,x,31,31,8,x,1,0.6634716660046251,None,,,,,8,31,31,0,577.7461088749988,,577.7397561670077,577.7461088749988,578.7319234590104,578.7319234590104,578.7319234590104,578.7319234590104,578.7396664999978,579.7296783339989,579.7296783339989,580.396613334,,,,,x,1,0.6634716660046251,None,03,001,2025-10-02_17h52.12.683,motor sequence learning,,2025.1.1,None,2025-10-02 17h52.26.045718 +0530,
-150,z,32,32,4,z,1,0.5950373330124421,None,,,,,4,32,32,3,580.4055122090067,,580.3970577920118,580.4055122090067,581.3978596670058,581.3978596670058,581.3978596670058,581.3978596670058,581.3978596670058,582.3888894170086,582.3888894170086,582.9903137500078,,,,,z,1,0.5950373330124421,None,03,001,2025-10-02_17h52.12.683,motor sequence learning,,2025.1.1,None,2025-10-02 17h52.26.045718 +0530,
50,c,33,33,14,c,1,0.6823379999987083,None,,,,,14,33,33,2,582.9984215000004,,582.9907631670067,582.9984215000004,583.987578166998,583.987578166998,583.987578166998,583.987578166998,583.995177083998,584.987543167008,584.987543167008,585.6720783339988,,,,,c,1,0.6823379999987083,None,03,001,2025-10-02_17h52.12.683,motor sequence learning,,2025.1.1,None,2025-10-02 17h52.26.045718 +0530,
150,v,34,34,5,v,1,0.5745824579935288,None,,,,,5,34,34,1,585.6766815840092,,585.6725033750117,585.6766815840092,586.6641675840074,586.6641675840074,586.6641675840074,586.6641675840074,586.6712944590108,587.6633661250089,587.6633661250089,588.2405062500038,,,,,v,1,0.5745824579935288,None,03,001,2025-10-02_17h52.12.683,motor sequence learning,,2025.1.1,None,2025-10-02 17h52.26.045718 +0530,
50,c,35,35,15,c,1,1.4190860410017194,None,,,,,15,35,35,2,588.248883584005,,588.2409624590073,588.248883584005,589.238820833998,589.238820833998,589.238820833998,589.238820833998,589.2466708749998,590.2387211250025,590.2387211250025,591.663564167,,,,,c,1,1.4190860410017194,None,03,001,2025-10-02_17h52.12.683,motor sequence learning,,2025.1.1,None,2025-10-02 17h52.26.045718 +0530,
50,c,36,36,16,c,1,1.6531914170045638,None,,,,,16,36,36,2,591.6716063339991,,591.6639176250028,591.6716063339991,592.6630220000079,592.6630220000079,592.6630220000079,592.6630220000079,592.6630220000079,593.6605968340009,593.6605968340009,595.3232709590084,,,,,c,1,1.6531914170045638,None,03,001,2025-10-02_17h52.12.683,motor sequence learning,,2025.1.1,None,2025-10-02 17h52.26.045718 +0530,
50,c,37,37,17,c,1,0.8056287910003448,None,,,,,17,37,37,2,595.3318334170035,,595.323719292006,595.3318334170035,596.3210715000023,596.3210715000023,596.3210715000023,596.3210715000023,596.3285398750013,597.322031750009,597.322031750009,598.1307171250082,,,,,c,1,0.8056287910003448,None,03,001,2025-10-02_17h52.12.683,motor sequence learning,,2025.1.1,None,2025-10-02 17h52.26.045718 +0530,
50,c,38,38,18,c,1,0.6710006240027724,None,,,,,18,38,38,2,598.1397763340065,,598.1311819170078,598.1397763340065,599.1309285419993,599.1309285419993,599.1309285419993,599.1309285419993,599.1309285419993,600.1291247920017,600.1291247920017,600.806716792009,,,,,c,1,0.6710006240027724,None,03,001,2025-10-02_17h52.12.683,motor sequence learning,,2025.1.1,None,2025-10-02 17h52.26.045718 +0530,
-150,z,39,39,5,z,1,0.5014818749914411,None,,,,,5,39,39,3,600.815362334004,,600.8071711670054,600.815362334004,601.8049545000104,601.8049545000104,601.8049545000104,601.8049545000104,601.812610375011,602.7970081670064,602.7970081670064,603.3064184170071,,,,,z,1,0.5014818749914411,None,03,001,2025-10-02_17h52.12.683,motor sequence learning,,2025.1.1,None,2025-10-02 17h52.26.045718 +0530,
150,v,40,40,6,v,1,0.4373548750008922,None,,,,,6,40,40,1,603.314868875008,,603.306827709006,603.314868875008,604.2979692500085,604.2979692500085,604.2979692500085,604.2979692500085,604.3056491669995,605.3052066670061,605.3052066670061,605.747255084003,,,,,v,1,0.4373548750008922,None,03,001,2025-10-02_17h52.12.683,motor sequence learning,,2025.1.1,None,2025-10-02 17h52.26.045718 +0530,
150,v,41,41,7,v,1,0.54756333300611,None,,,,,7,41,41,1,605.7561011670041,,605.747717834005,605.7561011670041,606.7477835840109,606.7477835840109,606.7477835840109,606.7477835840109,606.7477835840109,607.7459205839987,607.7459205839987,608.3063655419974,,,,,v,1,0.54756333300611,None,03,001,2025-10-02_17h52.12.683,motor sequence learning,,2025.1.1,None,2025-10-02 17h52.26.045718 +0530,
-150,z,42,42,6,z,1,0.4969445419992553,None,,,,,6,42,42,3,608.3153652500041,,608.3068366250081,608.3153652500041,609.2970568750025,609.2970568750025,609.2970568750025,609.2970568750025,609.3112357920036,610.2965358340007,610.2965358340007,610.7949764170044,,,,,z,1,0.4969445419992553,None,03,001,2025-10-02_17h52.12.683,motor sequence learning,,2025.1.1,None,2025-10-02 17h52.26.045718 +0530,
-150,z,43,43,7,z,1,0.3956191250035772,None,,,,,7,43,43,3,610.8054045000026,,610.7954086250102,610.8054045000026,611.7881606250012,611.7881606250012,611.7881606250012,611.7881606250012,611.795756749998,612.7887782920006,612.7887782920006,613.1901106250007,,,,,z,1,0.3956191250035772,None,03,001,2025-10-02_17h52.12.683,motor sequence learning,,2025.1.1,None,2025-10-02 17h52.26.045718 +0530,
150,v,44,44,8,v,1,0.4208002499944996,None,,,,,8,44,44,1,613.1987559590052,,613.1905277090118,613.1987559590052,614.1880365420075,614.1880365420075,614.1880365420075,614.1880365420075,614.1954382920085,615.188494209011,615.188494209011,615.6132393340085,,,,,v,1,0.4208002499944996,None,03,001,2025-10-02_17h52.12.683,motor sequence learning,,2025.1.1,None,2025-10-02 17h52.26.045718 +0530,
-150,z,45,45,8,z,1,0.8776255829870934,None,,,,,8,45,45,3,615.6229734590015,,615.6136205840012,615.6229734590015,616.6143800840073,616.6143800840073,616.6143800840073,616.6143800840073,616.6143800840073,617.6046140840044,617.6046140840044,618.4905449590005,,,,,z,1,0.8776255829870934,None,03,001,2025-10-02_17h52.12.683,motor sequence learning,,2025.1.1,None,2025-10-02 17h52.26.045718 +0530,
-150,z,46,46,9,z,1,0.39156366599490866,None,,,,,9,46,46,3,618.4996417090006,,618.4910005840065,618.4996417090006,619.4876979590044,619.4876979590044,619.4876979590044,619.4876979590044,619.4951478750008,620.4884996670007,620.4884996670007,620.8898851249978,,,,,z,1,0.39156366599490866,None,03,001,2025-10-02_17h52.12.683,motor sequence learning,,2025.1.1,None,2025-10-02 17h52.26.045718 +0530,
-150,z,47,47,10,z,1,0.43168366700410843,None,,,,,10,47,47,3,620.8985610840027,,620.8902738750039,620.8985610840027,621.8814050000074,621.8814050000074,621.8814050000074,621.8814050000074,621.8890023340064,622.8895049590064,622.8895049590064,623.3230536670017,,,,,z,1,0.43168366700410843,None,03,001,2025-10-02_17h52.12.683,motor sequence learning,,2025.1.1,None,2025-10-02 17h52.26.045718 +0530,
150,v,48,48,9,v,1,0.4681963330076542,None,,,,,9,48,48,1,623.3279677920073,,623.3234804590029,623.3279677920073,624.3216842090042,624.3216842090042,624.3216842090042,624.3216842090042,624.3216842090042,625.322823459006,625.322823459006,625.7950434170052,,,,,v,1,0.4681963330076542,None,03,001,2025-10-02_17h52.12.683,motor sequence learning,,2025.1.1,None,2025-10-02 17h52.26.045718 +0530,
-50,x,49,49,9,x,1,0.5149981240101624,None,,,,,9,49,49,0,625.8044597499975,,625.7954004589992,625.8044597499975,626.7888897920056,626.7888897920056,626.7888897920056,626.7888897920056,626.796588666999,627.7888793340098,627.7888793340098,628.3064877090073,,,,,x,1,0.5149981240101624,None,03,001,2025-10-02_17h52.12.683,motor sequence learning,,2025.1.1,None,2025-10-02 17h52.26.045718 +0530,
150,v,50,50,10,v,1,0.44699091599613894,None,,,,,10,50,50,1,628.3117224590096,,628.3069235420116,628.3117224590096,629.2979162920092,629.2979162920092,629.2979162920092,629.2979162920092,629.3055640000093,630.2959185420041,630.2959185420041,630.7456155420077,,,,,v,1,0.44699091599613894,None,03,001,2025-10-02_17h52.12.683,motor sequence learning,,2025.1.1,None,2025-10-02 17h52.26.045718 +0530,
-150,z,51,51,11,z,1,0.8334806250059046,None,,,,,11,51,51,3,630.7543784590089,,630.7460501250025,630.7543784590089,631.7461778340075,631.7461778340075,631.7461778340075,631.7461778340075,631.7461778340075,632.7383909589989,632.7383909589989,633.5737357090111,,,,,z,1,0.8334806250059046,None,03,001,2025-10-02_17h52.12.683,motor sequence learning,,2025.1.1,None,2025-10-02 17h52.26.045718 +0530,
-150,z,52,52,12,z,1,0.7680384159903042,None,,,,,12,52,52,3,633.5828436250013,,633.5741526670026,633.5828436250013,634.5712504590047,634.5712504590047,634.5712504590047,634.5712504590047,634.5787343340053,635.5727876669989,635.5727876669989,636.3475449590042,,,,,z,1,0.7680384159903042,None,03,001,2025-10-02_17h52.12.683,motor sequence learning,,2025.1.1,None,2025-10-02 17h52.26.045718 +0530,
150,v,53,53,11,v,1,1.1518438330094796,None,,,,,11,53,53,1,636.3564592920011,,636.347999250007,636.3564592920011,637.3478358749999,637.3478358749999,637.3478358749999,637.3478358749999,637.3478358749999,638.3448144170106,638.3448144170106,639.5072211670049,,,,,v,1,1.1518438330094796,None,03,001,2025-10-02_17h52.12.683,motor sequence learning,,2025.1.1,None,2025-10-02 17h52.26.045718 +0530,
150,v,54,54,12,v,1,0.46835058300348464,None,,,,,12,54,54,1,639.5158433750039,,639.5076735000039,639.5158433750039,640.5055577919993,640.5055577919993,640.5055577919993,640.5055577919993,640.5133821670024,641.5053129590087,641.5053129590087,641.9796966249996,,,,,v,1,0.46835058300348464,None,03,001,2025-10-02_17h52.12.683,motor sequence learning,,2025.1.1,None,2025-10-02 17h52.26.045718 +0530,
150,v,55,55,13,v,1,0.6923554989916738,None,,,,,13,55,55,1,641.9877675000025,,641.9800393750047,641.9877675000025,642.9711879590031,642.9711879590031,642.9711879590031,642.9711879590031,642.9787486249988,643.9712834170059,643.9712834170059,644.6733733340079,,,,,v,1,0.6923554989916738,None,03,001,2025-10-02_17h52.12.683,motor sequence learning,,2025.1.1,None,2025-10-02 17h52.26.045718 +0530,
-50,x,56,56,10,x,1,0.7839574579993496,None,,,,,10,56,56,0,644.6819454590004,,644.6740395000088,644.6819454590004,645.6723678749986,645.6723678749986,645.6723678749986,645.6723678749986,645.6796145840053,646.6714662090089,646.6714662090089,647.4568044589978,,,,,x,1,0.7839574579993496,None,03,001,2025-10-02_17h52.12.683,motor sequence learning,,2025.1.1,None,2025-10-02 17h52.26.045718 +0530,
150,v,57,57,14,v,1,0.5509643750119722,None,,,,,14,57,57,1,647.4646742920013,,647.4572083750099,647.4646742920013,648.4487854590116,648.4487854590116,648.4487854590116,648.4487854590116,648.4570061249979,649.455480500008,649.455480500008,650.0137213340058,,,,,v,1,0.5509643750119722,None,03,001,2025-10-02_17h52.12.683,motor sequence learning,,2025.1.1,None,2025-10-02 17h52.26.045718 +0530,
150,v,58,58,15,v,1,0.483903125001234,None,,,,,15,58,58,1,650.0223247920076,,650.0142035000026,650.0223247920076,651.0133122499974,651.0133122499974,651.0133122499974,651.0133122499974,651.0133122499974,652.0135837499984,652.0135837499984,652.5070732500026,,,,,v,1,0.483903125001234,None,03,001,2025-10-02_17h52.12.683,motor sequence learning,,2025.1.1,None,2025-10-02 17h52.26.045718 +0530,
50,c,59,59,19,c,1,0.6405510000040522,None,,,,,19,59,59,2,652.516104084003,,652.5075256249984,652.516104084003,653.4976751250069,653.4976751250069,653.4976751250069,653.4976751250069,653.5125000000116,654.4969050000072,654.4969050000072,655.1389455000026,,,,,c,1,0.6405510000040522,None,03,001,2025-10-02_17h52.12.683,motor sequence learning,,2025.1.1,None,2025-10-02 17h52.26.045718 +0530,
-150,z,60,60,13,z,1,0.5191392920096405,None,,,,,13,60,60,3,655.1432624590088,,655.1393385420088,655.1432624590088,656.1306078750058,656.1306078750058,656.1306078750058,656.1306078750058,656.1379080420011,657.1292714169977,657.1292714169977,657.6574317500053,,,,,z,1,0.5191392920096405,None,03,001,2025-10-02_17h52.12.683,motor sequence learning,,2025.1.1,None,2025-10-02 17h52.26.045718 +0530,
-50,x,61,61,11,c,0,0.48313587499433197,None,,,,,11,61,61,0,657.6664173750032,,657.6579368340026,657.6664173750032,658.6545502090012,658.6545502090012,658.6545502090012,658.6545502090012,658.6620622920018,659.6560704590083,659.6560704590083,660.1465043750068,,,,,c,0,0.48313587499433197,None,03,001,2025-10-02_17h52.12.683,motor sequence learning,,2025.1.1,None,2025-10-02 17h52.26.045718 +0530,
-50,x,62,62,12,x,1,0.41443862399319187,None,,,,,12,62,62,0,660.1562770000019,,660.146914375,660.1562770000019,661.1477257500082,661.1477257500082,661.1477257500082,661.1477257500082,661.1477257500082,662.1378370840102,662.1378370840102,662.5565655840037,,,,,x,1,0.41443862399319187,None,03,001,2025-10-02_17h52.12.683,motor sequence learning,,2025.1.1,None,2025-10-02 17h52.26.045718 +0530,
-150,z,63,63,14,z,1,0.6485652499977732,None,,,,,14,63,63,3,662.5610090840055,,662.5569150420051,662.5610090840055,663.5475844169996,663.5475844169996,663.5475844169996,663.5475844169996,663.5548300000082,664.5457493340073,664.5457493340073,665.1971442920039,,,,,z,1,0.6485652499977732,None,03,001,2025-10-02_17h52.12.683,motor sequence learning,,2025.1.1,None,2025-10-02 17h52.26.045718 +0530,
-50,x,64,64,13,x,1,0.3921049160126131,None,,,,,13,64,64,0,665.2057884590031,,665.1975890000031,665.2057884590031,666.1966619590094,666.1966619590094,666.1966619590094,666.1966619590094,666.1966619590094,667.1969390419981,667.1969390419981,667.5946314169996,,,,,x,1,0.3921049160126131,None,03,001,2025-10-02_17h52.12.683,motor sequence learning,,2025.1.1,None,2025-10-02 17h52.26.045718 +0530,
50,c,65,65,20,c,1,0.4669313749909634,None,,,,,20,65,65,2,667.605220042009,,667.594979417001,667.605220042009,668.5879465420003,668.5879465420003,668.5879465420003,668.5879465420003,668.5953826250043,669.5890177500114,669.5890177500114,670.0611542920087,,,,,c,1,0.4669313749909634,None,03,001,2025-10-02_17h52.12.683,motor sequence learning,,2025.1.1,None,2025-10-02 17h52.26.045718 +0530,
-50,x,66,66,14,x,1,0.5684696240059566,None,,,,,14,66,66,0,670.0714713750058,,670.0614987090084,670.0714713750058,671.0546310420032,671.0546310420032,671.0546310420032,671.0546310420032,671.0622833750094,672.0545741250098,672.0545741250098,672.6268998340092,,,,,x,1,0.5684696240059566,None,03,001,2025-10-02_17h52.12.683,motor sequence learning,,2025.1.1,None,2025-10-02 17h52.26.045718 +0530,
50,c,67,67,21,c,1,0.6056802500097547,None,,,,,21,67,67,2,672.6390615840064,,672.6272559589997,672.6390615840064,673.6215840840014,673.6215840840014,673.6215840840014,673.6215840840014,673.6290971670096,674.621321958999,674.621321958999,675.2309977500117,,,,,c,1,0.6056802500097547,None,03,001,2025-10-02_17h52.12.683,motor sequence learning,,2025.1.1,None,2025-10-02 17h52.26.045718 +0530,
-50,x,68,68,15,x,1,0.4657421250012703,None,,,,,15,68,68,0,675.255982333998,,675.2314337920106,675.255982333998,676.2310078340088,676.2310078340088,676.2310078340088,676.2310078340088,676.2457927500072,677.2301099590113,677.2301099590113,677.6974653340003,,,,,x,1,0.4657421250012703,None,03,001,2025-10-02_17h52.12.683,motor sequence learning,,2025.1.1,None,2025-10-02 17h52.26.045718 +0530,
50,c,69,69,22,x,0,0.398783791999449,None,,,,,22,69,69,2,677.7056850000081,,677.6978206670028,677.7056850000081,678.6976874590036,678.6976874590036,678.6976874590036,678.6976874590036,678.6976874590036,679.695998042007,679.695998042007,680.0966046670073,,,,,x,0,0.398783791999449,None,03,001,2025-10-02_17h52.12.683,motor sequence learning,,2025.1.1,None,2025-10-02 17h52.26.045718 +0530,
-150,z,70,70,15,z,1,0.630816707998747,None,,,,,15,70,70,3,680.1063490420056,,680.0970357090118,680.1063490420056,681.0980921250011,681.0980921250011,681.0980921250011,681.0980921250011,681.0980921250011,682.0959510840039,682.0959510840039,682.7287742089975,,,,,z,1,0.630816707998747,None,03,001,2025-10-02_17h52.12.683,motor sequence learning,,2025.1.1,None,2025-10-02 17h52.26.045718 +0530,
50,c,71,71,23,c,1,0.4279132910014596,None,,,,,23,71,71,2,682.7379276249994,,682.7291178340092,682.7379276249994,683.7220167089981,683.7220167089981,683.7220167089981,683.7220167089981,683.7295826670015,684.727722584008,684.727722584008,685.1572229590092,,,,,c,1,0.4279132910014596,None,03,001,2025-10-02_17h52.12.683,motor sequence learning,,2025.1.1,None,2025-10-02 17h52.26.045718 +0530,
-50,x,72,72,16,x,1,0.40996612500748597,None,,,,,16,72,72,0,685.1661827920034,,685.1576728750078,685.1661827920034,686.1553630840062,686.1553630840062,686.1553630840062,686.1553630840062,686.1629404590058,687.1556990420067,687.1556990420067,687.5731585840113,,,,,x,1,0.40996612500748597,None,03,001,2025-10-02_17h52.12.683,motor sequence learning,,2025.1.1,None,2025-10-02 17h52.26.045718 +0530,
-150,z,73,73,16,z,1,0.5531007500103442,None,,,,,16,73,73,3,687.5805110420042,,687.5735005000024,687.5805110420042,688.5647252920025,688.5647252920025,688.5647252920025,688.5647252920025,688.5719319170021,689.5634825419984,689.5634825419984,690.1233309590025,,,,,z,1,0.5531007500103442,None,03,001,2025-10-02_17h52.12.683,motor sequence learning,,2025.1.1,None,2025-10-02 17h52.26.045718 +0530,
-150,z,74,74,17,z,1,0.873997207992943,None,,,,,17,74,74,3,690.1314640839992,,690.1236916250054,690.1314640839992,691.1142442090058,691.1142442090058,691.1142442090058,691.1142442090058,691.1216463340097,692.1225134590059,692.1225134590059,693.0074893749988,,,,,z,1,0.873997207992943,None,03,001,2025-10-02_17h52.12.683,motor sequence learning,,2025.1.1,None,2025-10-02 17h52.26.045718 +0530,
-50,x,75,75,17,x,1,0.6482065829914063,None,,,,,17,75,75,0,693.0158243750047,,693.0079221250053,693.0158243750047,694.0053416250012,694.0053416250012,694.0053416250012,694.0053416250012,694.0128346249985,695.0053135839989,695.0053135839989,695.6574548339995,,,,,x,1,0.6482065829914063,None,03,001,2025-10-02_17h52.12.683,motor sequence learning,,2025.1.1,None,2025-10-02 17h52.26.045718 +0530,
-50,x,76,76,18,x,1,0.4612453750014538,None,,,,,18,76,76,0,695.6659612920048,,695.657911250004,695.6659612920048,696.6547521250031,696.6547521250031,696.6547521250031,696.6547521250031,696.6622164170112,697.6562651670101,697.6562651670101,698.1240960840078,,,,,x,1,0.4612453750014538,None,03,001,2025-10-02_17h52.12.683,motor sequence learning,,2025.1.1,None,2025-10-02 17h52.26.045718 +0530,
150,v,77,77,16,v,1,1.05465291699511,None,,,,,16,77,77,1,698.1327563340019,,698.1245377500018,698.1327563340019,699.1213486250053,699.1213486250053,699.1213486250053,699.1213486250053,699.1286230420083,700.122925292002,700.122925292002,701.1796827090002,,,,,v,1,1.05465291699511,None,03,001,2025-10-02_17h52.12.683,motor sequence learning,,2025.1.1,None,2025-10-02 17h52.26.045718 +0530,
-50,x,78,78,19,x,1,0.6839467499958118,None,,,,,19,78,78,0,701.1893600420008,,701.1800280000025,701.1893600420008,702.1818434590095,702.1818434590095,702.1818434590095,702.1818434590095,702.1818434590095,703.1713879169984,703.1713879169984,703.8570341669983,,,,,x,1,0.6839467499958118,None,03,001,2025-10-02_17h52.12.683,motor sequence learning,,2025.1.1,None,2025-10-02 17h52.26.045718 +0530,
-50,x,79,79,20,x,1,0.5132317490060814,None,,,,,20,79,79,0,703.8654921249981,,703.8574722500052,703.8654921249981,704.8559044590074,704.8559044590074,704.8559044590074,704.8559044590074,704.8633748749999,705.8470802500087,705.8470802500087,706.3615666250116,,,,,x,1,0.5132317490060814,None,03,001,2025-10-02_17h52.12.683,motor sequence learning,,2025.1.1,None,2025-10-02 17h52.26.045718 +0530,
-50,x,80,80,21,x,1,0.47841679099656176,None,,,,,21,80,80,0,706.3723892920098,,706.3619380419987,706.3723892920098,707.3548701670079,707.3548701670079,707.3548701670079,707.3548701670079,707.3625418750016,708.3547378340008,708.3547378340008,708.84093720901,,,,,x,1,0.47841679099656176,None,03,001,2025-10-02_17h52.12.683,motor sequence learning,,2025.1.1,None,2025-10-02 17h52.26.045718 +0530,
-150,z,81,81,18,z,1,0.5460197080101352,None,,,,,18,81,81,3,708.8501000420074,,708.8414829590038,708.8501000420074,709.8392580000072,709.8392580000072,709.8392580000072,709.8392580000072,709.8468151670095,710.8381713340059,710.8381713340059,711.3906054590043,,,,,z,1,0.5460197080101352,None,03,001,2025-10-02_17h52.12.683,motor sequence learning,,2025.1.1,None,2025-10-02 17h52.26.045718 +0530,
50,c,82,82,24,c,1,0.4003994170052465,None,,,,,24,82,82,2,711.398482375007,,711.3909681670048,711.398482375007,712.3892247920012,712.3892247920012,712.3892247920012,712.3892247920012,712.3966012500023,713.3896393750038,713.3896393750038,713.7999683340022,,,,,c,1,0.4003994170052465,None,03,001,2025-10-02_17h52.12.683,motor sequence learning,,2025.1.1,None,2025-10-02 17h52.26.045718 +0530,
-50,x,83,83,22,x,1,0.41734537499723956,None,,,,,22,83,83,0,713.8056476250058,,713.8002984589984,713.8056476250058,714.7977793750033,714.7977793750033,714.7977793750033,714.7977793750033,714.7977793750033,715.7967232500087,715.7967232500087,716.2225640840043,,,,,x,1,0.41734537499723956,None,03,001,2025-10-02_17h52.12.683,motor sequence learning,,2025.1.1,None,2025-10-02 17h52.26.045718 +0530,
-150,z,84,84,19,z,1,0.6903172910097055,None,,,,,19,84,84,3,716.2306122919981,,716.2229231670062,716.2306122919981,717.2153152090032,717.2153152090032,717.2153152090032,717.2153152090032,717.222886500007,718.2137790840061,718.2137790840061,718.9073616250098,,,,,z,1,0.6903172910097055,None,03,001,2025-10-02_17h52.12.683,motor sequence learning,,2025.1.1,None,2025-10-02 17h52.26.045718 +0530,
-150,z,85,85,20,z,1,3.30206045799423,None,,,,,20,85,85,3,718.9124344590091,,718.9079170000041,718.9124344590091,719.90598804201,719.90598804201,719.90598804201,719.90598804201,719.9135631670069,720.9058652920066,720.9058652920066,724.2125414170005,,,,,z,1,3.30206045799423,None,03,001,2025-10-02_17h52.12.683,motor sequence learning,,2025.1.1,None,2025-10-02 17h52.26.045718 +0530,
150,v,86,86,17,v,1,0.7509535830031382,None,,,,,17,86,86,1,724.2214610420051,,724.212907417008,724.2214610420051,725.204731750011,725.204731750011,725.204731750011,725.204731750011,725.212250334007,726.2047717920068,726.2047717920068,726.9569091669982,,,,,v,1,0.7509535830031382,None,03,001,2025-10-02_17h52.12.683,motor sequence learning,,2025.1.1,None,2025-10-02 17h52.26.045718 +0530,
150,v,87,87,18,v,1,0.546871041005943,None,,,,,18,87,87,1,726.9660230840091,,726.9573322500073,726.9660230840091,727.9468433750008,727.9468433750008,727.9468433750008,727.9468433750008,727.9616769590066,728.9469369590079,728.9469369590079,729.5004544999974,,,,,v,1,0.546871041005943,None,03,001,2025-10-02_17h52.12.683,motor sequence learning,,2025.1.1,None,2025-10-02 17h52.26.045718 +0530,
50,c,88,88,25,c,1,0.35911462499643676,None,,,,,25,88,88,2,729.522685709002,,729.5008188750071,729.522685709002,730.4984973340033,730.4984973340033,730.4984973340033,730.4984973340033,730.5134804590052,731.4965025840065,731.4965025840065,731.8576543340023,,,,,c,1,0.35911462499643676,None,03,001,2025-10-02_17h52.12.683,motor sequence learning,,2025.1.1,None,2025-10-02 17h52.26.045718 +0530,
50,c,89,89,26,c,1,0.4276130830112379,None,,,,,26,89,89,2,731.8675283750053,,731.8581456250104,731.8675283750053,732.8548386670009,732.8548386670009,732.8548386670009,732.8548386670009,732.8624380840047,733.8550511250069,733.8550511250069,734.2906535000075,,,,,c,1,0.4276130830112379,None,03,001,2025-10-02_17h52.12.683,motor sequence learning,,2025.1.1,None,2025-10-02 17h52.26.045718 +0530,
-150,z,90,90,21,z,1,0.6639417080004932,None,,,,,21,90,90,3,734.2996875000099,,734.2911123750091,734.2996875000099,735.289286750005,735.289286750005,735.289286750005,735.289286750005,735.2968822500115,736.2896944170061,736.2896944170061,736.9573744170048,,,,,z,1,0.6639417080004932,None,03,001,2025-10-02_17h52.12.683,motor sequence learning,,2025.1.1,None,2025-10-02 17h52.26.045718 +0530,
150,v,91,91,19,v,1,0.44770291600434575,None,,,,,19,91,91,1,736.9659157090064,,736.957789292006,736.9659157090064,737.9560757920117,737.9560757920117,737.9560757920117,737.9560757920117,737.9638008340116,738.9558915420057,738.9558915420057,739.4062724170071,,,,,v,1,0.44770291600434575,None,03,001,2025-10-02_17h52.12.683,motor sequence learning,,2025.1.1,None,2025-10-02 17h52.26.045718 +0530,
150,v,92,92,20,v,1,0.4655990409955848,None,,,,,20,92,92,1,739.4110455000045,,739.40651595901,739.4110455000045,740.3975424170058,740.3975424170058,740.3975424170058,740.3975424170058,740.4049560840067,741.3958337920049,741.3958337920049,741.8631656670041,,,,,v,1,0.4655990409955848,None,03,001,2025-10-02_17h52.12.683,motor sequence learning,,2025.1.1,None,2025-10-02 17h52.26.045718 +0530,
50,c,93,93,27,c,1,0.4688937500031898,None,,,,,27,93,93,2,741.872605084005,,741.8635740000027,741.872605084005,742.8644461670046,742.8644461670046,742.8644461670046,742.8644461670046,742.8644461670046,743.8564217090025,743.8564217090025,744.3310357500013,,,,,c,1,0.4688937500031898,None,03,001,2025-10-02_17h52.12.683,motor sequence learning,,2025.1.1,None,2025-10-02 17h52.26.045718 +0530,
-50,x,94,94,23,x,1,0.4894693329988513,None,,,,,23,94,94,0,744.3394829590106,,744.3313815840083,744.3394829590106,745.3317225420033,745.3317225420033,745.3317225420033,745.3317225420033,745.3317225420033,746.3308689999976,746.3308689999976,746.8241962500033,,,,,x,1,0.4894693329988513,None,03,001,2025-10-02_17h52.12.683,motor sequence learning,,2025.1.1,None,2025-10-02 17h52.26.045718 +0530,
150,v,95,95,21,v,1,0.47581624999293126,None,,,,,21,95,95,1,746.8326507090096,,746.8246142920107,746.8326507090096,747.8215510419977,747.8215510419977,747.8215510419977,747.8215510419977,747.8290792920016,748.814403167009,748.814403167009,749.2973057500058,,,,,v,1,0.47581624999293126,None,03,001,2025-10-02_17h52.12.683,motor sequence learning,,2025.1.1,None,2025-10-02 17h52.26.045718 +0530,
150,v,96,96,22,v,1,0.5122748330031754,None,,,,,22,96,96,1,749.3054490420036,,749.2976764170016,749.3054490420036,750.2984395840031,750.2984395840031,750.2984395840031,750.2984395840031,750.2984395840031,751.296057917003,751.296057917003,751.813563750009,,,,,v,1,0.5122748330031754,None,03,001,2025-10-02_17h52.12.683,motor sequence learning,,2025.1.1,None,2025-10-02 17h52.26.045718 +0530,
-50,x,97,97,24,x,1,0.6802667080046376,None,,,,,24,97,97,0,751.822304500005,,751.8140249999997,751.822304500005,752.8150044170034,752.8150044170034,752.8150044170034,752.8150044170034,752.8150044170034,753.8139488340094,753.8139488340094,754.4974621250003,,,,,x,1,0.6802667080046376,None,03,001,2025-10-02_17h52.12.683,motor sequence learning,,2025.1.1,None,2025-10-02 17h52.26.045718 +0530,
-50,x,98,98,25,x,1,0.41028704099880997,None,,,,,25,98,98,0,754.5067635000014,,754.4978494170064,754.5067635000014,755.4981062919978,755.4981062919978,755.4981062919978,755.4981062919978,755.4981062919978,756.4968684589985,756.4968684589985,756.9122233750095,,,,,x,1,0.41028704099880997,None,03,001,2025-10-02_17h52.12.683,motor sequence learning,,2025.1.1,None,2025-10-02 17h52.26.045718 +0530,
50,c,99,99,28,c,1,0.38381425000261515,None,,,,,28,99,99,2,756.9215612499975,,756.9125779590104,756.9215612499975,757.9136159170012,757.9136159170012,757.9136159170012,757.9136159170012,757.9136159170012,758.9052533750073,758.9052533750073,759.2907591250114,,,,,c,1,0.38381425000261515,None,03,001,2025-10-02_17h52.12.683,motor sequence learning,,2025.1.1,None,2025-10-02 17h52.26.045718 +0530,
150,v,100,100,23,v,1,1.3716383749997476,None,,,,,23,100,100,1,759.300048834004,,759.2912137500098,759.300048834004,760.289400624999,760.289400624999,760.289400624999,760.289400624999,760.2970612920035,761.2894445420097,761.2894445420097,762.6644053339987,,,,,v,1,1.3716383749997476,None,03,001,2025-10-02_17h52.12.683,motor sequence learning,,2025.1.1,None,2025-10-02 17h52.26.045718 +0530,
-50,x,101,101,26,x,1,0.6166102910065092,None,,,,,26,101,101,0,762.6734165840026,,762.664868042004,762.6734165840026,763.6653204169997,763.6653204169997,763.6653204169997,763.6653204169997,763.6653204169997,764.6643010420084,764.6643010420084,765.2891123340087,,,,,x,1,0.6166102910065092,None,03,001,2025-10-02_17h52.12.683,motor sequence learning,,2025.1.1,None,2025-10-02 17h52.26.045718 +0530,
-150,z,102,102,22,z,1,0.6382955830049468,None,,,,,22,102,102,3,765.2974397090002,,765.2895003750018,765.2974397090002,766.2808489590097,766.2808489590097,766.2808489590097,766.2808489590097,766.2883777090028,767.2796950420015,767.2796950420015,767.9245544590085,,,,,z,1,0.6382955830049468,None,03,001,2025-10-02_17h52.12.683,motor sequence learning,,2025.1.1,None,2025-10-02 17h52.26.045718 +0530,
-50,x,103,103,27,x,1,0.5611848749977071,None,,,,,27,103,103,0,767.933844500003,,767.9250319170096,767.933844500003,768.9219543340005,768.9219543340005,768.9219543340005,768.9219543340005,768.9296302090079,769.9216054170101,769.9216054170101,770.4911126670049,,,,,x,1,0.5611848749977071,None,03,001,2025-10-02_17h52.12.683,motor sequence learning,,2025.1.1,None,2025-10-02 17h52.26.045718 +0530,
-150,z,104,104,23,z,1,0.44430337399535347,None,,,,,23,104,104,3,770.5001832499984,,770.4915375840064,770.5001832499984,771.4882925420097,771.4882925420097,771.4882925420097,771.4882925420097,771.4957490420056,772.4895395839994,772.4895395839994,772.9400245840079,,,,,z,1,0.44430337399535347,None,03,001,2025-10-02_17h52.12.683,motor sequence learning,,2025.1.1,None,2025-10-02 17h52.26.045718 +0530,
-150,z,105,105,24,z,1,0.4779954169935081,None,,,,,24,105,105,3,772.9455507090024,,772.9404704589979,772.9455507090024,773.9313515000104,773.9313515000104,773.9313515000104,773.9313515000104,773.9385781669989,774.9307280000066,774.9307280000066,775.4127255420026,,,,,z,1,0.4779954169935081,None,03,001,2025-10-02_17h52.12.683,motor sequence learning,,2025.1.1,None,2025-10-02 17h52.26.045718 +0530,
150,v,106,106,24,c,0,0.5385338330088416,None,,,,,24,106,106,1,775.4215483340085,,775.4130696250068,775.4215483340085,776.4060265000007,776.4060265000007,776.4060265000007,776.4060265000007,776.412761042011,777.405220917004,777.405220917004,777.9453074170015,,,,,c,0,0.5385338330088416,None,03,001,2025-10-02_17h52.12.683,motor sequence learning,,2025.1.1,None,2025-10-02 17h52.26.045718 +0530,
-150,z,107,107,25,z,1,0.4611337489914149,None,,,,,25,107,107,3,777.9553468750091,,777.9456531670003,777.9553468750091,778.9395721250039,778.9395721250039,778.9395721250039,778.9395721250039,778.9468733340036,779.9385694590019,779.9385694590019,780.4068021249986,,,,,z,1,0.4611337489914149,None,03,001,2025-10-02_17h52.12.683,motor sequence learning,,2025.1.1,None,2025-10-02 17h52.26.045718 +0530,
-150,z,108,108,26,z,1,0.5069087500014575,None,,,,,26,108,108,3,780.4149430840043,,780.4071853339992,780.4149430840043,781.3980363750015,781.3980363750015,781.3980363750015,781.3980363750015,781.4051565420086,782.3976987500064,782.3976987500064,782.907889042006,,,,,z,1,0.5069087500014575,None,03,001,2025-10-02_17h52.12.683,motor sequence learning,,2025.1.1,None,2025-10-02 17h52.26.045718 +0530,
150,v,109,109,25,v,1,0.49037366699485574,None,,,,,25,109,109,1,782.9162149170006,,782.9083332500013,782.9162149170006,783.9050182089995,783.9050182089995,783.9050182089995,783.9050182089995,783.9125455419999,784.9051338749996,784.9051338749996,785.397725584,,,,,v,1,0.49037366699485574,None,03,001,2025-10-02_17h52.12.683,motor sequence learning,,2025.1.1,None,2025-10-02 17h52.26.045718 +0530,
50,c,110,110,29,x,0,0.5331964999932097,None,,,,,29,110,110,2,785.4064247920032,,785.3981704590115,785.4064247920032,786.3981141670083,786.3981141670083,786.3981141670083,786.3981141670083,786.3981141670083,787.3973427090095,787.3973427090095,787.9406765840104,,,,,x,0,0.5331964999932097,None,03,001,2025-10-02_17h52.12.683,motor sequence learning,,2025.1.1,None,2025-10-02 17h52.26.045718 +0530,
-150,z,111,111,27,z,1,1.3590000830008648,None,,,,,27,111,111,3,787.9490515840007,,787.9410720000014,787.9490515840007,788.931831000009,788.931831000009,788.931831000009,788.931831000009,788.939570625007,789.9383597920096,789.9383597920096,791.3073005839979,,,,,z,1,1.3590000830008648,None,03,001,2025-10-02_17h52.12.683,motor sequence learning,,2025.1.1,None,2025-10-02 17h52.26.045718 +0530,
150,v,112,112,26,v,1,0.9211247499915771,None,,,,,26,112,112,1,791.3164637090085,,791.3078367920098,791.3164637090085,792.3050502500118,792.3050502500118,792.3050502500118,792.3050502500118,792.3118814170011,793.2972050000099,793.2972050000099,794.2236483340093,,,,,v,1,0.9211247499915771,None,03,001,2025-10-02_17h52.12.683,motor sequence learning,,2025.1.1,None,2025-10-02 17h52.26.045718 +0530,
150,v,113,113,27,v,1,0.6765898750018096,None,,,,,27,113,113,1,794.231067708999,,794.2239945839974,794.231067708999,795.2152737090073,795.2152737090073,795.2152737090073,795.2152737090073,795.2225778749998,796.2136707919999,796.2136707919999,796.9008722090075,,,,,v,1,0.6765898750018096,None,03,001,2025-10-02_17h52.12.683,motor sequence learning,,2025.1.1,None,2025-10-02 17h52.26.045718 +0530,
50,c,114,114,30,c,1,0.7164686670002993,None,,,,,30,114,114,2,796.9062391250045,,796.9012460420054,796.9062391250045,797.8981416669994,797.8981416669994,797.8981416669994,797.8981416669994,797.8981416669994,798.8977533340076,798.8977533340076,799.6240504169982,,,,,c,1,0.7164686670002993,None,03,001,2025-10-02_17h52.12.683,motor sequence learning,,2025.1.1,None,2025-10-02 17h52.26.045718 +0530,
50,c,115,115,31,c,1,0.42461329099023715,None,,,,,31,115,115,2,799.6325734170096,,799.6245010840066,799.6325734170096,800.6228557090071,800.6228557090071,800.6228557090071,800.6228557090071,800.6303664170118,801.6145131670055,801.6145131670055,802.0465847919986,,,,,c,1,0.42461329099023715,None,03,001,2025-10-02_17h52.12.683,motor sequence learning,,2025.1.1,None,2025-10-02 17h52.26.045718 +0530,
-50,x,116,116,28,x,1,0.6276606659957906,None,,,,,28,116,116,0,802.0551013340009,,802.0470013340091,802.0551013340009,803.0384455840103,803.0384455840103,803.0384455840103,803.0384455840103,803.046122084008,804.0383409170026,804.0383409170026,804.6744432499981,,,,,x,1,0.6276606659957906,None,03,001,2025-10-02_17h52.12.683,motor sequence learning,,2025.1.1,None,2025-10-02 17h52.26.045718 +0530,
-50,x,117,117,29,x,1,0.7183795829914743,None,,,,,29,117,117,0,804.6823842500016,,804.6748946250009,804.6823842500016,805.6718188750092,805.6718188750092,805.6718188750092,805.6718188750092,805.679545542007,806.6716739590047,806.6716739590047,807.397230417002,,,,,x,1,0.7183795829914743,None,03,001,2025-10-02_17h52.12.683,motor sequence learning,,2025.1.1,None,2025-10-02 17h52.26.045718 +0530,
150,v,118,118,28,v,1,0.6673364990128903,None,,,,,28,118,118,1,807.4069389170036,,807.397642750002,807.4069389170036,808.3979729590064,808.3979729590064,808.3979729590064,808.3979729590064,808.3979729590064,809.3885548750113,809.3885548750113,810.0573296670045,,,,,v,1,0.6673364990128903,None,03,001,2025-10-02_17h52.12.683,motor sequence learning,,2025.1.1,None,2025-10-02 17h52.26.045718 +0530,
-150,z,119,119,28,z,1,1.0487541659967974,None,,,,,28,119,119,3,810.0623940000078,,810.0577774170088,810.0623940000078,811.0487890840013,811.0487890840013,811.0487890840013,811.0487890840013,811.0559696670098,812.0561938340106,812.0561938340106,813.1072873340017,,,,,z,1,1.0487541659967974,None,03,001,2025-10-02_17h52.12.683,motor sequence learning,,2025.1.1,None,2025-10-02 17h52.26.045718 +0530,
-50,x,120,120,30,x,1,0.4326354170043487,None,,,,,30,120,120,0,813.1132354170113,,813.1077297919983,813.1132354170113,814.1061002089991,814.1061002089991,814.1061002089991,814.1061002089991,814.1126762500062,815.1061409590038,815.1061409590038,815.5408384590119,,,,,x,1,0.4326354170043487,None,03,001,2025-10-02_17h52.12.683,motor sequence learning,,2025.1.1,None,2025-10-02 17h52.26.045718 +0530,
-150,z,121,121,29,z,1,0.6878638750058599,None,,,,,29,121,121,3,815.5455664170004,,815.5414068340033,815.5455664170004,816.5397475000063,816.5397475000063,816.5397475000063,816.5397475000063,816.5397475000063,817.5308883750113,817.5308883750113,818.2235079590027,,,,,z,1,0.6878638750058599,None,03,001,2025-10-02_17h52.12.683,motor sequence learning,,2025.1.1,None,2025-10-02 17h52.26.045718 +0530,
150,v,122,122,29,v,1,0.6247980410116725,None,,,,,29,122,122,1,818.2322437920084,,818.2239259170019,818.2322437920084,819.2147534170072,819.2147534170072,819.2147534170072,819.2147534170072,819.2218693750037,820.2139482500061,820.2139482500061,820.8409842500114,,,,,v,1,0.6247980410116725,None,03,001,2025-10-02_17h52.12.683,motor sequence learning,,2025.1.1,None,2025-10-02 17h52.26.045718 +0530,
-50,x,123,123,31,x,1,0.9246402910066536,None,,,,,31,123,123,0,820.8492196250008,,820.841512250001,820.8492196250008,821.838583625009,821.838583625009,821.838583625009,821.838583625009,821.8460469999991,822.8400326249975,822.8400326249975,823.7745906670025,,,,,x,1,0.9246402910066536,None,03,001,2025-10-02_17h52.12.683,motor sequence learning,,2025.1.1,None,2025-10-02 17h52.26.045718 +0530,
150,v,124,124,30,v,1,0.7704199169966159,None,,,,,30,124,124,1,823.7832234590023,,823.775019875,823.7832234590023,824.771795749999,824.771795749999,824.771795749999,824.771795749999,824.7792520000075,825.7721265840082,825.7721265840082,826.5458896670025,,,,,v,1,0.7704199169966159,None,03,001,2025-10-02_17h52.12.683,motor sequence learning,,2025.1.1,None,2025-10-02 17h52.26.045718 +0530,
150,v,125,125,31,v,1,0.43202266600565054,None,,,,,31,125,125,1,826.555156167,,826.5462595840072,826.555156167,827.5488168340089,827.5488168340089,827.5488168340089,827.5488168340089,827.5488168340089,828.5395896670088,828.5395896670088,828.9744073750044,,,,,v,1,0.43202266600565054,None,03,001,2025-10-02_17h52.12.683,motor sequence learning,,2025.1.1,None,2025-10-02 17h52.26.045718 +0530,
150,v,126,126,32,v,1,0.38663504100986756,None,,,,,32,126,126,1,828.979071875001,,828.974946125003,828.979071875001,829.972942834007,829.972942834007,829.972942834007,829.972942834007,829.972942834007,830.9717882500117,830.9717882500117,831.3628740420099,,,,,v,1,0.38663504100986756,None,03,001,2025-10-02_17h52.12.683,motor sequence learning,,2025.1.1,None,2025-10-02 17h52.26.045718 +0530,
150,v,127,127,33,v,1,0.3455030000041006,None,,,,,33,127,127,1,831.3721505420108,,831.3632879170036,831.3721505420108,832.3561432090064,832.3561432090064,832.3561432090064,832.3561432090064,832.3636738339992,833.3619429590035,833.3619429590035,833.7141604170029,,,,,v,1,0.3455030000041006,None,03,001,2025-10-02_17h52.12.683,motor sequence learning,,2025.1.1,None,2025-10-02 17h52.26.045718 +0530,
50,c,128,128,32,c,1,0.6999093330086907,None,,,,,32,128,128,2,833.7219518750062,,833.7145211250026,833.7219518750062,834.714472874999,834.714472874999,834.714472874999,834.714472874999,834.714472874999,835.7053964590013,835.7053964590013,836.4081526250084,,,,,c,1,0.6999093330086907,None,03,001,2025-10-02_17h52.12.683,motor sequence learning,,2025.1.1,None,2025-10-02 17h52.26.045718 +0530,
150,v,129,129,34,v,1,0.42297262499050703,None,,,,,34,129,129,1,836.4170142920048,,836.4086384590046,836.4170142920048,837.405256375001,837.405256375001,837.405256375001,837.405256375001,837.4129207500082,838.4053738340008,838.4053738340008,838.8318700000091,,,,,v,1,0.42297262499050703,None,03,001,2025-10-02_17h52.12.683,motor sequence learning,,2025.1.1,None,2025-10-02 17h52.26.045718 +0530,
50,c,130,130,33,c,1,0.4021524989948375,None,,,,,33,130,130,2,838.8402008749981,,838.8322515000036,838.8402008749981,839.8314176249987,839.8314176249987,839.8314176249987,839.8314176249987,839.8314176249987,840.8300429590017,840.8300429590017,841.2397762500041,,,,,c,1,0.4021524989948375,None,03,001,2025-10-02_17h52.12.683,motor sequence learning,,2025.1.1,None,2025-10-02 17h52.26.045718 +0530,
50,c,131,131,34,c,1,0.3422446240001591,None,,,,,34,131,131,2,841.248222417009,,841.2402097500017,841.248222417009,842.231241417001,842.231241417001,842.231241417001,842.231241417001,842.2386264590023,843.2309029169992,843.2309029169992,843.582968792005,,,,,c,1,0.3422446240001591,None,03,001,2025-10-02_17h52.12.683,motor sequence learning,,2025.1.1,None,2025-10-02 17h52.26.045718 +0530,
150,v,132,132,35,v,1,0.4169415829965146,None,,,,,35,132,132,1,843.5885172920098,,843.5833165840013,843.5885172920098,844.5813300840091,844.5813300840091,844.5813300840091,844.5813300840091,844.5813300840091,845.581220084001,845.581220084001,846.0071695000079,,,,,v,1,0.4169415829965146,None,03,001,2025-10-02_17h52.12.683,motor sequence learning,,2025.1.1,None,2025-10-02 17h52.26.045718 +0530,
-150,z,133,133,30,z,1,0.8735504579963163,None,,,,,30,133,133,3,846.0151209590113,,846.0075372499996,846.0151209590113,846.9983835419989,846.9983835419989,846.9983835419989,846.9983835419989,847.0061056249979,847.997565209007,847.997565209007,848.8744840420113,,,,,z,1,0.8735504579963163,None,03,001,2025-10-02_17h52.12.683,motor sequence learning,,2025.1.1,None,2025-10-02 17h52.26.045718 +0530,
150,v,134,134,36,v,1,0.6695387910003774,None,,,,,36,134,134,1,848.8790263340052,,848.8750107500091,848.8790263340052,849.8730069590092,849.8730069590092,849.8730069590092,849.8730069590092,849.879692167,850.8724827500118,850.8724827500118,851.5474362920068,,,,,v,1,0.6695387910003774,None,03,001,2025-10-02_17h52.12.683,motor sequence learning,,2025.1.1,None,2025-10-02 17h52.26.045718 +0530,
-150,z,135,135,31,z,1,0.46189983299700543,None,,,,,31,135,135,3,851.5559698340076,,851.5478561670025,851.5559698340076,852.5488646250014,852.5488646250014,852.5488646250014,852.5488646250014,852.5488646250014,853.5481227090058,853.5481227090058,854.024262625011,,,,,z,1,0.46189983299700543,None,03,001,2025-10-02_17h52.12.683,motor sequence learning,,2025.1.1,None,2025-10-02 17h52.26.045718 +0530,
-50,x,136,136,32,x,1,0.4292376250086818,None,,,,,32,136,136,0,854.0324057500111,,854.0247018340015,854.0324057500111,855.0158995000093,855.0158995000093,855.0158995000093,855.0158995000093,855.0233135000017,856.0146268750104,856.0146268750104,856.4471798340091,,,,,x,1,0.4292376250086818,None,03,001,2025-10-02_17h52.12.683,motor sequence learning,,2025.1.1,None,2025-10-02 17h52.26.045718 +0530,
150,v,137,137,37,v,1,0.38115762500092387,None,,,,,37,137,137,1,856.455434375006,,856.4476145840017,856.455434375006,857.4386957500101,857.4386957500101,857.4386957500101,857.4386957500101,857.4462128340092,858.4476949170057,858.4476949170057,858.8414316249982,,,,,v,1,0.38115762500092387,None,03,001,2025-10-02_17h52.12.683,motor sequence learning,,2025.1.1,None,2025-10-02 17h52.26.045718 +0530,
50,c,138,138,35,c,1,0.44511808299284894,None,,,,,35,138,138,2,858.8497567919985,,858.8419163750077,858.8497567919985,859.8386834590056,859.8386834590056,859.8386834590056,859.8386834590056,859.846184250011,860.8386380419979,860.8386380419979,861.2917351670039,,,,,c,1,0.44511808299284894,None,03,001,2025-10-02_17h52.12.683,motor sequence learning,,2025.1.1,None,2025-10-02 17h52.26.045718 +0530,
50,c,139,139,36,c,1,0.32302016600442585,None,,,,,36,139,139,2,861.300048709003,,861.2922239590116,861.300048709003,862.2886774170038,862.2886774170038,862.2886774170038,862.2886774170038,862.2963567920087,863.2887758750003,863.2887758750003,863.6140167090052,,,,,c,1,0.32302016600442585,None,03,001,2025-10-02_17h52.12.683,motor sequence learning,,2025.1.1,None,2025-10-02 17h52.26.045718 +0530,
-150,z,140,140,32,z,1,0.5265475410124054,None,,,,,32,140,140,3,863.6219400420086,,863.6143794590025,863.6219400420086,864.6145782500098,864.6145782500098,864.6145782500098,864.6145782500098,864.6145782500098,865.606059459009,865.606059459009,866.1409546670038,,,,,z,1,0.5265475410124054,None,03,001,2025-10-02_17h52.12.683,motor sequence learning,,2025.1.1,None,2025-10-02 17h52.26.045718 +0530,
150,v,141,141,38,v,1,0.42568116600159556,None,,,,,38,141,141,1,866.1499073340092,,866.1415663750086,866.1499073340092,867.1399320000055,867.1399320000055,867.1399320000055,867.1399320000055,867.1469826670073,868.1399037090014,868.1399037090014,868.5741424170119,,,,,v,1,0.42568116600159556,None,03,001,2025-10-02_17h52.12.683,motor sequence learning,,2025.1.1,None,2025-10-02 17h52.26.045718 +0530,
-50,x,142,142,33,x,1,0.3951112080103485,None,,,,,33,142,142,0,868.581997041998,,868.5745859590097,868.581997041998,869.5650729170011,869.5650729170011,869.5650729170011,869.5650729170011,869.5722271249979,870.5645453340112,870.5645453340112,870.9628397089982,,,,,x,1,0.3951112080103485,None,03,001,2025-10-02_17h52.12.683,motor sequence learning,,2025.1.1,None,2025-10-02 17h52.26.045718 +0530,
150,v,143,143,39,v,1,0.46308629200211726,None,,,,,39,143,143,1,870.9720911250042,,870.9631894589984,870.9720911250042,871.9554930000013,871.9554930000013,871.9554930000013,871.9554930000013,871.9633695840021,872.9553791670041,872.9553791670041,873.4250154170004,,,,,v,1,0.46308629200211726,None,03,001,2025-10-02_17h52.12.683,motor sequence learning,,2025.1.1,None,2025-10-02 17h52.26.045718 +0530,
-50,x,144,144,34,x,1,0.4293833330011694,None,,,,,34,144,144,0,873.4338216670003,,873.4255058340059,873.4338216670003,874.4234294170019,874.4234294170019,874.4234294170019,874.4234294170019,874.4312374170113,875.4231681670062,875.4231681670062,875.8573951670114,,,,,x,1,0.4293833330011694,None,03,001,2025-10-02_17h52.12.683,motor sequence learning,,2025.1.1,None,2025-10-02 17h52.26.045718 +0530,
-50,x,145,145,35,x,1,0.381298541004071,None,,,,,35,145,145,0,875.8618217500043,,875.8577496670041,875.8618217500043,876.8482487090077,876.8482487090077,876.8482487090077,876.8482487090077,876.8555104170082,877.8481794170075,877.8481794170075,878.2312895420037,,,,,x,1,0.381298541004071,None,03,001,2025-10-02_17h52.12.683,motor sequence learning,,2025.1.1,None,2025-10-02 17h52.26.045718 +0530,
-150,z,146,146,33,x,0,0.33807754098961595,None,,,,,33,146,146,3,878.238907625011,,878.2316721250099,878.238907625011,879.2331539170118,879.2331539170118,879.2331539170118,879.2331539170118,879.2331539170118,880.2313670420117,880.2313670420117,880.5747737920028,,,,,x,0,0.33807754098961595,None,03,001,2025-10-02_17h52.12.683,motor sequence learning,,2025.1.1,None,2025-10-02 17h52.26.045718 +0530,
50,c,147,147,37,c,1,0.46891633298946545,None,,,,,37,147,147,2,880.5837984170066,,880.5752102500119,880.5837984170066,881.572148584004,881.572148584004,881.572148584004,881.572148584004,881.5795777500025,882.572406709005,882.572406709005,883.0470802089985,,,,,c,1,0.46891633298946545,None,03,001,2025-10-02_17h52.12.683,motor sequence learning,,2025.1.1,None,2025-10-02 17h52.26.045718 +0530,
-50,x,148,148,36,x,1,0.5434744579979451,None,,,,,36,148,148,0,883.055426417006,,883.0475198339991,883.055426417006,884.0484926250065,884.0484926250065,884.0484926250065,884.0484926250065,884.0484926250065,885.0451430840039,885.0451430840039,885.5908835419978,,,,,x,1,0.5434744579979451,None,03,001,2025-10-02_17h52.12.683,motor sequence learning,,2025.1.1,None,2025-10-02 17h52.26.045718 +0530,
150,v,149,149,40,v,1,0.4769832919992041,None,,,,,40,149,149,1,885.5955133750103,,885.5912466669979,885.5955133750103,886.5813131670002,886.5813131670002,886.5813131670002,886.5813131670002,886.5888150000101,887.5802840840042,887.5802840840042,888.0625058340083,,,,,v,1,0.4769832919992041,None,03,001,2025-10-02_17h52.12.683,motor sequence learning,,2025.1.1,None,2025-10-02 17h52.26.045718 +0530,
50,c,150,150,38,c,1,0.630061707997811,None,,,,,38,150,150,2,888.0721197920066,,888.06286533401,888.0721197920066,889.0564370000066,889.0564370000066,889.0564370000066,889.0564370000066,889.0640954590053,890.0570983340003,890.0570983340003,890.6914636670117,,,,,c,1,0.630061707997811,None,03,001,2025-10-02_17h52.12.683,motor sequence learning,,2025.1.1,None,2025-10-02 17h52.26.045718 +0530,
-150,z,151,151,34,z,1,0.39117291699221823,None,,,,,34,151,151,3,890.6999635000102,,890.6918909170054,890.6999635000102,891.6890887500049,891.6890887500049,891.6890887500049,891.6890887500049,891.6965031250002,892.6899581670004,892.6899581670004,893.0916310840112,,,,,z,1,0.39117291699221823,None,03,001,2025-10-02_17h52.12.683,motor sequence learning,,2025.1.1,None,2025-10-02 17h52.26.045718 +0530,
150,v,152,152,41,v,1,0.5519654160016216,None,,,,,41,152,152,1,893.1002247920114,,893.092071667008,893.1002247920114,894.0892722090066,894.0892722090066,894.0892722090066,894.0892722090066,894.0974540840107,895.0890924590058,895.0890924590058,895.6465651250037,,,,,v,1,0.5519654160016216,None,03,001,2025-10-02_17h52.12.683,motor sequence learning,,2025.1.1,None,2025-10-02 17h52.26.045718 +0530,
-50,x,153,153,37,x,1,0.34696420800173655,None,,,,,37,153,153,0,895.6554201670078,,895.6469275420095,895.6554201670078,896.6485376250057,896.6485376250057,896.6485376250057,896.6485376250057,896.6485376250057,897.6400024590112,897.6400024590112,897.9915679590049,,,,,x,1,0.34696420800173655,None,03,001,2025-10-02_17h52.12.683,motor sequence learning,,2025.1.1,None,2025-10-02 17h52.26.045718 +0530,
150,v,154,154,42,v,1,0.4266626250027912,None,,,,,42,154,154,1,898.0001355840068,,897.9919929169992,898.0001355840068,898.9887821250013,898.9887821250013,898.9887821250013,898.9887821250013,898.9962607920024,899.9892245840019,899.9892245840019,900.4239882500115,,,,,v,1,0.4266626250027912,None,03,001,2025-10-02_17h52.12.683,motor sequence learning,,2025.1.1,None,2025-10-02 17h52.26.045718 +0530,
50,c,155,155,39,c,1,0.49700937399757095,None,,,,,39,155,155,2,900.4326162500074,,900.4243921669986,900.4326162500074,901.415016584011,901.415016584011,901.415016584011,901.415016584011,901.4222252090112,902.4139777920063,902.4139777920063,902.9127690000023,,,,,c,1,0.49700937399757095,None,03,001,2025-10-02_17h52.12.683,motor sequence learning,,2025.1.1,None,2025-10-02 17h52.26.045718 +0530,
50,c,156,156,40,c,1,0.4671596249972936,None,,,,,40,156,156,2,902.9235067499976,,902.9132052920031,902.9235067499976,903.9145797920064,903.9145797920064,903.9145797920064,903.9145797920064,903.9145797920064,904.9066648340086,904.9066648340086,905.3794845420052,,,,,c,1,0.4671596249972936,None,03,001,2025-10-02_17h52.12.683,motor sequence learning,,2025.1.1,None,2025-10-02 17h52.26.045718 +0530,
150,v,157,157,43,v,1,0.520894874993246,None,,,,,43,157,157,1,905.3888326250017,,905.3798367920099,905.3888326250017,906.3816848749993,906.3816848749993,906.3816848749993,906.3816848749993,906.3816848749993,907.3731336250057,907.3731336250057,907.8969844590029,,,,,v,1,0.520894874993246,None,03,001,2025-10-02_17h52.12.683,motor sequence learning,,2025.1.1,None,2025-10-02 17h52.26.045718 +0530,
50,c,158,158,41,c,1,0.41818716599664185,None,,,,,41,158,158,2,907.9055099170073,,907.8973807500006,907.9055099170073,908.888838334009,908.888838334009,908.888838334009,908.888838334009,908.8965188750008,909.8899080420088,909.8899080420088,910.313057959007,,,,,c,1,0.41818716599664185,None,03,001,2025-10-02_17h52.12.683,motor sequence learning,,2025.1.1,None,2025-10-02 17h52.26.045718 +0530,
50,c,159,159,42,c,1,0.393190749004134,None,,,,,42,159,159,2,910.3221741250018,,910.3135243340075,910.3221741250018,911.3055750420026,911.3055750420026,911.3055750420026,911.3055750420026,911.3131568750105,912.3055311670032,912.3055311670032,912.7070398750075,,,,,c,1,0.393190749004134,None,03,001,2025-10-02_17h52.12.683,motor sequence learning,,2025.1.1,None,2025-10-02 17h52.26.045718 +0530,
-50,x,160,160,38,x,1,0.42767687399464194,None,,,,,38,160,160,0,912.715508209003,,912.7074579170003,912.715508209003,913.6995566670084,913.6995566670084,913.6995566670084,913.6995566670084,913.7070867919974,914.6979791670019,914.6979791670019,915.1290824590105,,,,,x,1,0.42767687399464194,None,03,001,2025-10-02_17h52.12.683,motor sequence learning,,2025.1.1,None,2025-10-02 17h52.26.045718 +0530,
50,c,161,161,43,c,1,0.6888247919996502,None,,,,,43,161,161,2,915.1400877499982,,915.1294940420048,915.1400877499982,916.1233514170017,916.1233514170017,916.1233514170017,916.1233514170017,916.1315129170107,917.1238758750114,917.1238758750114,917.8156628750003,,,,,c,1,0.6888247919996502,None,03,001,2025-10-02_17h52.12.683,motor sequence learning,,2025.1.1,None,2025-10-02 17h52.26.045718 +0530,
-150,z,162,162,35,z,1,0.7617879579920555,None,,,,,35,162,162,3,917.8256693750009,,917.8160685839975,917.8256693750009,918.8160319169983,918.8160319169983,918.8160319169983,918.8160319169983,918.8234619170107,919.8135212500056,919.8135212500056,920.579792125005,,,,,z,1,0.7617879579920555,None,03,001,2025-10-02_17h52.12.683,motor sequence learning,,2025.1.1,None,2025-10-02 17h52.26.045718 +0530,
150,v,163,163,44,v,1,0.47827458300162107,None,,,,,44,163,163,1,920.5888391250046,,920.5801427500119,920.5888391250046,921.5732937920111,921.5732937920111,921.5732937920111,921.5732937920111,921.5799380000099,922.5801749170059,922.5801749170059,923.0636382920056,,,,,v,1,0.47827458300162107,None,03,001,2025-10-02_17h52.12.683,motor sequence learning,,2025.1.1,None,2025-10-02 17h52.26.045718 +0530,
-150,z,164,164,36,z,1,0.4086513329966692,None,,,,,36,164,164,3,923.0722125840111,,923.0639955840015,923.0722125840111,924.0562043340033,924.0562043340033,924.0562043340033,924.0562043340033,924.0637402499997,925.0566663750069,925.0566663750069,925.4732789590053,,,,,z,1,0.4086513329966692,None,03,001,2025-10-02_17h52.12.683,motor sequence learning,,2025.1.1,None,2025-10-02 17h52.26.045718 +0530,
-50,x,165,165,39,x,1,0.34925625000323635,None,,,,,39,165,165,0,925.4806838750083,,925.4736284170067,925.4806838750083,926.4642965000094,926.4642965000094,926.4642965000094,926.4642965000094,926.4722088749986,927.4641280840005,927.4641280840005,927.8143977500004,,,,,x,1,0.34925625000323635,None,03,001,2025-10-02_17h52.12.683,motor sequence learning,,2025.1.1,None,2025-10-02 17h52.26.045718 +0530,
-150,z,166,166,37,z,1,0.49789400000008754,None,,,,,37,166,166,3,927.8240055839997,,927.8147465420043,927.8240055839997,928.8155811670003,928.8155811670003,928.8155811670003,928.8155811670003,928.8155811670003,929.8064320840058,929.8064320840058,930.3077888749976,,,,,z,1,0.49789400000008754,None,03,001,2025-10-02_17h52.12.683,motor sequence learning,,2025.1.1,None,2025-10-02 17h52.26.045718 +0530,
-150,z,167,167,38,z,1,0.801703458011616,None,,,,,38,167,167,3,930.3133533750079,,930.3081998749985,930.3133533750079,931.2995801250072,931.2995801250072,931.2995801250072,931.2995801250072,931.3072785000113,932.3074745000049,932.3074745000049,933.1142447919992,,,,,z,1,0.801703458011616,None,03,001,2025-10-02_17h52.12.683,motor sequence learning,,2025.1.1,None,2025-10-02 17h52.26.045718 +0530,
-50,x,168,168,40,x,1,1.496664457998122,None,,,,,40,168,168,0,933.122426959002,,933.1146581250068,933.122426959002,934.1055915840116,934.1055915840116,934.1055915840116,934.1055915840116,934.1131010420067,935.1145322090015,935.1145322090015,936.6244970420084,,,,,x,1,1.496664457998122,None,03,001,2025-10-02_17h52.12.683,motor sequence learning,,2025.1.1,None,2025-10-02 17h52.26.045718 +0530,
-50,x,169,169,41,x,1,0.6802120409993222,None,,,,,41,169,169,0,936.6330491670087,,936.6249354590109,936.6330491670087,937.6227965420112,937.6227965420112,937.6227965420112,937.6227965420112,937.6304262500053,938.6139492500079,938.6139492500079,939.2982489999995,,,,,x,1,0.6802120409993222,None,03,001,2025-10-02_17h52.12.683,motor sequence learning,,2025.1.1,None,2025-10-02 17h52.26.045718 +0530,
50,c,170,170,44,c,1,0.503160583000863,None,,,,,44,170,170,2,939.306942042007,,939.2986798750062,939.306942042007,940.2984135840088,940.2984135840088,940.2984135840088,940.2984135840088,940.2984135840088,941.2979166250007,941.2979166250007,941.8078887500014,,,,,c,1,0.503160583000863,None,03,001,2025-10-02_17h52.12.683,motor sequence learning,,2025.1.1,None,2025-10-02 17h52.26.045718 +0530,
150,v,171,171,45,v,1,1.148756124995998,None,,,,,45,171,171,1,941.8171731670009,,941.8083517920022,941.8171731670009,942.806919834009,942.806919834009,942.806919834009,942.806919834009,942.8143206250097,943.8062513750046,943.8062513750046,944.9578520420037,,,,,v,1,1.148756124995998,None,03,001,2025-10-02_17h52.12.683,motor sequence learning,,2025.1.1,None,2025-10-02 17h52.26.045718 +0530,
-150,z,172,172,39,z,1,0.47314470799756236,None,,,,,39,172,172,3,944.9624424170033,,944.958226917006,944.9624424170033,945.9494362500118,945.9494362500118,945.9494362500118,945.9494362500118,945.957305709002,946.9566560420062,946.9566560420062,947.4309523340053,,,,,z,1,0.47314470799756236,None,03,001,2025-10-02_17h52.12.683,motor sequence learning,,2025.1.1,None,2025-10-02 17h52.26.045718 +0530,
-150,z,173,173,40,z,1,0.4694698749954114,None,,,,,40,173,173,3,947.4405957090057,,947.4314168749988,947.4405957090057,948.4330192500056,948.4330192500056,948.4330192500056,948.4330192500056,948.4330192500056,949.4314827500057,949.4314827500057,949.9084427500056,,,,,z,1,0.4694698749954114,None,03,001,2025-10-02_17h52.12.683,motor sequence learning,,2025.1.1,None,2025-10-02 17h52.26.045718 +0530,
50,c,174,174,45,c,1,1.1091203749965644,None,,,,,45,174,174,2,949.9172196250001,,949.9089765840035,949.9172196250001,950.9068735420005,950.9068735420005,950.9068735420005,950.9068735420005,950.9146345420013,951.9057022500056,951.9057022500056,953.024740125009,,,,,c,1,1.1091203749965644,None,03,001,2025-10-02_17h52.12.683,motor sequence learning,,2025.1.1,None,2025-10-02 17h52.26.045718 +0530,
-50,x,175,175,42,x,1,0.6177605410048272,None,,,,,42,175,175,0,953.0332133750053,,953.0251406669995,953.0332133750053,954.0229896250094,954.0229896250094,954.0229896250094,954.0229896250094,954.0303269170108,955.0239547090023,955.0239547090023,955.6464746249985,,,,,x,1,0.6177605410048272,None,03,001,2025-10-02_17h52.12.683,motor sequence learning,,2025.1.1,None,2025-10-02 17h52.26.045718 +0530,
-150,z,176,176,41,z,1,0.6239685000036843,None,,,,,41,176,176,3,955.655649459004,,955.6468717090029,955.655649459004,956.6490450420097,956.6490450420097,956.6490450420097,956.6490450420097,956.6490450420097,957.6397315420036,957.6397315420036,958.2741176670097,,,,,z,1,0.6239685000036843,None,03,001,2025-10-02_17h52.12.683,motor sequence learning,,2025.1.1,None,2025-10-02 17h52.26.045718 +0530,
-50,x,177,177,43,x,1,0.7415105830004904,None,,,,,43,177,177,0,958.2810600840021,,958.274432709004,958.2810600840021,959.2652453750052,959.2652453750052,959.2652453750052,959.2652453750052,959.2724073340069,960.2620255420043,960.2620255420043,961.0082053340011,,,,,x,1,0.7415105830004904,None,03,001,2025-10-02_17h52.12.683,motor sequence learning,,2025.1.1,None,2025-10-02 17h52.26.045718 +0530,
-150,z,178,178,42,z,1,0.6188327910058433,None,,,,,42,178,178,3,961.0133974170021,,961.0088893750071,961.0133974170021,962.0069152920041,962.0069152920041,962.0069152920041,962.0069152920041,962.0141964590002,963.0057379589998,963.0057379589998,963.6321562920057,,,,,z,1,0.6188327910058433,None,03,001,2025-10-02_17h52.12.683,motor sequence learning,,2025.1.1,None,2025-10-02 17h52.26.045718 +0530,
50,c,179,179,46,c,1,0.4266982490080409,None,,,,,46,179,179,2,963.6413805000047,,963.6326060840074,963.6413805000047,964.6322542920097,964.6322542920097,964.6322542920097,964.6322542920097,964.6395294590038,965.631821959003,965.631821959003,966.0625390000059,,,,,c,1,0.4266982490080409,None,03,001,2025-10-02_17h52.12.683,motor sequence learning,,2025.1.1,None,2025-10-02 17h52.26.045718 +0530,
-150,z,180,180,43,z,1,0.5317461659869878,None,,,,,43,180,180,3,966.0723215840117,,966.0629876250023,966.0723215840117,967.0557223750075,967.0557223750075,967.0557223750075,967.0557223750075,967.0631225420075,968.0557165000064,968.0557165000064,968.5916808750044,,,,,z,1,0.5317461659869878,None,03,001,2025-10-02_17h52.12.683,motor sequence learning,,2025.1.1,None,2025-10-02 17h52.26.045718 +0530,
150,v,181,181,46,v,1,0.7681751659984002,None,,,,,46,181,181,1,968.5999662500108,,968.5920924170059,968.5999662500108,969.590370209,969.590370209,969.590370209,969.590370209,969.5981042089988,970.5891971670062,970.5891971670062,971.3585361250007,,,,,v,1,0.7681751659984002,None,03,001,2025-10-02_17h52.12.683,motor sequence learning,,2025.1.1,None,2025-10-02 17h52.26.045718 +0530,
-150,z,182,182,44,z,1,0.34816516599676106,None,,,,,44,182,182,3,971.3670157500019,,971.3590036670066,971.3670157500019,972.3558195840014,972.3558195840014,972.3558195840014,972.3558195840014,972.3632809999981,973.3556582919991,973.3556582919991,973.7086788750021,,,,,z,1,0.34816516599676106,None,03,001,2025-10-02_17h52.12.683,motor sequence learning,,2025.1.1,None,2025-10-02 17h52.26.045718 +0530,
50,c,183,183,47,c,1,0.39839412400033325,None,,,,,47,183,183,2,973.7177452500036,,973.7091603750014,973.7177452500036,974.7070510000049,974.7070510000049,974.7070510000049,974.7070510000049,974.7146861250076,975.7058860840043,975.7058860840043,976.1075366669975,,,,,c,1,0.39839412400033325,None,03,001,2025-10-02_17h52.12.683,motor sequence learning,,2025.1.1,None,2025-10-02 17h52.26.045718 +0530,
-50,x,184,184,44,x,1,0.3924964159959927,None,,,,,44,184,184,0,976.1124195000011,,976.1080206250044,976.1124195000011,977.0989718339988,977.0989718339988,977.0989718339988,977.0989718339988,977.1058889590058,978.0977375840012,978.0977375840012,978.4964501670038,,,,,x,1,0.3924964159959927,None,03,001,2025-10-02_17h52.12.683,motor sequence learning,,2025.1.1,None,2025-10-02 17h52.26.045718 +0530,
150,v,185,185,47,v,1,0.5754981670033885,None,,,,,47,185,185,1,978.5057786670077,,978.4968001670059,978.5057786670077,979.4892419590033,979.4892419590033,979.4892419590033,979.4892419590033,979.4967920420022,980.490598000004,980.490598000004,981.0743724170025,,,,,v,1,0.5754981670033885,None,03,001,2025-10-02_17h52.12.683,motor sequence learning,,2025.1.1,None,2025-10-02 17h52.26.045718 +0530,
-150,z,186,186,45,z,1,0.40690299999550916,None,,,,,45,186,186,3,981.0816780840105,,981.0747314590117,981.0816780840105,982.0667457090021,982.0667457090021,982.0667457090021,982.0667457090021,982.0743650000077,983.0742167499993,983.0742167499993,983.4912631670013,,,,,z,1,0.40690299999550916,None,03,001,2025-10-02_17h52.12.683,motor sequence learning,,2025.1.1,None,2025-10-02 17h52.26.045718 +0530,
-50,x,187,187,45,x,1,0.3108204169984674,None,,,,,45,187,187,0,983.4996400840027,,983.491693834003,983.4996400840027,984.4822905839974,984.4822905839974,984.4822905839974,984.4822905839974,984.4895804999978,985.4801354170049,985.4801354170049,985.7985532090097,,,,,x,1,0.3108204169984674,None,03,001,2025-10-02_17h52.12.683,motor sequence learning,,2025.1.1,None,2025-10-02 17h52.26.045718 +0530,
-50,x,188,188,46,x,1,0.31285804200160783,None,,,,,46,188,188,0,985.8075797920028,,985.7989906250004,985.8075797920028,986.7987505420024,986.7987505420024,986.7987505420024,986.7987505420024,986.7987505420024,987.7892166670063,987.7892166670063,988.1073430000106,,,,,x,1,0.31285804200160783,None,03,001,2025-10-02_17h52.12.683,motor sequence learning,,2025.1.1,None,2025-10-02 17h52.26.045718 +0530,
150,v,189,189,48,v,1,0.46754116599913687,None,,,,,48,189,189,1,988.1146588340052,,988.1076796670095,988.1146588340052,989.0991734999989,989.0991734999989,989.0991734999989,989.0991734999989,989.1060770420008,990.0983450420026,990.0983450420026,990.5750828340097,,,,,v,1,0.46754116599913687,None,03,001,2025-10-02_17h52.12.683,motor sequence learning,,2025.1.1,None,2025-10-02 17h52.26.045718 +0530,
-150,z,190,190,46,z,1,0.5142745420016581,None,,,,,46,190,190,3,990.5840097920009,,990.5755130000034,990.5840097920009,991.5725313750008,991.5725313750008,991.5725313750008,991.5725313750008,991.5801632090006,992.5735903750028,992.5735903750028,993.0912238340097,,,,,z,1,0.5142745420016581,None,03,001,2025-10-02_17h52.12.683,motor sequence learning,,2025.1.1,None,2025-10-02 17h52.26.045718 +0530,
-150,z,191,191,47,z,1,0.5614747079962399,None,,,,,47,191,191,3,993.0963638340036,,993.091609791998,993.0963638340036,994.0822658750112,994.0822658750112,994.0822658750112,994.0822658750112,994.0892390840017,995.0902915839979,995.0902915839979,995.6571436250088,,,,,z,1,0.5614747079962399,None,03,001,2025-10-02_17h52.12.683,motor sequence learning,,2025.1.1,None,2025-10-02 17h52.26.045718 +0530,
150,v,192,192,49,v,1,0.7028118750022259,None,,,,,49,192,192,1,995.6622352920094,,995.6575272920018,995.6622352920094,996.6492503750051,996.6492503750051,996.6492503750051,996.6492503750051,996.6565861249983,997.6569646249991,997.6569646249991,998.3651400840026,,,,,v,1,0.7028118750022259,None,03,001,2025-10-02_17h52.12.683,motor sequence learning,,2025.1.1,None,2025-10-02 17h52.26.045718 +0530,
50,c,193,193,48,c,1,0.6155651250010123,None,,,,,48,193,193,2,998.3733672920062,,998.365574084004,998.3733672920062,999.3653246670001,999.3653246670001,999.3653246670001,999.3653246670001,999.3653246670001,1000.3562019170058,1000.3562019170058,1000.9753387500095,,,,,c,1,0.6155651250010123,None,03,001,2025-10-02_17h52.12.683,motor sequence learning,,2025.1.1,None,2025-10-02 17h52.26.045718 +0530,
-150,z,194,194,48,z,1,0.5802680000051623,None,,,,,48,194,194,3,1000.9845382500062,,1000.9757742920046,1000.9845382500062,1001.9725317499979,1001.9725317499979,1001.9725317499979,1001.9725317499979,1001.9798860840092,1002.9724302500108,1002.9724302500108,1003.5580336249986,,,,,z,1,0.5802680000051623,None,03,001,2025-10-02_17h52.12.683,motor sequence learning,,2025.1.1,None,2025-10-02 17h52.26.045718 +0530,
50,c,195,195,49,c,1,0.487712250003824,None,,,,,49,195,195,2,1003.5632975839981,,1003.5584661250032,1003.5632975839981,1004.5495597090048,1004.5495597090048,1004.5495597090048,1004.5495597090048,1004.5567480419995,1005.5478454590047,1005.5478454590047,1006.0411241250113,,,,,c,1,0.487712250003824,None,03,001,2025-10-02_17h52.12.683,motor sequence learning,,2025.1.1,None,2025-10-02 17h52.26.045718 +0530,
-150,z,196,196,49,z,1,0.3894826239993563,None,,,,,49,196,196,3,1006.0492783750087,,1006.041482708999,1006.0492783750087,1007.0326774170098,1007.0326774170098,1007.0326774170098,1007.0326774170098,1007.039970709011,1008.0409221669979,1008.0409221669979,1008.4408773750038,,,,,z,1,0.3894826239993563,None,03,001,2025-10-02_17h52.12.683,motor sequence learning,,2025.1.1,None,2025-10-02 17h52.26.045718 +0530,
-50,x,197,197,47,x,1,0.33292241700110026,None,,,,,47,197,197,0,1008.4454945000034,,1008.4412321670097,1008.4454945000034,1009.4325073750078,1009.4325073750078,1009.4325073750078,1009.4325073750078,1009.4400888340024,1010.4315213340014,1010.4315213340014,1010.775058625004,,,,,x,1,0.33292241700110026,None,03,001,2025-10-02_17h52.12.683,motor sequence learning,,2025.1.1,None,2025-10-02 17h52.26.045718 +0530,
-50,x,198,198,48,x,1,0.49770287399587687,None,,,,,48,198,198,0,1010.782898999998,,1010.7756422090024,1010.782898999998,1011.7737605000002,1011.7737605000002,1011.7737605000002,1011.7737605000002,1011.7810451670084,1012.772798334001,1012.772798334001,1013.2743716250116,,,,,x,1,0.49770287399587687,None,03,001,2025-10-02_17h52.12.683,motor sequence learning,,2025.1.1,None,2025-10-02 17h52.26.045718 +0530,
-50,x,199,199,49,x,1,0.4030262909946032,None,,,,,49,199,199,0,1013.2786826250085,,1013.2747240419994,1013.2786826250085,1014.2648842920025,1014.2648842920025,1014.2648842920025,1014.2648842920025,1014.2725753340055,1015.2644024590118,1015.2644024590118,1015.6746879170096,,,,,x,1,0.4030262909946032,None,03,001,2025-10-02_17h52.12.683,motor sequence learning,,2025.1.1,None,2025-10-02 17h52.26.045718 +0530,
