pos,corr_resp,thisN,thisTrialN,thisRepN,key_resp.keys,key_resp.corr,key_resp.rt,key_resp.duration,trials.thisRepN,trials.thisTrialN,trials.thisN,trials.thisIndex,trials_2.thisRepN,trials_2.thisTrialN,trials_2.thisN,trials_2.thisIndex,thisRow.t,notes,trial.started,fixation.started,line1.started,line2.started,line3.started,line4.started,fixation.stopped,probe.started,key_resp.started,trial.stopped,trials.key_resp.keys,trials.key_resp.corr,trials.key_resp.rt,trials.key_resp.duration,trials_2.key_resp.keys,trials_2.key_resp.corr,trials_2.key_resp.rt,trials_2.key_resp.duration,participant,session,date,expName,expVersion,psychopyVersion,frameRate,expStart,
-50,x,0,0,0,x,1,1.1450460000050953,None,0,0,0,0,,,,,0.02894016601203475,,0.02449787501245737,0.02894016601203475,1.0011388749990147,1.0011388749990147,1.0011388749990147,1.0011388749990147,1.0254895410034806,1.998702791010146,1.998702791010146,3.476179958001012,x,1,1.1450460000050953,None,,,,,1,001,2025-10-02_17h12.43.988,motor sequence learning,,2025.1.1,None,2025-10-02 17h13.09.745393 +0530,
150,v,1,1,0,v,1,0.8804447919974336,None,0,1,1,1,,,,,3.485281750006834,,3.476466791005805,3.485281750006834,4.465240875011659,4.465240875011659,4.465240875011659,4.465240875011659,4.480889416008722,5.464565375004895,5.464565375004895,6.350398082999163,v,1,0.8804447919974336,None,,,,,1,001,2025-10-02_17h12.43.988,motor sequence learning,,2025.1.1,None,2025-10-02 17h13.09.745393 +0530,
50,c,2,2,0,c,1,1.078916250000475,None,0,2,2,2,,,,,6.357760124999913,,6.350699875009013,6.357760124999913,7.349057666011504,7.349057666011504,7.349057666011504,7.349057666011504,7.349057666011504,8.348674875000142,8.348674875000142,9.433942208008375,c,1,1.078916250000475,None,,,,,1,001,2025-10-02_17h12.43.988,motor sequence learning,,2025.1.1,None,2025-10-02 17h13.09.745393 +0530,
-150,z,3,3,0,z,1,0.7909776659944328,None,0,3,3,3,,,,,9.441131166007835,,9.434280958012096,9.441131166007835,10.432451790999039,10.432451790999039,10.432451790999039,10.432451790999039,10.432451790999039,11.431717083003605,11.431717083003605,12.228292541010887,z,1,0.7909776659944328,None,,,,,1,001,2025-10-02_17h12.43.988,motor sequence learning,,2025.1.1,None,2025-10-02 17h13.09.745393 +0530,
-50,x,4,0,1,x,1,0.6465767909976421,None,1,0,4,0,,,,,12.234013250010321,,12.228563208002015,12.234013250010321,13.22551541600842,13.22551541600842,13.22551541600842,13.22551541600842,13.231942750004237,14.225555291006458,14.225555291006458,14.877893875003792,x,1,0.6465767909976421,None,,,,,1,001,2025-10-02_17h12.43.988,motor sequence learning,,2025.1.1,None,2025-10-02 17h13.09.745393 +0530,
150,v,5,1,1,v,1,0.8442257090064231,None,1,1,5,1,,,,,14.884097333007958,,14.878151750002871,14.884097333007958,15.875568083007238,15.875568083007238,15.875568083007238,15.875568083007238,15.882389500009594,16.875512500002515,16.875512500002515,17.727539416009677,v,1,0.8442257090064231,None,,,,,1,001,2025-10-02_17h12.43.988,motor sequence learning,,2025.1.1,None,2025-10-02 17h13.09.745393 +0530,
50,c,6,2,1,c,1,0.9700282080011675,None,1,2,6,2,,,,,17.73343120800564,,17.727783416004968,17.73343120800564,18.72552583301149,18.72552583301149,18.72552583301149,18.72552583301149,18.731509416000335,19.725567958012107,19.725567958012107,20.69951404099993,c,1,0.9700282080011675,None,,,,,1,001,2025-10-02_17h12.43.988,motor sequence learning,,2025.1.1,None,2025-10-02 17h13.09.745393 +0530,
-150,z,7,3,1,z,1,0.6989663330023177,None,1,3,7,3,,,,,20.708868665999034,,20.699766582998564,20.708868665999034,21.698061540999333,21.698061540999333,21.698061540999333,21.698061540999333,21.698061540999333,22.69790841601207,22.69790841601207,23.39908283299883,z,1,0.6989663330023177,None,,,,,1,001,2025-10-02_17h12.43.988,motor sequence learning,,2025.1.1,None,2025-10-02 17h13.09.745393 +0530,
-50,x,8,0,2,x,1,0.667371000003186,None,2,0,8,0,,,,,23.40887312500854,,23.399342750009964,23.40887312500854,24.39911695801129,24.39911695801129,24.39911695801129,24.39911695801129,24.39911695801129,25.39220479100186,25.39220479100186,26.061213500011945,x,1,0.667371000003186,None,,,,,1,001,2025-10-02_17h12.43.988,motor sequence learning,,2025.1.1,None,2025-10-02 17h13.09.745393 +0530,
150,v,9,1,2,v,1,1.029445707987179,None,2,1,9,1,,,,,26.065194750000956,,26.061469833002775,26.065194750000956,27.058859166005277,27.058859166005277,27.058859166005277,27.058859166005277,27.058859166005277,28.058965041011106,28.058965041011106,29.09495691600023,v,1,1.029445707987179,None,,,,,1,001,2025-10-02_17h12.43.988,motor sequence learning,,2025.1.1,None,2025-10-02 17h13.09.745393 +0530,
50,c,10,2,2,c,1,1.1853800000099,None,2,2,10,2,,,,,29.10110554100538,,29.09521870801109,29.10110554100538,30.0921822500095,30.0921822500095,30.0921822500095,30.0921822500095,30.09849437500816,31.092252416012343,31.092252416012343,32.28408995800419,c,1,1.1853800000099,None,,,,,1,001,2025-10-02_17h12.43.988,motor sequence learning,,2025.1.1,None,2025-10-02 17h13.09.745393 +0530,
-150,z,11,3,2,z,1,1.071212499999092,None,2,3,11,3,,,,,32.29132762500376,,32.284366666004644,32.29132762500376,33.28206808300456,33.28206808300456,33.28206808300456,33.28206808300456,33.28206808300456,34.282200958012254,34.282200958012254,35.36099549999926,z,1,1.071212499999092,None,,,,,1,001,2025-10-02_17h12.43.988,motor sequence learning,,2025.1.1,None,2025-10-02 17h13.09.745393 +0530,
-50,x,12,0,3,x,1,1.2102714579959866,None,3,0,12,0,,,,,35.36671579100948,,35.361219958009315,35.36671579100948,36.35898004101182,36.35898004101182,36.35898004101182,36.35898004101182,36.36437654100882,37.358902208012296,37.358902208012296,38.5775525830104,x,1,1.2102714579959866,None,,,,,1,001,2025-10-02_17h12.43.988,motor sequence learning,,2025.1.1,None,2025-10-02 17h13.09.745393 +0530,
150,v,13,1,3,v,1,1.2946114999940619,None,3,1,13,1,,,,,38.582594541003346,,38.57780533299956,38.582594541003346,39.57572833300219,39.57572833300219,39.57572833300219,39.57572833300219,39.582170708003105,40.57562670799962,40.57562670799962,41.87797179100744,v,1,1.2946114999940619,None,,,,,1,001,2025-10-02_17h12.43.988,motor sequence learning,,2025.1.1,None,2025-10-02 17h13.09.745393 +0530,
50,c,14,2,3,c,1,0.8556384169933153,None,3,2,14,2,,,,,41.88405279100698,,41.8782282910106,41.88405279100698,42.87556370800303,42.87556370800303,42.87556370800303,42.87556370800303,42.88198750000447,43.875604375003604,43.875604375003604,44.73428837500978,c,1,0.8556384169933153,None,,,,,1,001,2025-10-02_17h12.43.988,motor sequence learning,,2025.1.1,None,2025-10-02 17h13.09.745393 +0530,
-150,z,15,3,3,z,1,0.857903416006593,None,3,3,15,3,,,,,44.74128608300816,,44.73457066601259,44.74128608300816,45.73265804100083,45.73265804100083,45.73265804100083,45.73265804100083,45.73265804100083,46.73229075000563,46.73229075000563,47.59459183301078,z,1,0.857903416006593,None,,,,,1,001,2025-10-02_17h12.43.988,motor sequence learning,,2025.1.1,None,2025-10-02 17h13.09.745393 +0530,
-50,x,16,0,4,x,1,1.308745624992298,None,4,0,16,0,,,,,47.59852325000975,,47.594870375003666,47.59852325000975,48.59237170800043,48.59237170800043,48.59237170800043,48.59237170800043,48.59237170800043,49.59232445800444,49.59232445800444,50.91110829100944,x,1,1.308745624992298,None,,,,,1,001,2025-10-02_17h12.43.988,motor sequence learning,,2025.1.1,None,2025-10-02 17h13.09.745393 +0530,
150,v,17,1,4,v,1,0.6558232919924194,None,4,1,17,1,,,,,50.91615645799902,,50.91145808300644,50.91615645799902,51.90904254101042,51.90904254101042,51.90904254101042,51.90904254101042,51.91552370801219,52.909101875004126,52.909101875004126,53.56664370800718,v,1,0.6558232919924194,None,,,,,1,001,2025-10-02_17h12.43.988,motor sequence learning,,2025.1.1,None,2025-10-02 17h13.09.745393 +0530,
50,c,18,2,4,c,1,0.6822945829917444,None,4,2,18,2,,,,,53.57569812500151,,53.56689145800192,53.57569812500151,54.56510691600852,54.56510691600852,54.56510691600852,54.56510691600852,54.56510691600852,55.56467441600398,55.56467441600398,56.250651708003716,c,1,0.6822945829917444,None,,,,,1,001,2025-10-02_17h12.43.988,motor sequence learning,,2025.1.1,None,2025-10-02 17h13.09.745393 +0530,
-150,z,19,3,4,z,1,0.5163771250081481,None,4,3,19,3,,,,,56.25832612501108,,56.25087758300651,56.25832612501108,57.24926683300873,57.24926683300873,57.24926683300873,57.24926683300873,57.24926683300873,58.248482374998275,58.248482374998275,58.76755000000412,z,1,0.5163771250081481,None,,,,,1,001,2025-10-02_17h12.43.988,motor sequence learning,,2025.1.1,None,2025-10-02 17h13.09.745393 +0530,
-50,x,20,0,5,x,1,0.35243979199731257,None,5,0,20,0,,,,,58.77572804100055,,58.767857416009065,58.77572804100055,59.76575445799972,59.76575445799972,59.76575445799972,59.76575445799972,59.76575445799972,60.76534041600826,60.76534041600826,61.12847145801061,x,1,0.35243979199731257,None,,,,,1,001,2025-10-02_17h12.43.988,motor sequence learning,,2025.1.1,None,2025-10-02 17h13.09.745393 +0530,
150,v,21,1,5,v,1,0.3822510830068495,None,5,1,21,1,,,,,61.134864791005384,,61.128784250002354,61.134864791005384,62.1257897910109,62.1257897910109,62.1257897910109,62.1257897910109,62.1322491660103,63.124675166007364,63.124675166007364,63.511299791003694,v,1,0.3822510830068495,None,,,,,1,001,2025-10-02_17h12.43.988,motor sequence learning,,2025.1.1,None,2025-10-02 17h13.09.745393 +0530,
50,c,22,2,5,c,1,0.5106796250038315,None,5,2,22,2,,,,,63.515236999999615,,63.51156391600671,63.515236999999615,64.50903091600048,64.50903091600048,64.50903091600048,64.50903091600048,64.50903091600048,65.50909787500859,65.50909787500859,66.02797408300103,c,1,0.5106796250038315,None,,,,,1,001,2025-10-02_17h12.43.988,motor sequence learning,,2025.1.1,None,2025-10-02 17h13.09.745393 +0530,
-150,z,23,3,5,z,1,0.41695050000271294,None,5,3,23,3,,,,,66.03370600000198,,66.02820479100046,66.03370600000198,67.02577612501045,67.02577612501045,67.02577612501045,67.02577612501045,67.03278987501108,68.02572674999828,68.02572674999828,68.44462129101157,z,1,0.41695050000271294,None,,,,,1,001,2025-10-02_17h12.43.988,motor sequence learning,,2025.1.1,None,2025-10-02 17h13.09.745393 +0530,
-50,x,24,0,6,x,1,0.387993208001717,None,6,0,24,0,,,,,68.44776275000186,,68.44488658300543,68.44776275000186,69.44247362500755,69.44247362500755,69.44247362500755,69.44247362500755,69.44861387500714,70.44253316600225,70.44253316600225,70.83300437500293,x,1,0.387993208001717,None,,,,,1,001,2025-10-02_17h12.43.988,motor sequence learning,,2025.1.1,None,2025-10-02 17h13.09.745393 +0530,
150,v,25,1,6,v,1,0.4425694169913186,None,6,1,25,1,,,,,70.84238450000703,,70.8332122080028,70.84238450000703,71.83170616600546,71.83170616600546,71.83170616600546,71.83170616600546,71.83170616600546,72.83172004100925,72.83172004100925,73.2779703749984,v,1,0.4425694169913186,None,,,,,1,001,2025-10-02_17h12.43.988,motor sequence learning,,2025.1.1,None,2025-10-02 17h13.09.745393 +0530,
50,c,26,2,6,c,1,0.5076492499938468,None,6,2,26,2,,,,,73.28223000001162,,73.27825524999935,73.28223000001162,74.27574825000193,74.27574825000193,74.27574825000193,74.27574825000193,74.281420875006,75.27579966600752,75.27579966600752,75.79473333300848,c,1,0.5076492499938468,None,,,,,1,001,2025-10-02_17h12.43.988,motor sequence learning,,2025.1.1,None,2025-10-02 17h13.09.745393 +0530,
-150,z,27,3,6,z,1,0.4021287919895258,None,6,3,27,3,,,,,75.8009853750118,,75.79499191600189,75.8009853750118,76.79245058300148,76.79245058300148,76.79245058300148,76.79245058300148,76.79895445800503,77.7923735830118,77.7923735830118,78.20061845800956,z,1,0.4021287919895258,None,,,,,1,001,2025-10-02_17h12.43.988,motor sequence learning,,2025.1.1,None,2025-10-02 17h13.09.745393 +0530,
-50,x,28,0,7,x,1,0.3586327910015825,None,7,0,28,0,,,,,78.20805458301038,,78.20090095800697,78.20805458301038,79.19927145801194,79.19927145801194,79.19927145801194,79.19927145801194,79.19927145801194,80.19975954100664,80.19975954100664,80.56148933300574,x,1,0.3586327910015825,None,,,,,1,001,2025-10-02_17h12.43.988,motor sequence learning,,2025.1.1,None,2025-10-02 17h13.09.745393 +0530,
150,v,29,1,7,v,1,0.3482253340043826,None,7,1,29,1,,,,,80.56506604100286,,80.56174687499879,80.56506604100286,81.55911712501256,81.55911712501256,81.55911712501256,81.55911712501256,81.55911712501256,82.55917037501058,82.55917037501058,82.911531500009,v,1,0.3482253340043826,None,,,,,1,001,2025-10-02_17h12.43.988,motor sequence learning,,2025.1.1,None,2025-10-02 17h13.09.745393 +0530,
50,c,30,2,7,c,1,0.4182408329943428,None,7,2,30,2,,,,,82.91536191600608,,82.91177674999926,82.91536191600608,83.90922025000327,83.90922025000327,83.90922025000327,83.90922025000327,83.90922025000327,84.90912275000301,84.90912275000301,85.32856566600094,c,1,0.4182408329943428,None,,,,,1,001,2025-10-02_17h12.43.988,motor sequence learning,,2025.1.1,None,2025-10-02 17h13.09.745393 +0530,
-150,z,31,3,7,z,1,0.34153999999398366,None,7,3,31,3,,,,,85.33260962500935,,85.32888195800479,85.33260962500935,86.32585608299996,86.32585608299996,86.32585608299996,86.32585608299996,86.33186975000717,87.3257768330077,87.3257768330077,87.67778366600396,z,1,0.34153999999398366,None,,,,,1,001,2025-10-02_17h12.43.988,motor sequence learning,,2025.1.1,None,2025-10-02 17h13.09.745393 +0530,
-50,x,32,0,8,x,1,0.3484973749873461,None,8,0,32,0,,,,,87.68266629100253,,87.67802125000162,87.68266629100253,88.67584766600339,88.67584766600339,88.67584766600339,88.67584766600339,88.68155741599912,89.67576541600283,89.67576541600283,90.02794316600193,x,1,0.3484973749873461,None,,,,,1,001,2025-10-02_17h12.43.988,motor sequence learning,,2025.1.1,None,2025-10-02 17h13.09.745393 +0530,
150,v,33,1,8,v,1,0.25726974999997765,None,8,1,33,1,,,,,90.03184320800938,,90.0282294159988,90.03184320800938,91.02582066600735,91.02582066600735,91.02582066600735,91.02582066600735,91.02582066600735,92.02591662500345,92.02591662500345,92.29446533300506,v,1,0.25726974999997765,None,,,,,1,001,2025-10-02_17h12.43.988,motor sequence learning,,2025.1.1,None,2025-10-02 17h13.09.745393 +0530,
50,c,34,2,8,c,1,0.2516911249986151,None,8,2,34,2,,,,,92.29965041601099,,92.29467579101038,92.29965041601099,93.2925848330051,93.2925848330051,93.2925848330051,93.2925848330051,93.2976429160044,94.29244683300203,94.29244683300203,94.55086445801135,c,1,0.2516911249986151,None,,,,,1,001,2025-10-02_17h12.43.988,motor sequence learning,,2025.1.1,None,2025-10-02 17h13.09.745393 +0530,
-150,z,35,3,8,z,1,0.2929731659969548,None,8,3,35,3,,,,,94.55814920800913,,94.55117070800043,94.55814920800913,95.54934458300704,95.54934458300704,95.54934458300704,95.54934458300704,95.54934458300704,96.54910941600974,96.54910941600974,96.84473974999855,z,1,0.2929731659969548,None,,,,,1,001,2025-10-02_17h12.43.988,motor sequence learning,,2025.1.1,None,2025-10-02 17h13.09.745393 +0530,
-50,x,36,0,9,x,1,0.288413665999542,None,9,0,36,0,,,,,96.848486916002,,96.84497637501045,96.848486916002,97.84257695800625,97.84257695800625,97.84257695800625,97.84257695800625,97.84257695800625,98.84267204100615,98.84267204100615,99.13462370799971,x,1,0.288413665999542,None,,,,,1,001,2025-10-02_17h12.43.988,motor sequence learning,,2025.1.1,None,2025-10-02 17h13.09.745393 +0530,
150,v,37,1,9,v,1,0.25783483299892396,None,9,1,37,1,,,,,99.1416774160025,,99.13502724999853,99.1416774160025,100.13255583299906,100.13255583299906,100.13255583299906,100.13255583299906,100.13255583299906,101.13207833300112,101.13207833300112,101.39518962500733,v,1,0.25783483299892396,None,,,,,1,001,2025-10-02_17h12.43.988,motor sequence learning,,2025.1.1,None,2025-10-02 17h13.09.745393 +0530,
50,c,38,2,9,c,1,0.25624004199926276,None,9,2,38,2,,,,,101.40154849999817,,101.39549175000866,101.40154849999817,102.39252595799917,102.39252595799917,102.39252595799917,102.39252595799917,102.39880550000817,103.39256512500287,103.39256512500287,103.650993208008,c,1,0.25624004199926276,None,,,,,1,001,2025-10-02_17h12.43.988,motor sequence learning,,2025.1.1,None,2025-10-02 17h13.09.745393 +0530,
-150,z,39,3,9,z,1,0.2691397080052411,None,9,3,39,3,,,,,103.65923229100008,,103.6512992909993,103.65923229100008,104.64852141600568,104.64852141600568,104.64852141600568,104.64852141600568,104.64852141600568,105.64870375000464,105.64870375000464,105.92797158300527,z,1,0.2691397080052411,None,,,,,1,001,2025-10-02_17h12.43.988,motor sequence learning,,2025.1.1,None,2025-10-02 17h13.09.745393 +0530,
-50,x,40,0,10,x,1,0.25952466699527577,None,10,0,40,0,,,,,105.9339786250057,,105.92819625000993,105.9339786250057,106.92598629101121,106.92598629101121,106.92598629101121,106.92598629101121,106.93236379099835,107.92536162500619,107.92536162500619,108.19478720800544,x,1,0.25952466699527577,None,,,,,1,001,2025-10-02_17h12.43.988,motor sequence learning,,2025.1.1,None,2025-10-02 17h13.09.745393 +0530,
150,v,41,1,10,v,1,0.32521599999745376,None,10,1,41,1,,,,,108.20056854101131,,108.19504883300397,108.20056854101131,109.19254595800885,109.19254595800885,109.19254595800885,109.19254595800885,109.19835279100516,110.19255887500185,110.19255887500185,110.52797200001078,v,1,0.32521599999745376,None,,,,,1,001,2025-10-02_17h12.43.988,motor sequence learning,,2025.1.1,None,2025-10-02 17h13.09.745393 +0530,
50,c,42,2,10,c,1,0.2569285000063246,None,10,2,42,2,,,,,110.53357966600743,,110.52819312500651,110.53357966600743,111.52590054100438,111.52590054100438,111.52590054100438,111.52590054100438,111.53175125000416,112.52592350001214,112.52592350001214,112.78441466600634,c,1,0.2569285000063246,None,,,,,1,001,2025-10-02_17h12.43.988,motor sequence learning,,2025.1.1,None,2025-10-02 17h13.09.745393 +0530,
-150,z,43,3,10,z,1,0.8915040830033831,None,10,3,43,3,,,,,112.7926246660063,,112.78471241600346,112.7926246660063,113.78260166601103,113.78260166601103,113.78260166601103,113.78260166601103,113.78260166601103,114.78223820800486,114.78223820800486,115.6782835410122,z,1,0.8915040830033831,None,,,,,1,001,2025-10-02_17h12.43.988,motor sequence learning,,2025.1.1,None,2025-10-02 17h13.09.745393 +0530,
-50,x,44,0,11,x,1,0.39870320798945613,None,11,0,44,0,,,,,115.68211325000448,,115.67856875000871,115.68211325000448,116.67589958300232,116.67589958300232,116.67589958300232,116.67589958300232,116.67589958300232,117.67594812500465,117.67594812500465,118.07849454101233,x,1,0.39870320798945613,None,,,,,1,001,2025-10-02_17h12.43.988,motor sequence learning,,2025.1.1,None,2025-10-02 17h13.09.745393 +0530,
150,v,45,1,11,v,1,0.2045365420053713,None,11,1,45,1,,,,,118.08227374999842,,118.07876158300496,118.08227374999842,119.07593954099866,119.07593954099866,119.07593954099866,119.07593954099866,119.07593954099866,120.07606554101221,120.07606554101221,120.28486925001198,v,1,0.2045365420053713,None,,,,,1,001,2025-10-02_17h12.43.988,motor sequence learning,,2025.1.1,None,2025-10-02 17h13.09.745393 +0530,
50,c,46,2,11,c,1,0.08017662500787992,None,11,2,46,2,,,,,120.29156366600364,,120.28517575000296,120.29156366600364,121.2827043330035,121.2827043330035,121.2827043330035,121.2827043330035,121.2827043330035,122.2823862080113,122.2823862080113,122.36743500000739,c,1,0.08017662500787992,None,,,,,1,001,2025-10-02_17h12.43.988,motor sequence learning,,2025.1.1,None,2025-10-02 17h13.09.745393 +0530,
-150,z,47,3,11,z,1,0.2674997499998426,None,11,3,47,3,,,,,122.37510295800166,,122.36768491601106,122.37510295800166,123.36508270799823,123.36508270799823,123.36508270799823,123.36508270799823,123.36508270799823,124.36505175000639,124.36505175000639,124.64493754100113,z,1,0.2674997499998426,None,,,,,1,001,2025-10-02_17h12.43.988,motor sequence learning,,2025.1.1,None,2025-10-02 17h13.09.745393 +0530,
-50,x,48,0,12,x,1,0.2808265420026146,None,12,0,48,0,,,,,124.65007800000603,,124.64524658300797,124.65007800000603,125.64273395801138,125.64273395801138,125.64273395801138,125.64273395801138,125.6489402080042,126.64269633300137,126.64269633300137,126.92805524999858,x,1,0.2808265420026146,None,,,,,1,001,2025-10-02_17h12.43.988,motor sequence learning,,2025.1.1,None,2025-10-02 17h13.09.745393 +0530,
150,v,49,1,12,v,1,0.24934466699778568,None,12,1,49,1,,,,,126.9319152500102,,126.92832204099977,126.9319152500102,127.92600520800625,127.92600520800625,127.92600520800625,127.92600520800625,127.93201366600988,128.92607662500814,128.92607662500814,129.17819737500395,v,1,0.24934466699778568,None,,,,,1,001,2025-10-02_17h12.43.988,motor sequence learning,,2025.1.1,None,2025-10-02 17h13.09.745393 +0530,
50,c,50,2,12,c,1,0.2933292500092648,None,12,2,50,2,,,,,129.18196300001,,129.17852600000333,129.18196300001,130.17605366600037,130.17605366600037,130.17605366600037,130.17605366600037,130.18166349999956,131.1759705410077,131.1759705410077,131.4779336250067,c,1,0.2933292500092648,None,,,,,1,001,2025-10-02_17h12.43.988,motor sequence learning,,2025.1.1,None,2025-10-02 17h13.09.745393 +0530,
-150,z,51,3,12,z,1,0.3662831669935258,None,12,3,51,3,,,,,131.48278758300876,,131.47814887500135,131.48278758300876,132.47601541600307,132.47601541600307,132.47601541600307,132.47601541600307,132.4821441660024,133.47604316601064,133.47604316601064,133.84476316600922,z,1,0.3662831669935258,None,,,,,1,001,2025-10-02_17h12.43.988,motor sequence learning,,2025.1.1,None,2025-10-02 17h13.09.745393 +0530,
-50,x,52,0,13,x,1,0.33552866699756123,None,13,0,52,0,,,,,133.84856604100787,,133.8450023750047,133.84856604100787,134.84272462500667,134.84272462500667,134.84272462500667,134.84272462500667,134.84272462500667,135.84268879100273,135.84268879100273,136.18443479100824,x,1,0.33552866699756123,None,,,,,1,001,2025-10-02_17h12.43.988,motor sequence learning,,2025.1.1,None,2025-10-02 17h13.09.745393 +0530,
150,v,53,1,13,v,1,0.3118855829961831,None,13,1,53,1,,,,,136.19163100000878,,136.18474258300557,136.19163100000878,137.18311466601153,137.18311466601153,137.18311466601153,137.18311466601153,137.18311466601153,138.18229337500816,138.18229337500816,138.49517237499822,v,1,0.3118855829961831,None,,,,,1,001,2025-10-02_17h12.43.988,motor sequence learning,,2025.1.1,None,2025-10-02 17h13.09.745393 +0530,
50,c,54,2,13,c,1,0.2906166669999948,None,13,2,54,2,,,,,138.4992182499991,,138.49547616600466,138.4992182499991,139.4927157080092,139.4927157080092,139.4927157080092,139.4927157080092,139.4927157080092,140.49272287500207,140.49272287500207,140.78416833300435,c,1,0.2906166669999948,None,,,,,1,001,2025-10-02_17h12.43.988,motor sequence learning,,2025.1.1,None,2025-10-02 17h13.09.745393 +0530,
-150,z,55,3,13,z,1,0.2961756250006147,None,13,3,55,3,,,,,140.79270945800818,,140.78443591600808,140.79270945800818,141.7829392499989,141.7829392499989,141.7829392499989,141.7829392499989,141.7829392499989,142.7827664159995,142.7827664159995,143.08441049999965,z,1,0.2961756250006147,None,,,,,1,001,2025-10-02_17h12.43.988,motor sequence learning,,2025.1.1,None,2025-10-02 17h13.09.745393 +0530,
-50,x,56,0,14,x,1,0.01733379099459853,None,14,0,56,0,,,,,143.0917106249981,,143.0847115409997,143.0917106249981,144.083056708012,144.083056708012,144.083056708012,144.083056708012,144.083056708012,145.0816125410056,145.0816125410056,145.10027816600632,x,1,0.01733379099459853,None,,,,,1,001,2025-10-02_17h12.43.988,motor sequence learning,,2025.1.1,None,2025-10-02 17h13.09.745393 +0530,
150,v,57,1,14,v,1,0.2634946670004865,None,14,1,57,1,,,,,145.10941925000225,,145.10055183300574,145.10941925000225,146.09865579100733,146.09865579100733,146.09865579100733,146.09865579100733,146.09865579100733,147.0985387910041,147.0985387910041,147.36617791600293,v,1,0.2634946670004865,None,,,,,1,001,2025-10-02_17h12.43.988,motor sequence learning,,2025.1.1,None,2025-10-02 17h13.09.745393 +0530,
50,c,58,2,14,c,1,0.28584954200778157,None,14,2,58,2,,,,,147.37607850000495,,147.36639858300623,147.37607850000495,148.3652490000095,148.3652490000095,148.3652490000095,148.3652490000095,148.3652490000095,149.36510437499965,149.36510437499965,149.66144787501253,c,1,0.28584954200778157,None,,,,,1,001,2025-10-02_17h12.43.988,motor sequence learning,,2025.1.1,None,2025-10-02 17h13.09.745393 +0530,
-150,z,59,3,14,z,1,0.2815766249987064,None,14,3,59,3,,,,,149.66729783300252,,149.66172954101057,149.66729783300252,150.65946237499884,150.65946237499884,150.65946237499884,150.65946237499884,150.6654809580068,151.65940283300006,151.65940283300006,151.94495487499807,z,1,0.2815766249987064,None,,,,,1,001,2025-10-02_17h12.43.988,motor sequence learning,,2025.1.1,None,2025-10-02 17h13.09.745393 +0530,
-50,x,60,0,15,x,1,0.25816970800224226,None,15,0,60,0,,,,,151.94869104100508,,151.94521945800807,151.94869104100508,152.94278858300822,152.94278858300822,152.94278858300822,152.94278858300822,152.94278858300822,153.9427305410063,153.9427305410063,154.21146833300008,x,1,0.25816970800224226,None,,,,,1,001,2025-10-02_17h12.43.988,motor sequence learning,,2025.1.1,None,2025-10-02 17h13.09.745393 +0530,
150,v,61,1,15,v,1,0.23547091700311285,None,15,1,61,1,,,,,154.2162730830023,,154.21172195801046,154.2162730830023,155.20944975000748,155.20944975000748,155.20944975000748,155.20944975000748,155.21594137500506,156.2093752080109,156.2093752080109,156.44951791600033,v,1,0.23547091700311285,None,,,,,1,001,2025-10-02_17h12.43.988,motor sequence learning,,2025.1.1,None,2025-10-02 17h13.09.745393 +0530,
50,c,62,2,15,c,1,0.23845183399680536,None,15,2,62,2,,,,,156.45949945801112,,156.44973379099974,156.45949945801112,157.44887950000702,157.44887950000702,157.44887950000702,157.44887950000702,157.44887950000702,158.4473603330116,158.4473603330116,158.69506758300122,c,1,0.23845183399680536,None,,,,,1,001,2025-10-02_17h12.43.988,motor sequence learning,,2025.1.1,None,2025-10-02 17h13.09.745393 +0530,
-150,z,63,3,15,z,1,0.22094600000127684,None,15,3,63,3,,,,,158.7012663330097,,158.69533312501153,158.7012663330097,159.69276520800486,159.69276520800486,159.69276520800486,159.69276520800486,159.6992892910057,160.69283745800203,160.69283745800203,160.9175801250094,z,1,0.22094600000127684,None,,,,,1,001,2025-10-02_17h12.43.988,motor sequence learning,,2025.1.1,None,2025-10-02 17h13.09.745393 +0530,
-50,x,64,0,16,x,1,0.2686006250005448,None,16,0,64,0,,,,,160.9260822500073,,160.917823374999,160.9260822500073,161.91607987500902,161.91607987500902,161.91607987500902,161.91607987500902,161.91607987500902,162.9160613330023,162.9160613330023,163.19545812500292,x,1,0.2686006250005448,None,,,,,1,001,2025-10-02_17h12.43.988,motor sequence learning,,2025.1.1,None,2025-10-02 17h13.09.745393 +0530,
150,v,65,1,16,v,1,0.026874125003814697,None,16,1,65,1,,,,,163.20170383300865,,163.19575704100134,163.20170383300865,164.19271737500094,164.19271737500094,164.19271737500094,164.19271737500094,164.1996721660107,165.19280200000503,165.19280200000503,165.22930204099976,v,1,0.026874125003814697,None,,,,,1,001,2025-10-02_17h12.43.988,motor sequence learning,,2025.1.1,None,2025-10-02 17h13.09.745393 +0530,
50,c,66,2,16,c,1,0.20740862499224022,None,16,2,66,2,,,,,165.2357427500101,,165.2296597500099,165.2357427500101,166.22588275000453,166.22588275000453,166.22588275000453,166.22588275000453,166.23126616601076,167.22617095800524,167.22617095800524,167.4348468750104,c,1,0.20740862499224022,None,,,,,1,001,2025-10-02_17h12.43.988,motor sequence learning,,2025.1.1,None,2025-10-02 17h13.09.745393 +0530,
-150,z,67,3,16,z,1,0.2657004170032451,None,16,3,67,3,,,,,167.44283537501178,,167.43518225000298,167.44283537501178,168.43315116599842,168.43315116599842,168.43315116599842,168.43315116599842,168.43315116599842,169.43183662500815,169.43183662500815,169.700114916006,z,1,0.2657004170032451,None,,,,,1,001,2025-10-02_17h12.43.988,motor sequence learning,,2025.1.1,None,2025-10-02 17h13.09.745393 +0530,
-50,x,68,0,17,x,1,0.3478174580086488,None,17,0,68,0,,,,,169.7095268330013,,169.70036020800762,169.7095268330013,170.6986803750042,170.6986803750042,170.6986803750042,170.6986803750042,170.6986803750042,171.69867604100727,171.69867604100727,172.0507446660049,x,1,0.3478174580086488,None,,,,,1,001,2025-10-02_17h12.43.988,motor sequence learning,,2025.1.1,None,2025-10-02 17h13.09.745393 +0530,
150,v,69,1,17,v,1,0.5858677919895854,None,17,1,69,1,,,,,172.058650166,,172.05099066600087,172.058650166,173.04810725001153,173.04810725001153,173.04810725001153,173.04810725001153,173.04810725001153,174.04855675,174.04855675,174.64506883300783,v,1,0.5858677919895854,None,,,,,1,001,2025-10-02_17h12.43.988,motor sequence learning,,2025.1.1,None,2025-10-02 17h13.09.745393 +0530,
50,c,70,2,17,c,1,0.26632370898732916,None,17,2,70,2,,,,,174.6502137080097,,174.64538954100863,174.6502137080097,175.6428704160062,175.6428704160062,175.6428704160062,175.6428704160062,175.64919029100565,176.64296525000827,176.64296525000827,176.91173225000966,c,1,0.26632370898732916,None,,,,,1,001,2025-10-02_17h12.43.988,motor sequence learning,,2025.1.1,None,2025-10-02 17h13.09.745393 +0530,
-150,z,71,3,17,z,1,0.2657607500004815,None,17,3,71,3,,,,,176.91778462500952,,176.91201758300303,176.91778462500952,177.90955787499843,177.90955787499843,177.90955787499843,177.90955787499843,177.9158516250027,178.90960370800167,178.90960370800167,179.1792475830007,z,1,0.2657607500004815,None,,,,,1,001,2025-10-02_17h12.43.988,motor sequence learning,,2025.1.1,None,2025-10-02 17h13.09.745393 +0530,
-50,x,72,0,18,x,1,0.28904287501063664,None,18,0,72,0,,,,,179.18309770800988,,179.17957000000752,179.18309770800988,180.17617870800314,180.17617870800314,180.17617870800314,180.17617870800314,180.17617870800314,181.17624683301256,181.17624683301256,181.467829583009,x,1,0.28904287501063664,None,,,,,1,001,2025-10-02_17h12.43.988,motor sequence learning,,2025.1.1,None,2025-10-02 17h13.09.745393 +0530,
150,v,73,1,18,v,1,0.2593605000001844,None,18,1,73,1,,,,,181.47618870800943,,181.46809587501048,181.47618870800943,182.4668753750011,182.4668753750011,182.4668753750011,182.4668753750011,182.4668753750011,183.46385470801033,183.46385470801033,183.72926575000747,v,1,0.2593605000001844,None,,,,,1,001,2025-10-02_17h12.43.988,motor sequence learning,,2025.1.1,None,2025-10-02 17h13.09.745393 +0530,
50,c,74,2,18,c,1,0.293032374989707,None,18,2,74,2,,,,,183.73311462500715,,183.7295535410085,183.73311462500715,184.72623087500688,184.72623087500688,184.72623087500688,184.72623087500688,184.72623087500688,185.72622754100303,185.72622754100303,186.02866566600278,c,1,0.293032374989707,None,,,,,1,001,2025-10-02_17h12.43.988,motor sequence learning,,2025.1.1,None,2025-10-02 17h13.09.745393 +0530,
-150,z,75,3,18,z,1,0.6059939169936115,None,18,3,75,3,,,,,186.03476345801027,,186.0289566660067,186.03476345801027,187.02629858300497,187.02629858300497,187.02629858300497,187.02629858300497,187.03308587500942,188.02518425000017,188.02518425000017,188.633397291007,z,1,0.6059939169936115,None,,,,,1,001,2025-10-02_17h12.43.988,motor sequence learning,,2025.1.1,None,2025-10-02 17h13.09.745393 +0530,
-50,x,76,0,19,x,1,0.37111029200605117,None,19,0,76,0,,,,,188.64291854100884,,188.6336402080051,188.64291854100884,189.6326655830053,189.6326655830053,189.6326655830053,189.6326655830053,189.6326655830053,190.63198308300343,190.63198308300343,191.0111508750124,x,1,0.37111029200605117,None,,,,,1,001,2025-10-02_17h12.43.988,motor sequence learning,,2025.1.1,None,2025-10-02 17h13.09.745393 +0530,
150,v,77,1,19,v,1,0.28069791599409655,None,19,1,77,1,,,,,191.01549983301084,,191.01137795799877,191.01549983301084,192.0093360000028,192.0093360000028,192.0093360000028,192.0093360000028,192.0093360000028,193.00925445801113,193.00925445801113,193.2950715830084,v,1,0.28069791599409655,None,,,,,1,001,2025-10-02_17h12.43.988,motor sequence learning,,2025.1.1,None,2025-10-02 17h13.09.745393 +0530,
50,c,78,2,19,c,1,0.27905162499519065,None,19,2,78,2,,,,,193.3006454580027,,193.2952967910096,193.3006454580027,194.29285399999935,194.29285399999935,194.29285399999935,194.29285399999935,194.29886595800053,195.29290800000308,195.29290800000308,195.57877875000122,c,1,0.27905162499519065,None,,,,,1,001,2025-10-02_17h12.43.988,motor sequence learning,,2025.1.1,None,2025-10-02 17h13.09.745393 +0530,
-150,z,79,3,19,z,1,0.25057787500554696,None,19,3,79,3,,,,,195.58521579101216,,195.57909475000633,195.58521579101216,196.5762981660082,196.5762981660082,196.5762981660082,196.5762981660082,196.58277437501238,197.57623845800117,197.57623845800117,197.82851700000174,z,1,0.25057787500554696,None,,,,,1,001,2025-10-02_17h12.43.988,motor sequence learning,,2025.1.1,None,2025-10-02 17h13.09.745393 +0530,
-50,x,80,0,20,x,1,0.32446741600870155,None,20,0,80,0,,,,,197.83250291600416,,197.82878458300547,197.83250291600416,198.82635829100036,198.82635829100036,198.82635829100036,198.82635829100036,198.82635829100036,199.82629570800054,199.82629570800054,200.16231616601,x,1,0.32446741600870155,None,,,,,1,001,2025-10-02_17h12.43.988,motor sequence learning,,2025.1.1,None,2025-10-02 17h13.09.745393 +0530,
150,v,81,1,20,v,1,0.1731267499999376,None,20,1,81,1,,,,,200.16848950000713,,200.16259108300437,200.16848950000713,201.15957941600936,201.15957941600936,201.15957941600936,201.15957941600936,201.16585750000377,202.15962995801237,202.15962995801237,202.33477170800325,v,1,0.1731267499999376,None,,,,,1,001,2025-10-02_17h12.43.988,motor sequence learning,,2025.1.1,None,2025-10-02 17h13.09.745393 +0530,
50,c,82,2,20,c,1,0.26975083399156574,None,20,2,82,2,,,,,202.34303875001206,,202.3350411249994,202.34303875001206,203.33334875000583,203.33334875000583,203.33334875000583,203.33334875000583,203.33334875000583,204.33309583300434,204.33309583300434,204.61204679100774,c,1,0.26975083399156574,None,,,,,1,001,2025-10-02_17h12.43.988,motor sequence learning,,2025.1.1,None,2025-10-02 17h13.09.745393 +0530,
-150,z,83,3,20,z,1,0.29311579100613017,None,20,3,83,3,,,,,204.61812354100402,,204.6123002079985,204.61812354100402,205.6096316660114,205.6096316660114,205.6096316660114,205.6096316660114,205.61610025000118,206.6096977910056,206.6096977910056,206.91170729100122,z,1,0.29311579100613017,None,,,,,1,001,2025-10-02_17h12.43.988,motor sequence learning,,2025.1.1,None,2025-10-02 17h13.09.745393 +0530,
-50,x,84,0,21,x,1,0.3280045420106035,None,21,0,84,0,,,,,206.91669166600332,,206.9119727500074,206.91669166600332,207.9097410000104,207.9097410000104,207.9097410000104,207.9097410000104,207.91561983300198,208.90967145800823,208.90967145800823,209.2451646660047,x,1,0.3280045420106035,None,,,,,1,001,2025-10-02_17h12.43.988,motor sequence learning,,2025.1.1,None,2025-10-02 17h13.09.745393 +0530,
150,v,85,1,21,v,1,0.32160529200336896,None,21,1,85,1,,,,,209.25001737500133,,209.2454012500093,209.25001737500133,210.24312354100402,210.24312354100402,210.24312354100402,210.24312354100402,210.2489144160063,211.24303841601068,211.24303841601068,211.5664183330082,v,1,0.32160529200336896,None,,,,,1,001,2025-10-02_17h12.43.988,motor sequence learning,,2025.1.1,None,2025-10-02 17h13.09.745393 +0530,
50,c,86,2,21,c,1,0.2548300000053132,None,21,2,86,2,,,,,211.57632937500603,,211.566648041,211.57632937500603,212.55963208300818,212.55963208300818,212.55963208300818,212.55963208300818,212.56551570800366,213.559666458008,213.559666458008,213.8180243329989,c,1,0.2548300000053132,None,,,,,1,001,2025-10-02_17h12.43.988,motor sequence learning,,2025.1.1,None,2025-10-02 17h13.09.745393 +0530,
-150,z,87,3,21,z,1,0.4632207090035081,None,21,3,87,3,,,,,213.82539708301192,,213.81833262500004,213.82539708301192,214.81682095800352,214.81682095800352,214.81682095800352,214.81682095800352,214.81682095800352,215.81624658301007,215.81624658301007,216.28474204101076,z,1,0.4632207090035081,None,,,,,1,001,2025-10-02_17h12.43.988,motor sequence learning,,2025.1.1,None,2025-10-02 17h13.09.745393 +0530,
-50,x,88,0,22,x,1,0.3685619169991696,None,22,0,88,0,,,,,216.29224391600292,,216.28501883300487,216.29224391600292,217.28372750000563,217.28372750000563,217.28372750000563,217.28372750000563,217.28372750000563,218.28294504100631,218.28294504100631,218.66205512500892,x,1,0.3685619169991696,None,,,,,1,001,2025-10-02_17h12.43.988,motor sequence learning,,2025.1.1,None,2025-10-02 17h13.09.745393 +0530,
150,v,89,1,22,v,1,0.24139345799630973,None,22,1,89,1,,,,,218.66809625001042,,218.66231400000106,218.66809625001042,219.65977458300767,219.65977458300767,219.65977458300767,219.65977458300767,219.6662195000099,220.6597527910053,220.6597527910053,220.91203020801186,v,1,0.24139345799630973,None,,,,,1,001,2025-10-02_17h12.43.988,motor sequence learning,,2025.1.1,None,2025-10-02 17h13.09.745393 +0530,
50,c,90,2,22,c,1,0.28956674999790266,None,22,2,90,2,,,,,220.91768912500993,,220.91230387501128,220.91768912500993,221.90971383301076,221.90971383301076,221.90971383301076,221.90971383301076,221.9161796660046,222.90980495800613,222.90980495800613,223.20248829100456,c,1,0.28956674999790266,None,,,,,1,001,2025-10-02_17h12.43.988,motor sequence learning,,2025.1.1,None,2025-10-02 17h13.09.745393 +0530,
-150,z,91,3,22,z,1,0.3674006660003215,None,22,3,91,3,,,,,223.20911595800135,,223.20285300000978,223.20911595800135,224.1990338750038,224.1990338750038,224.1990338750038,224.1990338750038,224.1990338750038,225.19879941600084,225.19879941600084,225.56725416600239,z,1,0.3674006660003215,None,,,,,1,001,2025-10-02_17h12.43.988,motor sequence learning,,2025.1.1,None,2025-10-02 17h13.09.745393 +0530,
-50,x,92,0,23,x,1,0.42367379101051483,None,23,0,92,0,,,,,225.57643520800048,,225.56750200000533,225.57643520800048,226.56558475000202,226.56558475000202,226.56558475000202,226.56558475000202,226.56558475000202,227.56454804100213,227.56454804100213,227.99519270801102,x,1,0.42367379101051483,None,,,,,1,001,2025-10-02_17h12.43.988,motor sequence learning,,2025.1.1,None,2025-10-02 17h13.09.745393 +0530,
150,v,93,1,23,v,1,0.265091332999873,None,23,1,93,1,,,,,228.0013390410022,,227.99546758300858,228.0013390410022,228.99300320800103,228.99300320800103,228.99300320800103,228.99300320800103,228.99903591600014,229.99305045801157,229.99305045801157,230.2618641660083,v,1,0.265091332999873,None,,,,,1,001,2025-10-02_17h12.43.988,motor sequence learning,,2025.1.1,None,2025-10-02 17h13.09.745393 +0530,
50,c,94,2,23,c,1,0.773452458990505,None,23,2,94,2,,,,,230.26578808300837,,230.262128708011,230.26578808300837,231.25969316600822,231.25969316600822,231.25969316600822,231.25969316600822,231.25969316600822,232.25972275000822,232.25972275000822,233.03509629100154,c,1,0.773452458990505,None,,,,,1,001,2025-10-02_17h12.43.988,motor sequence learning,,2025.1.1,None,2025-10-02 17h13.09.745393 +0530,
-150,z,95,3,23,z,1,0.2630867080006283,None,23,3,95,3,,,,,233.04322529101046,,233.03541937500995,233.04322529101046,234.03351808300067,234.03351808300067,234.03351808300067,234.03351808300067,234.03351808300067,235.03306366600737,235.03306366600737,235.30127262500173,z,1,0.2630867080006283,None,,,,,1,001,2025-10-02_17h12.43.988,motor sequence learning,,2025.1.1,None,2025-10-02 17h13.09.745393 +0530,
-50,x,96,0,24,x,1,0.3488410840072902,None,24,0,96,0,,,,,235.3086800410092,,235.30154683301225,235.3086800410092,236.30010545800906,236.30010545800906,236.30010545800906,236.30010545800906,236.30010545800906,237.2991957500053,237.2991957500053,237.65109862500685,x,1,0.3488410840072902,None,,,,,1,001,2025-10-02_17h12.43.988,motor sequence learning,,2025.1.1,None,2025-10-02 17h13.09.745393 +0530,
150,v,97,1,24,v,1,0.28805850000935607,None,24,1,97,1,,,,,237.65966716600815,,237.6513281660009,237.65966716600815,238.64969191599812,238.64969191599812,238.64969191599812,238.64969191599812,238.64969191599812,239.64992916600022,239.64992916600022,239.94548191600188,v,1,0.28805850000935607,None,,,,,1,001,2025-10-02_17h12.43.988,motor sequence learning,,2025.1.1,None,2025-10-02 17h13.09.745393 +0530,
50,c,98,2,24,c,1,0.2928119999996852,None,24,2,98,2,,,,,239.9515743330121,,239.94575004100625,239.9515743330121,240.94313104100002,240.94313104100002,240.94313104100002,240.94313104100002,240.95005562499864,241.94322220800677,241.94322220800677,242.24584625000716,c,1,0.2928119999996852,None,,,,,1,001,2025-10-02_17h12.43.988,motor sequence learning,,2025.1.1,None,2025-10-02 17h13.09.745393 +0530,
-150,z,99,3,24,z,1,0.24177520800731145,None,24,3,99,3,,,,,242.25234470800206,,242.24617237500206,242.25234470800206,243.24322320800275,243.24322320800275,243.24322320800275,243.24322320800275,243.24847245799901,244.2431797080062,244.2431797080062,244.49530579100247,z,1,0.24177520800731145,None,,,,,1,001,2025-10-02_17h12.43.988,motor sequence learning,,2025.1.1,None,2025-10-02 17h13.09.745393 +0530,
-50,x,100,0,25,x,1,0.2789257499971427,None,25,0,100,0,,,,,244.50086041601025,,244.49554270799854,244.50086041601025,245.49320666601125,245.49320666601125,245.49320666601125,245.49320666601125,245.49929233299918,246.49314266600413,246.49314266600413,246.7784956250107,x,1,0.2789257499971427,None,,,,,1,001,2025-10-02_17h12.43.988,motor sequence learning,,2025.1.1,None,2025-10-02 17h13.09.745393 +0530,
150,v,101,1,25,v,1,0.33839979200274684,None,25,1,101,1,,,,,246.78194066599826,,246.77874604100361,246.78194066599826,247.77651179100212,247.77651179100212,247.77651179100212,247.77651179100212,247.78235712500464,248.77644187500118,248.77644187500118,249.1178367500106,v,1,0.33839979200274684,None,,,,,1,001,2025-10-02_17h12.43.988,motor sequence learning,,2025.1.1,None,2025-10-02 17h13.09.745393 +0530,
50,c,102,2,25,c,1,0.2780772920086747,None,25,2,102,2,,,,,249.12559554100153,,249.11808837500575,249.12559554100153,250.11648191600398,250.11648191600398,250.11648191600398,250.11648191600398,250.11648191600398,251.11672795801132,251.11672795801132,251.3959771660011,c,1,0.2780772920086747,None,,,,,1,001,2025-10-02_17h12.43.988,motor sequence learning,,2025.1.1,None,2025-10-02 17h13.09.745393 +0530,
-150,z,103,3,25,z,1,0.29057670799375046,None,25,3,103,3,,,,,251.40002370800357,,251.39627154100162,251.40002370800357,252.39320020801097,252.39320020801097,252.39320020801097,252.39320020801097,252.39320020801097,253.3931115000014,253.3931115000014,253.68490812501113,z,1,0.29057670799375046,None,,,,,1,001,2025-10-02_17h12.43.988,motor sequence learning,,2025.1.1,None,2025-10-02 17h13.09.745393 +0530,
-50,x,104,0,26,x,1,0.2760934170073597,None,26,0,104,0,,,,,253.69319825001003,,253.68520429100317,253.69319825001003,254.6834202910104,254.6834202910104,254.6834202910104,254.6834202910104,254.6834202910104,255.68248270799813,255.68248270799813,255.962480333008,x,1,0.2760934170073597,None,,,,,1,001,2025-10-02_17h12.43.988,motor sequence learning,,2025.1.1,None,2025-10-02 17h13.09.745393 +0530,
150,v,105,1,26,v,1,0.26870591699844226,None,26,1,105,1,,,,,255.96841370800394,,255.96275587500713,255.96841370800394,256.9598219580075,256.9598219580075,256.9598219580075,256.9598219580075,256.9661172500055,257.9598772080062,257.9598772080062,258.23484075001033,v,1,0.26870591699844226,None,,,,,1,001,2025-10-02_17h12.43.988,motor sequence learning,,2025.1.1,None,2025-10-02 17h13.09.745393 +0530,
50,c,106,2,26,c,1,0.2832738330034772,None,26,2,106,2,,,,,258.24256279101246,,258.2351095000049,258.24256279101246,259.2336015000037,259.2336015000037,259.2336015000037,259.2336015000037,259.2336015000037,260.23334370800876,260.23334370800876,260.51836487500987,c,1,0.2832738330034772,None,,,,,1,001,2025-10-02_17h12.43.988,motor sequence learning,,2025.1.1,None,2025-10-02 17h13.09.745393 +0530,
-150,z,107,3,26,z,1,0.24691541699576192,None,26,3,107,3,,,,,260.5265252500103,,260.51865929100313,260.5265252500103,261.5159138750023,261.5159138750023,261.5159138750023,261.5159138750023,261.5159138750023,262.51564270800736,262.51564270800736,262.7671405410074,z,1,0.24691541699576192,None,,,,,1,001,2025-10-02_17h12.43.988,motor sequence learning,,2025.1.1,None,2025-10-02 17h13.09.745393 +0530,
-50,x,108,0,27,x,1,0.20786762499483302,None,27,0,108,0,,,,,262.77653329100576,,262.76736733299913,262.77653329100576,263.76569429101073,263.76569429101073,263.76569429101073,263.76569429101073,263.76569429101073,264.7657182080002,264.7657182080002,264.9787061250099,x,1,0.20786762499483302,None,,,,,1,001,2025-10-02_17h12.43.988,motor sequence learning,,2025.1.1,None,2025-10-02 17h13.09.745393 +0530,
150,v,109,1,27,v,1,0.3909255829930771,None,27,1,109,1,,,,,264.98290870799974,,264.9789846659987,264.98290870799974,265.9766260000033,265.9766260000033,265.9766260000033,265.9766260000033,265.9822151660046,266.97658466600114,266.97658466600114,267.3784322910069,v,1,0.3909255829930771,None,,,,,1,001,2025-10-02_17h12.43.988,motor sequence learning,,2025.1.1,None,2025-10-02 17h13.09.745393 +0530,
50,c,110,2,27,c,1,0.22781666700029746,None,27,2,110,2,,,,,267.3830487910018,,267.37865845800843,267.3830487910018,268.3765249999997,268.3765249999997,268.3765249999997,268.3765249999997,268.382925583006,269.3765848750045,269.3765848750045,269.61303145800775,c,1,0.22781666700029746,None,,,,,1,001,2025-10-02_17h12.43.988,motor sequence learning,,2025.1.1,None,2025-10-02 17h13.09.745393 +0530,
-150,z,111,3,27,z,1,0.27527854198706336,None,27,3,111,3,,,,,269.61924929100496,,269.6133332080062,269.61924929100496,270.6099511659995,270.6099511659995,270.6099511659995,270.6099511659995,270.6162782080064,271.61002649999864,271.61002649999864,271.89598166600626,z,1,0.27527854198706336,None,,,,,1,001,2025-10-02_17h12.43.988,motor sequence learning,,2025.1.1,None,2025-10-02 17h13.09.745393 +0530,
-50,x,112,0,28,x,1,0.22756379199563526,None,28,0,112,0,,,,,271.9018407500116,,271.8962465000077,271.9018407500116,272.89323016600974,272.89323016600974,272.89323016600974,272.89323016600974,272.89973554101016,273.89278145800927,273.89278145800927,274.1290306660085,x,1,0.22756379199563526,None,,,,,1,001,2025-10-02_17h12.43.988,motor sequence learning,,2025.1.1,None,2025-10-02 17h13.09.745393 +0530,
150,v,113,1,28,v,1,0.2598469170043245,None,28,1,113,1,,,,,274.13519266599906,,274.1292808330036,274.13519266599906,275.12664650000806,275.12664650000806,275.12664650000806,275.12664650000806,275.1330127500114,276.12633441601065,276.12633441601065,276.3957785829989,v,1,0.2598469170043245,None,,,,,1,001,2025-10-02_17h12.43.988,motor sequence learning,,2025.1.1,None,2025-10-02 17h13.09.745393 +0530,
50,c,114,2,28,c,1,0.21484275000693742,None,28,2,114,2,,,,,276.40164516599907,,276.3960651660018,276.40164516599907,277.39334479100944,277.39334479100944,277.39334479100944,277.39334479100944,277.3998038330028,278.39325729101256,278.39325729101256,278.6124235000025,c,1,0.21484275000693742,None,,,,,1,001,2025-10-02_17h12.43.988,motor sequence learning,,2025.1.1,None,2025-10-02 17h13.09.745393 +0530,
-150,z,115,3,28,z,1,0.17422491700563114,None,28,3,115,3,,,,,278.61633975000586,,278.61266316600086,278.61633975000586,279.6099577910063,279.6099577910063,279.6099577910063,279.6099577910063,279.6147044160025,280.6099422080006,280.6099422080006,280.79534570800024,z,1,0.17422491700563114,None,,,,,1,001,2025-10-02_17h12.43.988,motor sequence learning,,2025.1.1,None,2025-10-02 17h13.09.745393 +0530,
-50,x,116,0,29,x,1,0.0452619170100661,None,29,0,116,0,,,,,280.80120808300853,,280.79560795800353,280.80120808300853,281.7933286660118,281.7933286660118,281.7933286660118,281.7933286660118,281.79927620801027,282.7927667500044,282.7927667500044,282.84555974999967,x,1,0.0452619170100661,None,,,,,1,001,2025-10-02_17h12.43.988,motor sequence learning,,2025.1.1,None,2025-10-02 17h13.09.745393 +0530,
150,v,117,1,29,v,1,0.410610082995845,None,29,1,117,1,,,,,282.8510177080025,,282.84580604100483,282.8510177080025,283.8434229580016,283.8434229580016,283.8434229580016,283.8434229580016,283.84908091599937,284.8433595000097,284.8433595000097,285.2618359160115,v,1,0.410610082995845,None,,,,,1,001,2025-10-02_17h12.43.988,motor sequence learning,,2025.1.1,None,2025-10-02 17h13.09.745393 +0530,
50,c,118,2,29,c,1,0.21108166700287256,None,29,2,118,2,,,,,285.2670968330058,,285.26204962500196,285.2670968330058,286.2600215830025,286.2600215830025,286.2600215830025,286.2600215830025,286.2659422910074,287.25995137500286,287.25995137500286,287.4795403750031,c,1,0.21108166700287256,None,,,,,1,001,2025-10-02_17h12.43.988,motor sequence learning,,2025.1.1,None,2025-10-02 17h13.09.745393 +0530,
-150,z,119,3,29,z,1,0.3993990409944672,None,29,3,119,3,,,,,287.4856662079983,,287.4798367080075,287.4856662079983,288.4766728329996,288.4766728329996,288.4766728329996,288.4766728329996,288.4830504999991,289.47658954100916,289.47658954100916,289.8788524999982,z,1,0.3993990409944672,None,,,,,1,001,2025-10-02_17h12.43.988,motor sequence learning,,2025.1.1,None,2025-10-02 17h13.09.745393 +0530,
-50,x,120,0,30,x,1,0.32124479199410416,None,30,0,120,0,,,,,289.8826403330022,,289.8791295830015,289.8826403330022,290.8766913330037,290.8766913330037,290.8766913330037,290.8766913330037,290.8766913330037,291.87659637500474,291.87659637500474,292.2015954160015,x,1,0.32124479199410416,None,,,,,1,001,2025-10-02_17h12.43.988,motor sequence learning,,2025.1.1,None,2025-10-02 17h13.09.745393 +0530,
150,v,121,1,30,v,1,0.14678433298831806,None,30,1,121,1,,,,,292.2089869160118,,292.20190441601153,292.2089869160118,293.2006098330021,293.2006098330021,293.2006098330021,293.2006098330021,293.2006098330021,294.20009854101227,294.20009854101227,294.35234075000335,v,1,0.14678433298831806,None,,,,,1,001,2025-10-02_17h12.43.988,motor sequence learning,,2025.1.1,None,2025-10-02 17h13.09.745393 +0530,
50,c,122,2,30,c,1,0.2322104580089217,None,30,2,122,2,,,,,294.35898262500996,,294.35263275000034,294.35898262500996,295.3504196660069,295.3504196660069,295.3504196660069,295.3504196660069,295.3504196660069,296.349504333004,296.349504333004,296.5849752500071,c,1,0.2322104580089217,None,,,,,1,001,2025-10-02_17h12.43.988,motor sequence learning,,2025.1.1,None,2025-10-02 17h13.09.745393 +0530,
-150,z,123,3,30,z,1,0.2617223749984987,None,30,3,123,3,,,,,296.5925563750061,,296.5852248750016,296.5925563750061,297.5837990410073,297.5837990410073,297.5837990410073,297.5837990410073,297.5837990410073,298.58205100000487,298.58205100000487,298.8455404580018,z,1,0.2617223749984987,None,,,,,1,001,2025-10-02_17h12.43.988,motor sequence learning,,2025.1.1,None,2025-10-02 17h13.09.745393 +0530,
-50,x,124,0,31,x,1,0.30610545800300315,None,31,0,124,0,,,,,298.84894466600963,,298.84580404100416,298.84894466600963,299.84342416599975,299.84342416599975,299.84342416599975,299.84342416599975,299.84342416599975,300.843477500006,300.843477500006,301.15136383300705,x,1,0.30610545800300315,None,,,,,1,001,2025-10-02_17h12.43.988,motor sequence learning,,2025.1.1,None,2025-10-02 17h13.09.745393 +0530,
150,v,125,1,31,v,1,0.26703508298669476,None,31,1,125,1,,,,,301.15917016600724,,301.15162324999983,301.15917016600724,302.14940545801073,302.14940545801073,302.14940545801073,302.14940545801073,302.14940545801073,303.1495843750017,303.1495843750017,303.41807941600564,v,1,0.26703508298669476,None,,,,,1,001,2025-10-02_17h12.43.988,motor sequence learning,,2025.1.1,None,2025-10-02 17h13.09.745393 +0530,
50,c,126,2,31,c,1,0.25508620899927337,None,31,2,126,2,,,,,303.4266660830035,,303.41828570800135,303.4266660830035,304.41594345800695,304.41594345800695,304.41594345800695,304.41594345800695,304.41594345800695,305.4165635410027,305.4165635410027,305.67925595800625,c,1,0.25508620899927337,None,,,,,1,001,2025-10-02_17h12.43.988,motor sequence learning,,2025.1.1,None,2025-10-02 17h13.09.745393 +0530,
-150,z,127,3,31,z,1,0.25784458400448784,None,31,3,127,3,,,,,305.6855787910026,,305.6795256250043,305.6855787910026,306.67677258299955,306.67677258299955,306.67677258299955,306.67677258299955,306.68324812500214,307.67675650000456,307.67675650000456,307.9457082500012,z,1,0.25784458400448784,None,,,,,1,001,2025-10-02_17h12.43.988,motor sequence learning,,2025.1.1,None,2025-10-02 17h13.09.745393 +0530,
-50,x,128,0,32,x,1,0.3236989589931909,None,32,0,128,0,,,,,307.95132945801015,,307.94599008301157,307.95132945801015,308.9434996659984,308.9434996659984,308.9434996659984,308.9434996659984,308.94993500001146,309.9434207500017,309.9434207500017,310.2684479580057,x,1,0.3236989589931909,None,,,,,1,001,2025-10-02_17h12.43.988,motor sequence learning,,2025.1.1,None,2025-10-02 17h13.09.745393 +0530,
150,v,129,1,32,v,1,0.2688098750077188,None,32,1,129,1,,,,,310.2767788330093,,310.2687430000078,310.2767788330093,311.26717379099864,311.26717379099864,311.26717379099864,311.26717379099864,311.26717379099864,312.2666705830052,312.2666705830052,312.54607229100657,v,1,0.2688098750077188,None,,,,,1,001,2025-10-02_17h12.43.988,motor sequence learning,,2025.1.1,None,2025-10-02 17h13.09.745393 +0530,
50,c,130,2,32,c,1,0.3079081670002779,None,32,2,130,2,,,,,312.5521397910052,,312.5463444580091,312.5521397910052,313.5434462080011,313.5434462080011,313.5434462080011,313.5434462080011,313.5493715830089,314.5434892500052,314.5434892500052,314.862486375001,c,1,0.3079081670002779,None,,,,,1,001,2025-10-02_17h12.43.988,motor sequence learning,,2025.1.1,None,2025-10-02 17h13.09.745393 +0530,
-150,z,131,3,32,z,1,0.24715324999124277,None,32,3,131,3,,,,,314.86889304099896,,314.8628361250012,314.86889304099896,315.8600471660029,315.8600471660029,315.8600471660029,315.8600471660029,315.8661781250121,316.8601850000123,316.8601850000123,317.1121770000027,z,1,0.24715324999124277,None,,,,,1,001,2025-10-02_17h12.43.988,motor sequence learning,,2025.1.1,None,2025-10-02 17h13.09.745393 +0530,
-50,x,132,0,33,x,1,0.23314712499268353,None,33,0,132,0,,,,,317.11681237501034,,317.11245908300043,317.11681237501034,318.11019104100706,318.11019104100706,318.11019104100706,318.11019104100706,318.11564329100656,319.1100767080061,319.1100767080061,319.3456788330077,x,1,0.23314712499268353,None,,,,,1,001,2025-10-02_17h12.43.988,motor sequence learning,,2025.1.1,None,2025-10-02 17h13.09.745393 +0530,
150,v,133,1,33,v,1,0.2456981249997625,None,33,1,133,1,,,,,319.3488898330106,,319.34594141600246,319.3488898330106,320.3434279580106,320.3434279580106,320.3434279580106,320.3434279580106,320.3434279580106,321.34349745800137,321.34349745800137,321.5956908750086,v,1,0.2456981249997625,None,,,,,1,001,2025-10-02_17h12.43.988,motor sequence learning,,2025.1.1,None,2025-10-02 17h13.09.745393 +0530,
50,c,134,2,33,c,1,0.31679674999031704,None,33,2,134,2,,,,,321.6010446660075,,321.5959164579981,321.6010446660075,322.5934045830072,322.5934045830072,322.5934045830072,322.5934045830072,322.5994299580052,323.59345962500083,323.59345962500083,323.9125474580069,c,1,0.31679674999031704,None,,,,,1,001,2025-10-02_17h12.43.988,motor sequence learning,,2025.1.1,None,2025-10-02 17h13.09.745393 +0530,
-150,z,135,3,33,z,1,0.4261663749930449,None,33,3,135,3,,,,,323.9165048750001,,323.912873416004,323.9165048750001,324.91013841600216,324.91013841600216,324.91013841600216,324.91013841600216,324.91013841600216,325.91005908300576,325.91005908300576,326.3456874580006,z,1,0.4261663749930449,None,,,,,1,001,2025-10-02_17h12.43.988,motor sequence learning,,2025.1.1,None,2025-10-02 17h13.09.745393 +0530,
-50,x,136,0,34,x,1,0.27359475000412203,None,34,0,136,0,,,,,326.3513610000082,,326.3459578750044,326.3513610000082,327.34350995800924,327.34350995800924,327.34350995800924,327.34350995800924,327.34986266600026,328.34353816600924,328.34353816600924,328.61844204099907,x,1,0.27359475000412203,None,,,,,1,001,2025-10-02_17h12.43.988,motor sequence learning,,2025.1.1,None,2025-10-02 17h13.09.745393 +0530,
150,v,137,1,34,v,1,0.3623366249958053,None,34,1,137,1,,,,,328.6268199580081,,328.6187159580004,328.6268199580081,329.61723612500646,329.61723612500646,329.61723612500646,329.61723612500646,329.61723612500646,330.6166341250064,330.6166341250064,330.9850019160076,v,1,0.3623366249958053,None,,,,,1,001,2025-10-02_17h12.43.988,motor sequence learning,,2025.1.1,None,2025-10-02 17h13.09.745393 +0530,
50,c,138,2,34,c,1,0.26278000000456814,None,34,2,138,2,,,,,330.99243445800676,,330.9852774160099,330.99243445800676,331.98394845800067,331.98394845800067,331.98394845800067,331.98394845800067,331.98394845800067,332.98330220799835,332.98330220799835,333.2517468750011,c,1,0.26278000000456814,None,,,,,1,001,2025-10-02_17h12.43.988,motor sequence learning,,2025.1.1,None,2025-10-02 17h13.09.745393 +0530,
-150,z,139,3,34,z,1,0.31345295799837913,None,34,3,139,3,,,,,333.259314875002,,333.25198429101147,333.259314875002,334.24961829101085,334.24961829101085,334.24961829101085,334.24961829101085,334.24961829101085,335.2495145830035,335.2495145830035,335.56675529100175,z,1,0.31345295799837913,None,,,,,1,001,2025-10-02_17h12.43.988,motor sequence learning,,2025.1.1,None,2025-10-02 17h13.09.745393 +0530,
-50,x,140,0,35,x,1,0.37244066600396764,None,35,0,140,0,,,,,335.57683616600116,,335.5669840830087,335.57683616600116,336.56607679100125,336.56607679100125,336.56607679100125,336.56607679100125,336.56607679100125,337.56540541601134,337.56540541601134,337.9456004579988,x,1,0.37244066600396764,None,,,,,1,001,2025-10-02_17h12.43.988,motor sequence learning,,2025.1.1,None,2025-10-02 17h13.09.745393 +0530,
150,v,141,1,35,v,1,0.36716337499092333,None,35,1,141,1,,,,,337.9506449160108,,337.9458914160059,337.9506449160108,338.94358083300176,338.94358083300176,338.94358083300176,338.94358083300176,338.94985212500615,339.94362595801067,339.94362595801067,340.3123558750085,v,1,0.36716337499092333,None,,,,,1,001,2025-10-02_17h12.43.988,motor sequence learning,,2025.1.1,None,2025-10-02 17h13.09.745393 +0530,
50,c,142,2,35,c,1,0.34263395800371654,None,35,2,142,2,,,,,340.31543466600124,,340.31257583299885,340.31543466600124,341.31021087500267,341.31021087500267,341.31021087500267,341.31021087500267,341.3153784160095,342.3102061660029,342.3102061660029,342.66265383300197,c,1,0.34263395800371654,None,,,,,1,001,2025-10-02_17h12.43.988,motor sequence learning,,2025.1.1,None,2025-10-02 17h13.09.745393 +0530,
-150,z,143,3,35,z,1,0.2647598749899771,None,35,3,143,3,,,,,342.66890616599994,,342.6629432500049,342.66890616599994,343.6602458330017,343.6602458330017,343.6602458330017,343.6602458330017,343.66661579100764,344.6601956250088,344.6601956250088,344.9298677080078,z,1,0.2647598749899771,None,,,,,1,001,2025-10-02_17h12.43.988,motor sequence learning,,2025.1.1,None,2025-10-02 17h13.09.745393 +0530,
-50,x,144,0,36,x,1,0.2589270000025863,None,36,0,144,0,,,,,344.93376812500355,,344.930144708007,344.93376812500355,345.9269046660047,345.9269046660047,345.9269046660047,345.9269046660047,345.9334461660037,346.9268671250029,346.9268671250029,347.1962682500016,x,1,0.2589270000025863,None,,,,,1,001,2025-10-02_17h12.43.988,motor sequence learning,,2025.1.1,None,2025-10-02 17h13.09.745393 +0530,
150,v,145,1,36,v,1,0.2382069580053212,None,36,1,145,1,,,,,347.2022577080061,,347.19657154100423,347.2022577080061,348.1936148750101,348.1936148750101,348.1936148750101,348.1936148750101,348.20030399999814,349.1935089160106,349.1935089160106,349.43497933300387,v,1,0.2382069580053212,None,,,,,1,001,2025-10-02_17h12.43.988,motor sequence learning,,2025.1.1,None,2025-10-02 17h13.09.745393 +0530,
50,c,146,2,36,c,1,0.30641329199715983,None,36,2,146,2,,,,,349.4425294160028,,349.43527362500026,349.4425294160028,350.4342292500078,350.4342292500078,350.4342292500078,350.4342292500078,350.4342292500078,351.43330729100853,351.43330729100853,351.74593779099814,c,1,0.30641329199715983,None,,,,,1,001,2025-10-02_17h12.43.988,motor sequence learning,,2025.1.1,None,2025-10-02 17h13.09.745393 +0530,
-150,z,147,3,36,z,1,0.2838428339891834,None,36,3,147,3,,,,,351.75188762501057,,351.7462012080068,351.75188762501057,352.7436640829983,352.7436640829983,352.7436640829983,352.7436640829983,352.7499444580026,353.74372616600886,353.74372616600886,354.0291007080086,z,1,0.2838428339891834,None,,,,,1,001,2025-10-02_17h12.43.988,motor sequence learning,,2025.1.1,None,2025-10-02 17h13.09.745393 +0530,
-50,x,148,0,37,x,1,0.2855687919945922,None,37,0,148,0,,,,,354.0319653750048,,354.02933083300013,354.0319653750048,355.0268945410062,355.0268945410062,355.0268945410062,355.0268945410062,355.0268945410062,356.02698383299867,356.02698383299867,356.31789529100934,x,1,0.2855687919945922,None,,,,,1,001,2025-10-02_17h12.43.988,motor sequence learning,,2025.1.1,None,2025-10-02 17h13.09.745393 +0530,
150,v,149,1,37,v,1,0.26840466700377874,None,37,1,149,1,,,,,356.32656987500377,,356.31812570799957,356.32656987500377,357.3160360410111,357.3160360410111,357.3160360410111,357.3160360410111,357.3160360410111,358.3159948329994,358.3159948329994,358.5856568330055,v,1,0.26840466700377874,None,,,,,1,001,2025-10-02_17h12.43.988,motor sequence learning,,2025.1.1,None,2025-10-02 17h13.09.745393 +0530,
50,c,150,2,37,c,1,0.23501624999335036,None,37,2,150,2,,,,,358.5936175000097,,358.5858774160006,358.5936175000097,359.58250566601055,359.58250566601055,359.58250566601055,359.58250566601055,359.58250566601055,360.58160375000443,360.58160375000443,360.81813654099824,c,1,0.23501624999335036,None,,,,,1,001,2025-10-02_17h12.43.988,motor sequence learning,,2025.1.1,None,2025-10-02 17h13.09.745393 +0530,
-150,z,151,3,37,z,1,0.2776142500079004,None,37,3,151,3,,,,,360.82693487500364,,360.81836075001047,360.82693487500364,361.81680700001016,361.81680700001016,361.81680700001016,361.81680700001016,361.81680700001016,362.8167483330035,362.8167483330035,363.0959107910021,z,1,0.2776142500079004,None,,,,,1,001,2025-10-02_17h12.43.988,motor sequence learning,,2025.1.1,None,2025-10-02 17h13.09.745393 +0530,
-50,x,152,0,38,x,1,0.3676309580041561,None,38,0,152,0,,,,,363.0998810000019,,363.0962062500039,363.0998810000019,364.09361737500876,364.09361737500876,364.09361737500876,364.09361737500876,364.09361737500876,365.09369129101106,365.09369129101106,365.4626237080083,x,1,0.3676309580041561,None,,,,,1,001,2025-10-02_17h12.43.988,motor sequence learning,,2025.1.1,None,2025-10-02 17h13.09.745393 +0530,
150,v,153,1,38,v,1,0.23696429100527894,None,38,1,153,1,,,,,365.46645695800544,,365.4628725000075,365.46645695800544,366.4602432910033,366.4602432910033,366.4602432910033,366.4602432910033,366.4602432910033,367.46030804100155,367.46030804100155,367.70199741600663,v,1,0.23696429100527894,None,,,,,1,001,2025-10-02_17h12.43.988,motor sequence learning,,2025.1.1,None,2025-10-02 17h13.09.745393 +0530,
50,c,154,2,38,c,1,0.30231641700083856,None,38,2,154,2,,,,,367.70939100001124,,367.70224579100613,367.70939100001124,368.7005817080062,368.7005817080062,368.7005817080062,368.7005817080062,368.7005817080062,369.6999829999986,369.6999829999986,370.0130994580104,c,1,0.30231641700083856,None,,,,,1,001,2025-10-02_17h12.43.988,motor sequence learning,,2025.1.1,None,2025-10-02 17h13.09.745393 +0530,
-150,z,155,3,38,z,1,0.31491204199846834,None,38,3,155,3,,,,,370.0194770000089,,370.0134072080109,370.0194770000089,371.01029050000943,371.01029050000943,371.01029050000943,371.01029050000943,371.01719004100596,372.0103274580033,372.0103274580033,372.32904262500233,z,1,0.31491204199846834,None,,,,,1,001,2025-10-02_17h12.43.988,motor sequence learning,,2025.1.1,None,2025-10-02 17h13.09.745393 +0530,
-50,x,156,0,39,x,1,0.31209545899764635,None,39,0,156,0,,,,,372.332925833005,,372.32930700000725,372.332925833005,373.32695475000946,373.32695475000946,373.32695475000946,373.32695475000946,373.32695475000946,374.3269947080116,374.3269947080116,374.64573170800577,x,1,0.31209545899764635,None,,,,,1,001,2025-10-02_17h12.43.988,motor sequence learning,,2025.1.1,None,2025-10-02 17h13.09.745393 +0530,
150,v,157,1,39,v,1,0.25732950000383426,None,39,1,157,1,,,,,374.6504373330099,,374.6459987910057,374.6504373330099,375.6437565410015,375.6437565410015,375.6437565410015,375.6437565410015,375.64937483301037,376.6437812910008,376.6437812910008,376.9121806250041,v,1,0.25732950000383426,None,,,,,1,001,2025-10-02_17h12.43.988,motor sequence learning,,2025.1.1,None,2025-10-02 17h13.09.745393 +0530,
50,c,158,2,39,v,0,0.5607394160033436,None,39,2,158,2,,,,,376.9167323330039,,376.9124078750028,376.9167323330039,377.910429208001,377.910429208001,377.910429208001,377.910429208001,377.9167155410105,378.9102936249983,378.9102936249983,379.47910754100303,v,0,0.5607394160033436,None,,,,,1,001,2025-10-02_17h12.43.988,motor sequence learning,,2025.1.1,None,2025-10-02 17h13.09.745393 +0530,
-150,z,159,3,39,z,1,0.31282500000088476,None,39,3,159,3,,,,,379.4840132500103,,379.479385041006,379.4840132500103,380.4769835000043,380.4769835000043,380.4769835000043,380.4769835000043,380.4830666659982,381.477041791004,381.477041791004,381.7956372500048,z,1,0.31282500000088476,None,,,,,1,001,2025-10-02_17h12.43.988,motor sequence learning,,2025.1.1,None,2025-10-02 17h13.09.745393 +0530,
-50,x,160,0,40,x,1,0.27410799999779556,None,40,0,160,0,,,,,381.7985918330087,,381.7958441660012,381.7985918330087,382.7936735000112,382.7936735000112,382.7936735000112,382.7936735000112,382.7936735000112,383.79373016599857,383.79373016599857,384.0791539159982,x,1,0.27410799999779556,None,,,,,1,001,2025-10-02_17h12.43.988,motor sequence learning,,2025.1.1,None,2025-10-02 17h13.09.745393 +0530,
150,v,161,1,40,v,1,0.3098492920107674,None,40,1,161,1,,,,,384.08402658300474,,384.07942141601234,384.08402658300474,385.07702633300505,385.07702633300505,385.07702633300505,385.07702633300505,385.07702633300505,386.0770560410019,386.0770560410019,386.39610691599955,v,1,0.3098492920107674,None,,,,,1,001,2025-10-02_17h12.43.988,motor sequence learning,,2025.1.1,None,2025-10-02 17h13.09.745393 +0530,
50,c,162,2,40,c,1,0.3230223749997094,None,40,2,162,2,,,,,386.40235454100184,,386.3964345410059,386.40235454100184,387.3937215410115,387.3937215410115,387.3937215410115,387.3937215410115,387.4000720830081,388.3937772500067,388.3937772500067,388.7184618750034,c,1,0.3230223749997094,None,,,,,1,001,2025-10-02_17h12.43.988,motor sequence learning,,2025.1.1,None,2025-10-02 17h13.09.745393 +0530,
-150,z,163,3,40,z,1,0.27568966601393186,None,40,3,163,3,,,,,388.72703004100185,,388.7187316250056,388.72703004100185,389.7172799580003,389.7172799580003,389.7172799580003,389.7172799580003,389.7172799580003,390.7171297080058,390.7171297080058,390.99628175000544,z,1,0.27568966601393186,None,,,,,1,001,2025-10-02_17h12.43.988,motor sequence learning,,2025.1.1,None,2025-10-02 17h13.09.745393 +0530,
-50,x,164,0,41,x,1,0.2759476670034928,None,41,0,164,0,,,,,391.0000976660085,,390.99656525001046,391.0000976660085,391.99374370800797,391.99374370800797,391.99374370800797,391.99374370800797,391.99374370800797,392.99366495800496,392.99366495800496,393.2793674580025,x,1,0.2759476670034928,None,,,,,1,001,2025-10-02_17h12.43.988,motor sequence learning,,2025.1.1,None,2025-10-02 17h13.09.745393 +0530,
150,v,165,1,41,v,1,0.2564852920040721,None,41,1,165,1,,,,,393.2855766660068,,393.27967545800493,393.2855766660068,394.2770550830028,394.2770550830028,394.2770550830028,394.2770550830028,394.2842039579991,395.27713033300824,395.27713033300824,395.53484625001147,v,1,0.2564852920040721,None,,,,,1,001,2025-10-02_17h12.43.988,motor sequence learning,,2025.1.1,None,2025-10-02 17h13.09.745393 +0530,
50,c,166,2,41,c,1,0.36065233300905675,None,41,2,166,2,,,,,395.54388075000315,,395.5351123330038,395.54388075000315,396.5331225000118,396.5331225000118,396.5331225000118,396.5331225000118,396.5331225000118,397.53296825000143,397.53296825000143,397.89576691600087,c,1,0.36065233300905675,None,,,,,1,001,2025-10-02_17h12.43.988,motor sequence learning,,2025.1.1,None,2025-10-02 17h13.09.745393 +0530,
-150,z,167,3,41,z,1,0.29573091700149234,None,41,3,167,3,,,,,397.8990809160023,,397.8959887910023,397.8990809160023,398.8937280829996,398.8937280829996,398.8937280829996,398.8937280829996,398.8937280829996,399.8937483750051,399.8937483750051,400.19581420801114,z,1,0.29573091700149234,None,,,,,1,001,2025-10-02_17h12.43.988,motor sequence learning,,2025.1.1,None,2025-10-02 17h13.09.745393 +0530,
-50,x,168,0,42,x,1,0.2598558749887161,None,42,0,168,0,,,,,400.2015377909993,,400.1960560830048,400.2015377909993,401.1937965410034,401.1937965410034,401.1937965410034,401.1937965410034,401.19982787501067,402.19370291600353,402.19370291600353,402.4623941660102,x,1,0.2598558749887161,None,,,,,1,001,2025-10-02_17h12.43.988,motor sequence learning,,2025.1.1,None,2025-10-02 17h13.09.745393 +0530,
150,v,169,1,42,v,1,0.2940799999923911,None,42,1,169,1,,,,,402.46798525001213,,402.4626200000057,402.46798525001213,403.4605060830072,403.4605060830072,403.4605060830072,403.4605060830072,403.4670189160097,404.46041433300707,404.46041433300707,404.7628947910125,v,1,0.2940799999923911,None,,,,,1,001,2025-10-02_17h12.43.988,motor sequence learning,,2025.1.1,None,2025-10-02 17h13.09.745393 +0530,
50,c,170,2,42,c,1,0.12785883399192244,None,42,2,170,2,,,,,404.76914699999907,,404.76314816600643,404.76914699999907,405.7604560410109,405.7604560410109,405.7604560410109,405.7604560410109,405.76684912500787,406.76049912501185,406.76049912501185,406.89616729100817,c,1,0.12785883399192244,None,,,,,1,001,2025-10-02_17h12.43.988,motor sequence learning,,2025.1.1,None,2025-10-02 17h13.09.745393 +0530,
-150,z,171,3,42,z,1,0.5625451659871032,None,42,3,171,3,,,,,406.9019257910113,,406.89643166599853,406.9019257910113,407.89375379100966,407.89375379100966,407.89375379100966,407.89375379100966,407.90029958300875,408.89382766600465,408.89382766600465,409.46299949999957,z,1,0.5625451659871032,None,,,,,1,001,2025-10-02_17h12.43.988,motor sequence learning,,2025.1.1,None,2025-10-02 17h13.09.745393 +0530,
-50,x,172,0,43,x,1,0.26592579200223554,None,43,0,172,0,,,,,409.4690962500026,,409.4633066660026,409.4690962500026,410.46059033300844,410.46059033300844,410.46059033300844,410.46059033300844,410.4670204580034,411.4604650410038,411.4604650410038,411.72958079101227,x,1,0.26592579200223554,None,,,,,1,001,2025-10-02_17h12.43.988,motor sequence learning,,2025.1.1,None,2025-10-02 17h13.09.745393 +0530,
150,v,173,1,43,v,1,0.2710938329983037,None,43,1,173,1,,,,,411.73578616599843,,411.72988662500575,411.73578616599843,412.72722450000583,412.72722450000583,412.72722450000583,412.72722450000583,412.7335916660086,413.7271261660062,413.7271261660062,414.00093700000434,v,1,0.2710938329983037,None,,,,,1,001,2025-10-02_17h12.43.988,motor sequence learning,,2025.1.1,None,2025-10-02 17h13.09.745393 +0530,
50,c,174,2,43,c,1,0.2867167500080541,None,43,2,174,2,,,,,414.0105122500099,,414.0011770830024,414.0105122500099,414.99970079099876,414.99970079099876,414.99970079099876,414.99970079099876,414.99970079099876,415.99951733300986,415.99951733300986,416.29577741600224,c,1,0.2867167500080541,None,,,,,1,001,2025-10-02_17h12.43.988,motor sequence learning,,2025.1.1,None,2025-10-02 17h13.09.745393 +0530,
-150,z,175,3,43,z,1,0.32435650000115857,None,43,3,175,3,,,,,416.30167595800594,,416.2960023750056,416.30167595800594,417.2938162500068,417.2938162500068,417.2938162500068,417.2938162500068,417.2994984160032,418.293749125005,418.293749125005,418.62919608299853,z,1,0.32435650000115857,None,,,,,1,001,2025-10-02_17h12.43.988,motor sequence learning,,2025.1.1,None,2025-10-02 17h13.09.745393 +0530,
-50,x,176,0,44,x,1,0.2539960410067579,None,44,0,176,0,,,,,418.63546429100097,,418.629451041008,418.63546429100097,419.62716362500214,419.62716362500214,419.62716362500214,419.62716362500214,419.6330805410107,420.62712887499947,420.62712887499947,420.88420900001074,x,1,0.2539960410067579,None,,,,,1,001,2025-10-02_17h12.43.988,motor sequence learning,,2025.1.1,None,2025-10-02 17h13.09.745393 +0530,
150,v,177,1,44,v,1,0.33378854200418573,None,44,1,177,1,,,,,420.89381158300966,,420.88443666600506,420.89381158300966,421.88407291600015,421.88407291600015,421.88407291600015,421.88407291600015,421.88407291600015,422.88369720800256,422.88369720800256,423.219033500005,v,1,0.33378854200418573,None,,,,,1,001,2025-10-02_17h12.43.988,motor sequence learning,,2025.1.1,None,2025-10-02 17h13.09.745393 +0530,
50,c,178,2,44,c,1,0.2847372910036938,None,44,2,178,2,,,,,423.2271634159988,,423.2193197500019,423.2271634159988,424.21778508300486,424.21778508300486,424.21778508300486,424.21778508300486,424.21778508300486,425.2173023330106,425.2173023330106,425.5132739160035,c,1,0.2847372910036938,None,,,,,1,001,2025-10-02_17h12.43.988,motor sequence learning,,2025.1.1,None,2025-10-02 17h13.09.745393 +0530,
-150,z,179,3,44,z,1,0.271290417003911,None,44,3,179,3,,,,,425.51948362500116,,425.5135698750091,425.51948362500116,426.51057891600067,426.51057891600067,426.51057891600067,426.51057891600067,426.5169931249984,427.51070583300316,427.51070583300316,427.78542412500246,z,1,0.271290417003911,None,,,,,1,001,2025-10-02_17h12.43.988,motor sequence learning,,2025.1.1,None,2025-10-02 17h13.09.745393 +0530,
-50,x,180,0,45,x,1,0.30256620899308473,None,45,0,180,0,,,,,427.79293295800744,,427.78569658299966,427.79293295800744,428.7844423330098,428.7844423330098,428.7844423330098,428.7844423330098,428.7844423330098,429.7834117080056,429.7834117080056,430.0963620410039,x,1,0.30256620899308473,None,,,,,1,001,2025-10-02_17h12.43.988,motor sequence learning,,2025.1.1,None,2025-10-02 17h13.09.745393 +0530,
150,v,181,1,45,v,1,0.2090463750064373,None,45,1,181,1,,,,,430.1025965410081,,430.0966104580002,430.1025965410081,431.09392441601085,431.09392441601085,431.09392441601085,431.09392441601085,431.10037241601094,432.0938373329991,432.0938373329991,432.3126730410004,v,1,0.2090463750064373,None,,,,,1,001,2025-10-02_17h12.43.988,motor sequence learning,,2025.1.1,None,2025-10-02 17h13.09.745393 +0530,
50,c,182,2,45,c,1,0.2641265830025077,None,45,2,182,2,,,,,432.3177111660043,,432.3129056250036,432.3177111660043,433.3105757910089,433.3105757910089,433.3105757910089,433.3105757910089,433.31596266600536,434.31064049999986,434.31064049999986,434.5792496250069,c,1,0.2641265830025077,None,,,,,1,001,2025-10-02_17h12.43.988,motor sequence learning,,2025.1.1,None,2025-10-02 17h13.09.745393 +0530,
-150,z,183,3,45,z,1,0.23260537500027567,None,45,3,183,3,,,,,434.5835042910039,,434.5795138329995,434.5835042910039,435.5772495830024,435.5772495830024,435.5772495830024,435.5772495830024,435.5835272080003,436.57716000000073,436.57716000000073,436.81268937500136,z,1,0.23260537500027567,None,,,,,1,001,2025-10-02_17h12.43.988,motor sequence learning,,2025.1.1,None,2025-10-02 17h13.09.745393 +0530,
-50,x,184,0,46,x,1,0.2550356669962639,None,46,0,184,0,,,,,436.81594420800684,,436.81297116600035,436.81594420800684,437.81056454101054,437.81056454101054,437.81056454101054,437.81056454101054,437.81056454101054,438.81062808301067,438.81062808301067,439.06830970800365,x,1,0.2550356669962639,None,,,,,1,001,2025-10-02_17h12.43.988,motor sequence learning,,2025.1.1,None,2025-10-02 17h13.09.745393 +0530,
150,v,185,1,46,v,1,0.2917614999896614,None,46,1,185,1,,,,,439.0772560000041,,439.0685553330113,439.0772560000041,440.0675578750088,440.0675578750088,440.0675578750088,440.0675578750088,440.0675578750088,441.0668693750049,441.0668693750049,441.3632335410075,v,1,0.2917614999896614,None,,,,,1,001,2025-10-02_17h12.43.988,motor sequence learning,,2025.1.1,None,2025-10-02 17h13.09.745393 +0530,
50,c,186,2,46,c,1,0.7590796250005951,None,46,2,186,2,,,,,441.3669277500012,,441.36347295800806,441.3669277500012,442.3606701660028,442.3606701660028,442.3606701660028,442.3606701660028,442.3606701660028,443.36059575001127,443.36059575001127,444.12960425000347,c,1,0.7590796250005951,None,,,,,1,001,2025-10-02_17h12.43.988,motor sequence learning,,2025.1.1,None,2025-10-02 17h13.09.745393 +0530,
-150,z,187,3,46,z,1,0.7631372920004651,None,46,3,187,3,,,,,444.1356089160108,,444.1298745410022,444.1356089160108,445.12731925000844,445.12731925000844,445.12731925000844,445.12731925000844,445.1336650000012,446.1273618749983,446.1273618749983,446.89675379100663,z,1,0.7631372920004651,None,,,,,1,001,2025-10-02_17h12.43.988,motor sequence learning,,2025.1.1,None,2025-10-02 17h13.09.745393 +0530,
-50,x,188,0,47,x,1,0.37952408399723936,None,47,0,188,0,,,,,446.90246150000894,,446.89702679100446,446.90246150000894,447.8939472080092,447.8939472080092,447.8939472080092,447.8939472080092,447.90026675000263,448.893985540999,448.893985540999,449.2797409160121,x,1,0.37952408399723936,None,,,,,1,001,2025-10-02_17h12.43.988,motor sequence learning,,2025.1.1,None,2025-10-02 17h13.09.745393 +0530,
150,v,189,1,47,v,1,0.29533945900038816,None,47,1,189,1,,,,,449.2858604580106,,449.28004987500026,449.2858604580106,450.277348625008,450.277348625008,450.277348625008,450.277348625008,450.283336833003,451.27723516600963,451.27723516600963,451.5793271250004,v,1,0.29533945900038816,None,,,,,1,001,2025-10-02_17h12.43.988,motor sequence learning,,2025.1.1,None,2025-10-02 17h13.09.745393 +0530,
50,c,190,2,47,c,1,0.5117903749924153,None,47,2,190,2,,,,,451.5830603330105,,451.5796030830097,451.5830603330105,452.57727925000654,452.57727925000654,452.57727925000654,452.57727925000654,452.57727925000654,453.57749462500215,453.57749462500215,454.09517833300924,c,1,0.5117903749924153,None,,,,,1,001,2025-10-02_17h12.43.988,motor sequence learning,,2025.1.1,None,2025-10-02 17h13.09.745393 +0530,
-150,z,191,3,47,z,1,0.31354400000418536,None,47,3,191,3,,,,,454.09955245800666,,454.09540304100665,454.09955245800666,455.0939856250043,455.0939856250043,455.0939856250043,455.0939856250043,455.0939856250043,456.09388949999993,456.09388949999993,456.4128525410051,z,1,0.31354400000418536,None,,,,,1,001,2025-10-02_17h12.43.988,motor sequence learning,,2025.1.1,None,2025-10-02 17h13.09.745393 +0530,
-50,x,192,0,48,x,1,0.34665949999180157,None,48,0,192,0,,,,,456.41621887500514,,456.4132085410092,456.41621887500514,457.41073379101,457.41073379101,457.41073379101,457.41073379101,457.41073379101,458.41067883301,458.41067883301,458.76310550000926,x,1,0.34665949999180157,None,,,,,1,001,2025-10-02_17h12.43.988,motor sequence learning,,2025.1.1,None,2025-10-02 17h13.09.745393 +0530,
150,v,193,1,48,v,1,0.2766137080034241,None,48,1,193,1,,,,,458.7693509160017,,458.7633930830052,458.7693509160017,459.76070270800847,459.76070270800847,459.76070270800847,459.76070270800847,459.76706216600724,460.76063212500594,460.76063212500594,461.0464835830062,v,1,0.2766137080034241,None,,,,,1,001,2025-10-02_17h12.43.988,motor sequence learning,,2025.1.1,None,2025-10-02 17h13.09.745393 +0530,
50,c,194,2,48,c,1,0.2830845419957768,None,48,2,194,2,,,,,461.05249979101063,,461.0467991660116,461.05249979101063,462.0440643750044,462.0440643750044,462.0440643750044,462.0440643750044,462.0503347910126,463.0441353750066,463.0441353750066,463.32977870800823,c,1,0.2830845419957768,None,,,,,1,001,2025-10-02_17h12.43.988,motor sequence learning,,2025.1.1,None,2025-10-02 17h13.09.745393 +0530,
-150,z,195,3,48,z,1,0.2777919159998419,None,48,3,195,3,,,,,463.3336344999989,,463.33003070800623,463.3336344999989,464.3273665410088,464.3273665410088,464.3273665410088,464.3273665410088,464.3273665410088,465.327406041004,465.327406041004,465.61304999999993,z,1,0.2777919159998419,None,,,,,1,001,2025-10-02_17h12.43.988,motor sequence learning,,2025.1.1,None,2025-10-02 17h13.09.745393 +0530,
-50,x,196,0,49,x,1,0.2883967919915449,None,49,0,196,0,,,,,465.61914487500326,,465.6133017079992,465.61914487500326,466.61078812500637,466.61078812500637,466.61078812500637,466.61078812500637,466.6173346249998,467.6107181250118,467.6107181250118,467.9022437500098,x,1,0.2883967919915449,None,,,,,1,001,2025-10-02_17h12.43.988,motor sequence learning,,2025.1.1,None,2025-10-02 17h13.09.745393 +0530,
150,v,197,1,49,v,1,0.2941517080034828,None,49,1,197,1,,,,,467.9097132500028,,467.9025174999988,467.9097132500028,468.90026254100667,468.90026254100667,468.90026254100667,468.90026254100667,468.90026254100667,469.89984875000664,469.89984875000664,470.19640875000914,v,1,0.2941517080034828,None,,,,,1,001,2025-10-02_17h12.43.988,motor sequence learning,,2025.1.1,None,2025-10-02 17h13.09.745393 +0530,
50,c,198,2,49,c,1,0.27886745799332857,None,49,2,198,2,,,,,470.20232129099895,,470.19666866600164,470.20232129099895,471.19402187500964,471.19402187500964,471.19402187500964,471.19402187500964,471.1999986250012,472.194185750006,472.194185750006,472.47958366600506,c,1,0.27886745799332857,None,,,,,1,001,2025-10-02_17h12.43.988,motor sequence learning,,2025.1.1,None,2025-10-02 17h13.09.745393 +0530,
-150,z,199,3,49,z,1,0.273516417000792,None,49,3,199,3,,,,,472.4828490830114,,472.47984366600576,472.4828490830114,473.4775010410085,473.4775010410085,473.4775010410085,473.4775010410085,473.4775010410085,474.4774056660099,474.4774056660099,474.7517538329994,z,1,0.273516417000792,None,,,,,1,001,2025-10-02_17h12.43.988,motor sequence learning,,2025.1.1,None,2025-10-02 17h13.09.745393 +0530,
50,c,0,0,0,v,0,0.6080190420034342,None,,,,,0,0,0,2,474.76743320800597,,474.76167495800473,474.76743320800597,475.7503894580004,475.7503894580004,475.7503894580004,475.7503894580004,475.76076387500507,476.75087154100765,476.75087154100765,477.36352975000045,,,,,v,0,0.6080190420034342,None,1,001,2025-10-02_17h12.43.988,motor sequence learning,,2025.1.1,None,2025-10-02 17h13.09.745393 +0530,
150,v,1,1,0,v,1,1.247442082996713,None,,,,,0,1,1,1,477.3674754579988,,477.3638060410012,477.3674754579988,478.36083104100544,478.36083104100544,478.36083104100544,478.36083104100544,478.36083104100544,479.36074220800947,479.36074220800947,480.6135835410096,,,,,v,1,1.247442082996713,None,1,001,2025-10-02_17h12.43.988,motor sequence learning,,2025.1.1,None,2025-10-02 17h13.09.745393 +0530,
150,v,2,2,1,v,1,0.4578033339930698,None,,,,,1,2,2,1,480.6175159160048,,480.61390145801124,480.6175159160048,481.6108402910031,481.6108402910031,481.6108402910031,481.6108402910031,481.6174198330118,482.6108791660081,482.6108791660081,483.0695590000105,,,,,v,1,0.4578033339930698,None,1,001,2025-10-02_17h12.43.988,motor sequence learning,,2025.1.1,None,2025-10-02 17h13.09.745393 +0530,
-150,z,3,3,0,z,1,0.48550704200170003,None,,,,,0,3,3,3,483.07742866600165,,483.0698580830067,483.07742866600165,484.0676061250124,484.0676061250124,484.0676061250124,484.0676061250124,484.0676061250124,485.06723695799883,485.06723695799883,485.5634255000041,,,,,z,1,0.48550704200170003,None,1,001,2025-10-02_17h12.43.988,motor sequence learning,,2025.1.1,None,2025-10-02 17h13.09.745393 +0530,
-50,x,4,4,0,x,1,0.32179704200825654,None,,,,,0,4,4,0,485.56970425001055,,485.5637372909987,485.56970425001055,486.560138166009,486.560138166009,486.560138166009,486.560138166009,486.5666030410066,487.56075787500595,487.56075787500595,487.88530004100176,,,,,x,1,0.32179704200825654,None,1,001,2025-10-02_17h12.43.988,motor sequence learning,,2025.1.1,None,2025-10-02 17h13.09.745393 +0530,
150,v,5,5,2,v,1,0.40333104199089576,None,,,,,2,5,5,1,487.89328541600844,,487.8855495000025,487.89328541600844,488.88378816600016,488.88378816600016,488.88378816600016,488.88378816600016,488.88378816600016,489.8833268330054,489.8833268330054,490.2962007080059,,,,,v,1,0.40333104199089576,None,1,001,2025-10-02_17h12.43.988,motor sequence learning,,2025.1.1,None,2025-10-02 17h13.09.745393 +0530,
50,c,6,6,1,c,1,0.28840495899203233,None,,,,,1,6,6,2,490.3018099160108,,490.2964373750001,490.3018099160108,491.2941817079991,491.2941817079991,491.2941817079991,491.2941817079991,491.30020591600623,492.2941023750027,492.2941023750027,492.58574245800264,,,,,c,1,0.28840495899203233,None,1,001,2025-10-02_17h12.43.988,motor sequence learning,,2025.1.1,None,2025-10-02 17h13.09.745393 +0530,
-50,x,7,7,1,x,1,0.6023674580064835,None,,,,,1,7,7,0,492.5932002500049,,492.58601670801,492.5932002500049,493.58310154100764,493.58310154100764,493.58310154100764,493.58310154100764,493.58310154100764,494.58412075000524,494.58412075000524,495.19647329099826,,,,,x,1,0.6023674580064835,None,1,001,2025-10-02_17h12.43.988,motor sequence learning,,2025.1.1,None,2025-10-02 17h13.09.745393 +0530,
-50,x,8,8,2,x,1,0.5623643750004703,None,,,,,2,8,8,0,495.20270391600206,,495.1967447500065,495.20270391600206,496.194172375006,496.194172375006,496.194172375006,496.194172375006,496.20053383300547,497.1941265830101,497.1941265830101,497.7636602499988,,,,,x,1,0.5623643750004703,None,1,001,2025-10-02_17h12.43.988,motor sequence learning,,2025.1.1,None,2025-10-02 17h13.09.745393 +0530,
150,v,9,9,3,v,1,0.3244395420042565,None,,,,,3,9,9,1,497.7698565410101,,497.763970333006,497.7698565410101,498.76080570800696,498.76080570800696,498.76080570800696,498.76080570800696,498.76722891601094,499.76087854101206,499.76087854101206,500.0865011660062,,,,,v,1,0.3244395420042565,None,1,001,2025-10-02_17h12.43.988,motor sequence learning,,2025.1.1,None,2025-10-02 17h13.09.745393 +0530,
50,c,10,10,2,c,1,0.37814145800075494,None,,,,,2,10,10,2,500.09421408300113,,500.086804999999,500.09421408300113,501.0846497080056,501.0846497080056,501.0846497080056,501.0846497080056,501.0846497080056,502.08421912501217,502.08421912501217,502.46316370800196,,,,,c,1,0.37814145800075494,None,1,001,2025-10-02_17h12.43.988,motor sequence learning,,2025.1.1,None,2025-10-02 17h13.09.745393 +0530,
-50,x,11,11,3,x,1,0.46544583298964426,None,,,,,3,11,11,0,502.4669355000078,,502.46340733300894,502.4669355000078,503.46094195800833,503.46094195800833,503.46094195800833,503.46094195800833,503.46094195800833,504.4608611660078,504.4608611660078,504.930175875008,,,,,x,1,0.46544583298964426,None,1,001,2025-10-02_17h12.43.988,motor sequence learning,,2025.1.1,None,2025-10-02 17h13.09.745393 +0530,
-50,x,12,12,4,x,1,0.36768533299618866,None,,,,,4,12,12,0,504.9340755000012,,504.9304858329997,504.9340755000012,505.92750454100315,505.92750454100315,505.92750454100315,505.92750454100315,505.92750454100315,506.9275347080111,506.9275347080111,507.2962235830055,,,,,x,1,0.36768533299618866,None,1,001,2025-10-02_17h12.43.988,motor sequence learning,,2025.1.1,None,2025-10-02 17h13.09.745393 +0530,
-50,x,13,13,5,x,1,0.2539052500069374,None,,,,,5,13,13,0,507.29965662500763,,507.2964444579993,507.29965662500763,508.2942007500096,508.2942007500096,508.2942007500096,508.2942007500096,508.2942007500096,509.29426150000654,509.29426150000654,509.5525581250113,,,,,x,1,0.2539052500069374,None,1,001,2025-10-02_17h12.43.988,motor sequence learning,,2025.1.1,None,2025-10-02 17h13.09.745393 +0530,
50,c,14,14,3,c,1,0.3119020419981098,None,,,,,3,14,14,2,509.55987529100094,,509.5528103329998,509.55987529100094,510.55072358300094,510.55072358300094,510.55072358300094,510.55072358300094,510.55072358300094,511.5492366660037,511.5492366660037,511.8628343330056,,,,,c,1,0.3119020419981098,None,1,001,2025-10-02_17h12.43.988,motor sequence learning,,2025.1.1,None,2025-10-02 17h13.09.745393 +0530,
-150,z,15,15,1,z,1,0.32520287499937695,None,,,,,1,15,15,3,511.8667142080085,,511.86305733300105,511.8667142080085,512.8609845000028,512.8609845000028,512.8609845000028,512.8609845000028,512.8609845000028,513.8609077910078,513.8609077910078,514.1970104580105,,,,,z,1,0.32520287499937695,None,1,001,2025-10-02_17h12.43.988,motor sequence learning,,2025.1.1,None,2025-10-02 17h13.09.745393 +0530,
50,c,16,16,4,c,1,0.2918398339970736,None,,,,,4,16,16,2,514.2032911660062,,514.1972880000103,514.2032911660062,515.1943092910078,515.1943092910078,515.1943092910078,515.1943092910078,515.2008126660076,516.1942447500041,516.1942447500041,516.4966537080036,,,,,c,1,0.2918398339970736,None,1,001,2025-10-02_17h12.43.988,motor sequence learning,,2025.1.1,None,2025-10-02 17h13.09.745393 +0530,
-150,z,17,17,2,x,0,0.3617292919952888,None,,,,,2,17,17,3,516.5026202910085,,516.4969599160104,516.5026202910085,517.4943521250098,517.4943521250098,517.4943521250098,517.4943521250098,517.5007140829985,518.4942100000044,518.4942100000044,518.8632115830114,,,,,x,0,0.3617292919952888,None,1,001,2025-10-02_17h12.43.988,motor sequence learning,,2025.1.1,None,2025-10-02 17h13.09.745393 +0530,
150,v,18,18,4,v,1,0.40605024999240413,None,,,,,4,18,18,1,518.8689131660067,,518.8634787910123,518.8689131660067,519.8609123330098,519.8609123330098,519.8609123330098,519.8609123330098,519.8673180000042,520.8609314580099,520.8609314580099,521.2702084160119,,,,,v,1,0.40605024999240413,None,1,001,2025-10-02_17h12.43.988,motor sequence learning,,2025.1.1,None,2025-10-02 17h13.09.745393 +0530,
-150,z,19,19,3,z,1,0.5553054999909364,None,,,,,3,19,19,3,521.276722583003,,521.2704984160082,521.276722583003,522.2697778750007,522.2697778750007,522.2697778750007,522.2697778750007,522.2697778750007,523.2675260410033,523.2675260410033,523.8296236660099,,,,,z,1,0.5553054999909364,None,1,001,2025-10-02_17h12.43.988,motor sequence learning,,2025.1.1,None,2025-10-02 17h13.09.745393 +0530,
50,c,20,20,5,c,1,0.3062219580024248,None,,,,,5,20,20,2,523.8354316250043,,523.829860791011,523.8354316250043,524.8276629580068,524.8276629580068,524.8276629580068,524.8276629580068,524.8336965409981,525.8276217910025,525.8276217910025,526.1346837080055,,,,,c,1,0.3062219580024248,None,1,001,2025-10-02_17h12.43.988,motor sequence learning,,2025.1.1,None,2025-10-02 17h13.09.745393 +0530,
50,c,21,21,6,c,1,0.4113579580007354,None,,,,,6,21,21,2,526.1443864580069,,526.1349188750028,526.1443864580069,527.1269218750094,527.1269218750094,527.1269218750094,527.1269218750094,527.1320353750052,528.1333961659984,528.1333961659984,528.5463185410044,,,,,c,1,0.4113579580007354,None,1,001,2025-10-02_17h12.43.988,motor sequence learning,,2025.1.1,None,2025-10-02 17h13.09.745393 +0530,
-150,z,22,22,4,z,1,0.3933424160059076,None,,,,,4,22,22,3,528.550127666007,,528.5466111249989,528.550127666007,529.5443543330039,529.5443543330039,529.5443543330039,529.5443543330039,529.5443543330039,530.5443869160081,530.5443869160081,530.9468362500047,,,,,z,1,0.3933424160059076,None,1,001,2025-10-02_17h12.43.988,motor sequence learning,,2025.1.1,None,2025-10-02 17h13.09.745393 +0530,
150,v,23,23,5,v,1,0.26327708300959785,None,,,,,5,23,23,1,530.9533912910119,,530.9471742500027,530.9533912910119,531.9443685410079,531.9443685410079,531.9443685410079,531.9443685410079,531.9506422080012,532.9444087500015,532.9444087500015,533.2135404160072,,,,,v,1,0.26327708300959785,None,1,001,2025-10-02_17h12.43.988,motor sequence learning,,2025.1.1,None,2025-10-02 17h13.09.745393 +0530,
-50,x,24,24,6,x,1,0.3926289579976583,None,,,,,6,24,24,0,533.2193604580098,,533.2137842500088,533.2193604580098,534.2110112910013,534.2110112910013,534.2110112910013,534.2110112910013,534.2178580000036,535.2110476660018,535.2110476660018,535.613023708007,,,,,x,1,0.3926289579976583,None,1,001,2025-10-02_17h12.43.988,motor sequence learning,,2025.1.1,None,2025-10-02 17h13.09.745393 +0530,
-50,x,25,25,7,x,1,0.643405041002552,None,,,,,7,25,25,0,535.6189403330063,,535.6132903750113,535.6189403330063,536.6110155409988,536.6110155409988,536.6110155409988,536.6110155409988,536.6176957910066,537.6110988750006,537.6110988750006,538.2639327500074,,,,,x,1,0.643405041002552,None,1,001,2025-10-02_17h12.43.988,motor sequence learning,,2025.1.1,None,2025-10-02 17h13.09.745393 +0530,
-150,z,26,26,5,z,1,0.47253416599414777,None,,,,,5,26,26,3,538.2700925829995,,538.2642316660058,538.2700925829995,539.2609456659993,539.2609456659993,539.2609456659993,539.2609456659993,539.2660035000008,540.2610408750043,540.2610408750043,540.7362044160109,,,,,z,1,0.47253416599414777,None,1,001,2025-10-02_17h12.43.988,motor sequence learning,,2025.1.1,None,2025-10-02 17h13.09.745393 +0530,
-50,x,27,27,8,x,1,0.5160326670011273,None,,,,,8,27,27,0,540.7443618750112,,540.7364917080122,540.7443618750112,541.733121000012,541.733121000012,541.733121000012,541.733121000012,541.733121000012,542.7333555000077,542.7333555000077,543.2520124580042,,,,,x,1,0.5160326670011273,None,1,001,2025-10-02_17h12.43.988,motor sequence learning,,2025.1.1,None,2025-10-02 17h13.09.745393 +0530,
150,v,28,28,6,v,1,0.3629040410014568,None,,,,,6,28,28,1,543.2611131660087,,543.2522685410077,543.2611131660087,544.2501225410087,544.2501225410087,544.2501225410087,544.2501225410087,544.2501225410087,545.2506287080032,545.2506287080032,545.6191252080025,,,,,v,1,0.3629040410014568,None,1,001,2025-10-02_17h12.43.988,motor sequence learning,,2025.1.1,None,2025-10-02 17h13.09.745393 +0530,
50,c,29,29,7,c,1,0.33130358399648685,None,,,,,7,29,29,2,545.6269431250112,,545.6193880000064,545.6269431250112,546.6165215830115,546.6165215830115,546.6165215830115,546.6165215830115,546.6165215830115,547.6170092079992,547.6170092079992,547.9527303330105,,,,,c,1,0.33130358399648685,None,1,001,2025-10-02_17h12.43.988,motor sequence learning,,2025.1.1,None,2025-10-02 17h13.09.745393 +0530,
-150,z,30,30,6,z,1,0.42619612500129733,None,,,,,6,30,30,3,547.9602480410103,,547.9529495000024,547.9602480410103,548.9504000000015,548.9504000000015,548.9504000000015,548.9504000000015,548.9504000000015,549.9510620830115,549.9510620830115,550.3800256250106,,,,,z,1,0.42619612500129733,None,1,001,2025-10-02_17h12.43.988,motor sequence learning,,2025.1.1,None,2025-10-02 17h13.09.745393 +0530,
-150,z,31,31,7,z,1,0.5304829160013469,None,,,,,7,31,31,3,550.3837816250016,,550.3803003750072,550.3837816250016,551.3777727080014,551.3777727080014,551.3777727080014,551.3777727080014,551.3777727080014,552.3776920000091,552.3776920000091,552.9133877080021,,,,,z,1,0.5304829160013469,None,1,001,2025-10-02_17h12.43.988,motor sequence learning,,2025.1.1,None,2025-10-02 17h13.09.745393 +0530,
-150,z,32,32,8,z,1,0.5691410419967724,None,,,,,8,32,32,3,552.9189767500065,,552.9136178330082,552.9189767500065,553.9111370000028,553.9111370000028,553.9111370000028,553.9111370000028,553.9174775410065,554.9111074160028,554.9111074160028,555.4860311660013,,,,,z,1,0.5691410419967724,None,1,001,2025-10-02_17h12.43.988,motor sequence learning,,2025.1.1,None,2025-10-02 17h13.09.745393 +0530,
-150,z,33,33,9,z,1,0.3057272500009276,None,,,,,9,33,33,3,555.493383375011,,555.4863422500057,555.493383375011,556.4840968750068,556.4840968750068,556.4840968750068,556.4840968750068,556.4840968750068,557.4843101660081,557.4843101660081,557.7966467500082,,,,,z,1,0.3057272500009276,None,1,001,2025-10-02_17h12.43.988,motor sequence learning,,2025.1.1,None,2025-10-02 17h13.09.745393 +0530,
-50,x,34,34,9,c,0,0.3586807909887284,None,,,,,9,34,34,0,557.8024301660043,,557.796881125003,557.8024301660043,558.7945029580005,558.7945029580005,558.7945029580005,558.7945029580005,558.8016431660071,559.7944047080091,559.7944047080091,560.1632444160059,,,,,c,0,0.3586807909887284,None,1,001,2025-10-02_17h12.43.988,motor sequence learning,,2025.1.1,None,2025-10-02 17h13.09.745393 +0530,
150,v,35,35,7,v,1,0.35174770798766986,None,,,,,7,35,35,1,560.16889029101,,560.163477250011,560.16889029101,561.1611115000123,561.1611115000123,561.1611115000123,561.1611115000123,561.1659717080038,562.1612434999988,562.1612434999988,562.5189673749992,,,,,v,1,0.35174770798766986,None,1,001,2025-10-02_17h12.43.988,motor sequence learning,,2025.1.1,None,2025-10-02 17h13.09.745393 +0530,
50,c,36,36,8,c,1,0.41699150000931695,None,,,,,8,36,36,2,562.5278096250113,,562.5191867500107,562.5278096250113,563.516929083009,563.516929083009,563.516929083009,563.516929083009,563.516929083009,564.5169812910026,564.5169812910026,564.9352132500062,,,,,c,1,0.41699150000931695,None,1,001,2025-10-02_17h12.43.988,motor sequence learning,,2025.1.1,None,2025-10-02 17h13.09.745393 +0530,
50,c,37,37,9,c,1,0.326140375007526,None,,,,,9,37,37,2,564.9445372910122,,564.9354785410105,564.9445372910122,565.9338200000057,565.9338200000057,565.9338200000057,565.9338200000057,565.9338200000057,566.9278662500001,566.9278662500001,567.2635602080118,,,,,c,1,0.326140375007526,None,1,001,2025-10-02_17h12.43.988,motor sequence learning,,2025.1.1,None,2025-10-02 17h13.09.745393 +0530,
-50,x,38,38,10,x,1,0.3947385000064969,None,,,,,10,38,38,0,567.269784832999,,567.2638267080038,567.269784832999,568.2610850000056,568.2610850000056,568.2610850000056,568.2610850000056,568.2673772080016,569.2611531250004,569.2611531250004,569.663993041002,,,,,x,1,0.3947385000064969,None,1,001,2025-10-02_17h12.43.988,motor sequence learning,,2025.1.1,None,2025-10-02 17h13.09.745393 +0530,
-50,x,39,39,11,x,1,0.36864320799941197,None,,,,,11,39,39,0,569.6703526250058,,569.6643089160061,569.6703526250058,570.6612676250079,570.6612676250079,570.6612676250079,570.6612676250079,570.6677011249994,571.6611720830115,571.6611720830115,572.0306079160073,,,,,x,1,0.36864320799941197,None,1,001,2025-10-02_17h12.43.988,motor sequence learning,,2025.1.1,None,2025-10-02 17h13.09.745393 +0530,
50,c,40,40,10,c,1,0.33199462499760557,None,,,,,10,40,40,2,572.0343800830015,,572.0308746250084,572.0343800830015,573.0278358750074,573.0278358750074,573.0278358750074,573.0278358750074,573.0343059580046,574.0277774160058,574.0277774160058,574.3633090000076,,,,,c,1,0.33199462499760557,None,1,001,2025-10-02_17h12.43.988,motor sequence learning,,2025.1.1,None,2025-10-02 17h13.09.745393 +0530,
-50,x,41,41,12,x,1,0.42652424999687355,None,,,,,12,41,41,0,574.3691990830121,,574.3635751250113,574.3691990830121,575.3612275830092,575.3612275830092,575.3612275830092,575.3612275830092,575.3675488330045,576.361162458008,576.361162458008,576.7971072500077,,,,,x,1,0.42652424999687355,None,1,001,2025-10-02_17h12.43.988,motor sequence learning,,2025.1.1,None,2025-10-02 17h13.09.745393 +0530,
-150,z,42,42,10,z,1,0.6560082499927375,None,,,,,10,42,42,3,576.8029744160012,,576.7973673330125,576.8029744160012,577.7945357910066,577.7945357910066,577.7945357910066,577.7945357910066,577.8019599160034,578.7945442500059,578.7945442500059,579.4525343330024,,,,,z,1,0.6560082499927375,None,1,001,2025-10-02_17h12.43.988,motor sequence learning,,2025.1.1,None,2025-10-02 17h13.09.745393 +0530,
-150,z,43,43,11,z,1,0.5232978749991162,None,,,,,11,43,43,3,579.4605725000001,,579.4527858330111,579.4605725000001,580.4507463330083,580.4507463330083,580.4507463330083,580.4507463330083,580.4507463330083,581.45039537501,581.45039537501,581.9800265829981,,,,,z,1,0.5232978749991162,None,1,001,2025-10-02_17h12.43.988,motor sequence learning,,2025.1.1,None,2025-10-02 17h13.09.745393 +0530,
50,c,44,44,11,c,1,0.5406122499989579,None,,,,,11,44,44,2,581.9839562499983,,581.9804194580065,581.9839562499983,582.9779206660023,582.9779206660023,582.9779206660023,582.9779206660023,582.9838243749982,583.9778322080092,583.9778322080092,584.529905125004,,,,,c,1,0.5406122499989579,None,1,001,2025-10-02_17h12.43.988,motor sequence learning,,2025.1.1,None,2025-10-02 17h13.09.745393 +0530,
50,c,45,45,12,v,0,0.3405307500070194,None,,,,,12,45,45,2,584.5358708330023,,584.5301614580094,584.5358708330023,585.5279260829993,585.5279260829993,585.5279260829993,585.5279260829993,585.5343896250124,586.5278747500124,586.5278747500124,586.8703011660109,,,,,v,0,0.3405307500070194,None,1,001,2025-10-02_17h12.43.988,motor sequence learning,,2025.1.1,None,2025-10-02 17h13.09.745393 +0530,
-150,z,46,46,12,z,1,0.6140252079931088,None,,,,,12,46,46,3,586.8778313750081,,586.8705884580122,586.8778313750081,587.8681938750087,587.8681938750087,587.8681938750087,587.8681938750087,587.8681938750087,588.8674524160015,588.8674524160015,589.4862972500123,,,,,z,1,0.6140252079931088,None,1,001,2025-10-02_17h12.43.988,motor sequence learning,,2025.1.1,None,2025-10-02 17h13.09.745393 +0530,
-150,z,47,47,13,z,1,0.5420597920019645,None,,,,,13,47,47,3,589.4934864160023,,589.4866100830113,589.4934864160023,590.4847438330034,590.4847438330034,590.4847438330034,590.4847438330034,590.4847438330034,591.4843653330026,591.4843653330026,592.0303193750005,,,,,z,1,0.5420597920019645,None,1,001,2025-10-02_17h12.43.988,motor sequence learning,,2025.1.1,None,2025-10-02 17h13.09.745393 +0530,
50,c,48,48,13,c,1,0.38155508300405927,None,,,,,13,48,48,2,592.0343173330039,,592.030599375008,592.0343173330039,593.027938625004,593.027938625004,593.027938625004,593.027938625004,593.027938625004,594.0278645000071,594.0278645000071,594.4141077500099,,,,,c,1,0.38155508300405927,None,1,001,2025-10-02_17h12.43.988,motor sequence learning,,2025.1.1,None,2025-10-02 17h13.09.745393 +0530,
150,v,49,49,8,v,1,0.4079718330031028,None,,,,,8,49,49,1,594.4175170410017,,594.4143837910087,594.4175170410017,595.4113324159989,595.4113324159989,595.4113324159989,595.4113324159989,595.4113324159989,596.411242000002,596.411242000002,596.8300042910123,,,,,v,1,0.4079718330031028,None,1,001,2025-10-02_17h12.43.988,motor sequence learning,,2025.1.1,None,2025-10-02 17h13.09.745393 +0530,
-150,z,50,50,14,z,1,0.41139491699868813,None,,,,,14,50,50,3,596.8359248330089,,596.8302469160117,596.8359248330089,597.827978500005,597.827978500005,597.827978500005,597.827978500005,597.8338635410037,598.8278882080049,598.8278882080049,599.2465486660076,,,,,z,1,0.41139491699868813,None,1,001,2025-10-02_17h12.43.988,motor sequence learning,,2025.1.1,None,2025-10-02 17h13.09.745393 +0530,
-150,z,51,51,15,z,1,0.509629666004912,None,,,,,15,51,51,3,599.2507272500079,,599.2468007910065,599.2507272500079,600.244680415999,600.244680415999,600.244680415999,600.244680415999,600.249862666009,601.2445870000083,601.2445870000083,601.7633510000014,,,,,z,1,0.509629666004912,None,1,001,2025-10-02_17h12.43.988,motor sequence learning,,2025.1.1,None,2025-10-02 17h13.09.745393 +0530,
-150,z,52,52,16,z,1,0.4787575829977868,None,,,,,16,52,52,3,601.7692186659988,,601.7636047910055,601.7692186659988,602.7611960000067,602.7611960000067,602.7611960000067,602.7611960000067,602.767182666008,603.7612714999996,603.7612714999996,604.247225375002,,,,,z,1,0.4787575829977868,None,1,001,2025-10-02_17h12.43.988,motor sequence learning,,2025.1.1,None,2025-10-02 17h13.09.745393 +0530,
50,c,53,53,14,v,0,0.5404785420105327,None,,,,,14,53,53,2,604.2535632910003,,604.2475364580023,604.2535632910003,605.2445352080103,605.2445352080103,605.2445352080103,605.2445352080103,605.2514642500028,606.2446082910028,606.2446082910028,606.7862491660053,,,,,v,0,0.5404785420105327,None,1,001,2025-10-02_17h12.43.988,motor sequence learning,,2025.1.1,None,2025-10-02 17h13.09.745393 +0530,
-50,x,54,54,13,x,1,0.7390285000001313,None,,,,,13,54,54,0,606.7946161660075,,606.786544750008,606.7946161660075,607.7848814580066,607.7848814580066,607.7848814580066,607.7848814580066,607.7848814580066,608.7846517910075,608.7846517910075,609.5304075000022,,,,,x,1,0.7390285000001313,None,1,001,2025-10-02_17h12.43.988,motor sequence learning,,2025.1.1,None,2025-10-02 17h13.09.745393 +0530,
150,v,55,55,9,v,1,0.37904058399726637,None,,,,,9,55,55,1,609.5366587080061,,609.5306827080058,609.5366587080061,610.5279332080099,610.5279332080099,610.5279332080099,610.5279332080099,610.5344047910039,611.5279846660123,611.5279846660123,611.9135912080092,,,,,v,1,0.37904058399726637,None,1,001,2025-10-02_17h12.43.988,motor sequence learning,,2025.1.1,None,2025-10-02 17h13.09.745393 +0530,
150,v,56,56,10,v,1,0.47646679100580513,None,,,,,10,56,56,1,611.9193427080027,,611.9138669579988,611.9193427080027,612.9113087080041,612.9113087080041,612.9113087080041,612.9113087080041,612.9176391250076,613.911368000001,613.911368000001,614.3967792500043,,,,,v,1,0.47646679100580513,None,1,001,2025-10-02_17h12.43.988,motor sequence learning,,2025.1.1,None,2025-10-02 17h13.09.745393 +0530,
-50,x,57,57,14,x,1,0.8681536250078352,None,,,,,14,57,57,0,614.403009665999,,614.3970649160037,614.403009665999,615.3945940830017,615.3945940830017,615.3945940830017,615.3945940830017,615.4005527910049,616.394658833,616.394658833,617.2680352910102,,,,,x,1,0.8681536250078352,None,1,001,2025-10-02_17h12.43.988,motor sequence learning,,2025.1.1,None,2025-10-02 17h13.09.745393 +0530,
-50,x,58,58,15,x,1,0.529432541996357,None,,,,,15,58,58,0,617.2780551660107,,617.2682612500066,617.2780551660107,618.2613323330006,618.2613323330006,618.2613323330006,618.2613323330006,618.2672389580111,619.2612629159994,619.2612629159994,619.7967168330069,,,,,x,1,0.529432541996357,None,1,001,2025-10-02_17h12.43.988,motor sequence learning,,2025.1.1,None,2025-10-02 17h13.09.745393 +0530,
150,v,59,59,11,v,1,0.5500929160043597,None,,,,,11,59,59,1,619.8027011660015,,619.7969544580119,619.8027011660015,620.7946905410063,620.7946905410063,620.7946905410063,620.7946905410063,620.8007189580094,621.7946431660093,621.7946431660093,622.3471303330007,,,,,v,1,0.5500929160043597,None,1,001,2025-10-02_17h12.43.988,motor sequence learning,,2025.1.1,None,2025-10-02 17h13.09.745393 +0530,
50,c,60,60,15,c,1,0.5042177090072073,None,,,,,15,60,60,2,622.3535722910019,,622.3474425410095,622.3535722910019,623.3447388750064,623.3447388750064,623.3447388750064,623.3447388750064,623.3511538330058,624.3446858750103,624.3446858750103,624.8527119580103,,,,,c,1,0.5042177090072073,None,1,001,2025-10-02_17h12.43.988,motor sequence learning,,2025.1.1,None,2025-10-02 17h13.09.745393 +0530,
-50,x,61,61,16,x,1,0.59666599999764,None,,,,,16,61,61,0,624.8602786250121,,624.8529948330106,624.8602786250121,625.8517665410036,625.8517665410036,625.8517665410036,625.8517665410036,625.8517665410036,626.8509737080021,626.8509737080021,627.4529756660049,,,,,x,1,0.59666599999764,None,1,001,2025-10-02_17h12.43.988,motor sequence learning,,2025.1.1,None,2025-10-02 17h13.09.745393 +0530,
-50,x,62,62,17,x,1,0.3604828340030508,None,,,,,17,62,62,0,627.460340125006,,627.453275250009,627.460340125006,628.4516060410097,628.4516060410097,628.4516060410097,628.4516060410097,628.4516060410097,629.4510447080102,629.4510447080102,629.8138720830029,,,,,x,1,0.3604828340030508,None,1,001,2025-10-02_17h12.43.988,motor sequence learning,,2025.1.1,None,2025-10-02 17h13.09.745393 +0530,
50,c,63,63,16,c,1,0.6601236249989597,None,,,,,16,63,63,2,629.8177371250058,,629.8141852910048,629.8177371250058,630.811452000009,630.811452000009,630.811452000009,630.811452000009,630.811452000009,631.8114173330105,631.8114173330105,632.4804321660049,,,,,c,1,0.6601236249989597,None,1,001,2025-10-02_17h12.43.988,motor sequence learning,,2025.1.1,None,2025-10-02 17h13.09.745393 +0530,
50,c,64,64,17,c,1,0.4113153340003919,None,,,,,17,64,64,2,632.4860399580066,,632.4807020000007,632.4860399580066,633.4780397910072,633.4780397910072,633.4780397910072,633.4780397910072,633.4839110830071,634.4780681250122,634.4780681250122,634.8968422500038,,,,,c,1,0.4113153340003919,None,1,001,2025-10-02_17h12.43.988,motor sequence learning,,2025.1.1,None,2025-10-02 17h13.09.745393 +0530,
-150,z,65,65,17,z,1,0.4277485409984365,None,,,,,17,65,65,3,634.9026643750112,,634.8971065410005,634.9026643750112,635.894643874999,635.894643874999,635.894643874999,635.894643874999,635.9005133750034,636.8946878749994,636.8946878749994,637.3301136660011,,,,,z,1,0.4277485409984365,None,1,001,2025-10-02_17h12.43.988,motor sequence learning,,2025.1.1,None,2025-10-02 17h13.09.745393 +0530,
150,v,66,66,12,v,1,0.5993911669938825,None,,,,,12,66,66,1,637.3358979160112,,637.3303557910112,637.3358979160112,638.3281127080118,638.3281127080118,638.3281127080118,638.3281127080118,638.3341066660068,639.328015541003,639.328015541003,639.9302328750055,,,,,v,1,0.5993911669938825,None,1,001,2025-10-02_17h12.43.988,motor sequence learning,,2025.1.1,None,2025-10-02 17h13.09.745393 +0530,
150,v,67,67,13,v,1,0.42815004200383555,None,,,,,13,67,67,1,639.9339491249993,,639.9304816250078,639.9339491249993,640.928167666003,640.928167666003,640.928167666003,640.928167666003,640.928167666003,641.9280584160006,641.9280584160006,642.3638809580007,,,,,v,1,0.42815004200383555,None,1,001,2025-10-02_17h12.43.988,motor sequence learning,,2025.1.1,None,2025-10-02 17h13.09.745393 +0530,
50,c,68,68,18,c,1,0.3627671249996638,None,,,,,18,68,68,2,642.3699137080112,,642.3641347500088,642.3699137080112,643.3614206659986,643.3614206659986,643.3614206659986,643.3614206659986,643.3677272080095,644.361509416005,644.361509416005,644.730481000006,,,,,c,1,0.3627671249996638,None,1,001,2025-10-02_17h12.43.988,motor sequence learning,,2025.1.1,None,2025-10-02 17h13.09.745393 +0530,
-50,x,69,69,18,x,1,0.5191066249972209,None,,,,,18,69,69,0,644.736493000004,,644.7307392080111,644.736493000004,645.7281995000085,645.7281995000085,645.7281995000085,645.7281995000085,645.7345422080107,646.7281210410001,646.7281210410001,647.2528863330081,,,,,x,1,0.5191066249972209,None,1,001,2025-10-02_17h12.43.988,motor sequence learning,,2025.1.1,None,2025-10-02 17h13.09.745393 +0530,
-50,x,70,70,19,x,1,0.4447180419956567,None,,,,,19,70,70,0,647.2614552500017,,647.2531383330061,647.2614552500017,648.2517703750054,648.2517703750054,648.2517703750054,648.2517703750054,648.2517703750054,649.2514190410002,649.2514190410002,649.6977355410054,,,,,x,1,0.4447180419956567,None,1,001,2025-10-02_17h12.43.988,motor sequence learning,,2025.1.1,None,2025-10-02 17h13.09.745393 +0530,
-50,x,71,71,20,x,1,0.5032907089916989,None,,,,,20,71,71,0,649.701550541009,,649.6980639160029,649.701550541009,650.6948165000067,650.6948165000067,650.6948165000067,650.6948165000067,650.6948165000067,651.694716375001,651.694716375001,652.2022564580111,,,,,x,1,0.5032907089916989,None,1,001,2025-10-02_17h12.43.988,motor sequence learning,,2025.1.1,None,2025-10-02 17h13.09.745393 +0530,
-50,x,72,72,21,x,1,0.40494620898971334,None,,,,,21,72,72,0,652.2115187910094,,652.2024959999981,652.2115187910094,653.2010825000034,653.2010825000034,653.2010825000034,653.2010825000034,653.2010825000034,654.2011240830034,654.2011240830034,654.6126993750077,,,,,x,1,0.40494620898971334,None,1,001,2025-10-02_17h12.43.988,motor sequence learning,,2025.1.1,None,2025-10-02 17h13.09.745393 +0530,
50,c,73,73,19,c,1,0.5874466670065885,None,,,,,19,73,73,2,654.6170043750026,,654.6129246250057,654.6170043750026,655.6115071250097,655.6115071250097,655.6115071250097,655.6115071250097,655.6115071250097,656.6115168329998,656.6115168329998,657.2018434580095,,,,,c,1,0.5874466670065885,None,1,001,2025-10-02_17h12.43.988,motor sequence learning,,2025.1.1,None,2025-10-02 17h13.09.745393 +0530,
50,c,74,74,20,c,1,0.4073148329916876,None,,,,,20,74,74,2,657.2115735000116,,657.2020638750109,657.2115735000116,658.2007300000114,658.2007300000114,658.2007300000114,658.2007300000114,658.2007300000114,659.2015157080023,659.2015157080023,659.6128490830015,,,,,c,1,0.4073148329916876,None,1,001,2025-10-02_17h12.43.988,motor sequence learning,,2025.1.1,None,2025-10-02 17h13.09.745393 +0530,
-150,z,75,75,18,z,1,0.445348915993236,None,,,,,18,75,75,3,659.6188686250098,,659.6131382910098,659.6188686250098,660.6115070000087,660.6115070000087,660.6115070000087,660.6115070000087,660.6178496250068,661.6115605000086,661.6115605000086,662.0636317910103,,,,,z,1,0.445348915993236,None,1,001,2025-10-02_17h12.43.988,motor sequence learning,,2025.1.1,None,2025-10-02 17h13.09.745393 +0530,
-50,x,76,76,22,x,1,0.3503961660026107,None,,,,,22,76,76,0,662.0692829580075,,662.0638755000109,662.0692829580075,663.061542291005,663.061542291005,663.061542291005,663.061542291005,663.0680383330036,664.0614595000079,664.0614595000079,664.4136856250116,,,,,x,1,0.3503961660026107,None,1,001,2025-10-02_17h12.43.988,motor sequence learning,,2025.1.1,None,2025-10-02 17h13.09.745393 +0530,
50,c,77,77,21,c,1,0.5760904170019785,None,,,,,21,77,77,2,664.4173553750006,,664.4139479160076,664.4173553750006,665.4115613330068,665.4115613330068,665.4115613330068,665.4115613330068,665.4115613330068,666.4116286659992,666.4116286659992,666.9973105829995,,,,,c,1,0.5760904170019785,None,1,001,2025-10-02_17h12.43.988,motor sequence learning,,2025.1.1,None,2025-10-02 17h13.09.745393 +0530,
50,c,78,78,22,c,1,0.3668142499955138,None,,,,,22,78,78,2,667.0035276249982,,666.9976207500004,667.0035276249982,667.9948262910038,667.9948262910038,667.9948262910038,667.9948262910038,668.0011030000023,668.9948517500015,668.9948517500015,669.3635561250121,,,,,c,1,0.3668142499955138,None,1,001,2025-10-02_17h12.43.988,motor sequence learning,,2025.1.1,None,2025-10-02 17h13.09.745393 +0530,
-150,z,79,79,19,z,1,0.4651972499996191,None,,,,,19,79,79,3,669.3673491250083,,669.3638442500087,669.3673491250083,670.3615059580043,670.3615059580043,670.3615059580043,670.3615059580043,670.3615059580043,671.3614417909994,671.3614417909994,671.8302889160113,,,,,z,1,0.4651972499996191,None,1,001,2025-10-02_17h12.43.988,motor sequence learning,,2025.1.1,None,2025-10-02 17h13.09.745393 +0530,
-150,z,80,80,20,z,1,0.37547250000352506,None,,,,,20,80,80,3,671.8341770830011,,671.8305467910104,671.8341770830011,672.8282439160103,672.8282439160103,672.8282439160103,672.8282439160103,672.8282439160103,673.8281702079985,673.8281702079985,674.2136121660005,,,,,z,1,0.37547250000352506,None,1,001,2025-10-02_17h12.43.988,motor sequence learning,,2025.1.1,None,2025-10-02 17h13.09.745393 +0530,
50,c,81,81,23,c,1,0.48790249999728985,None,,,,,23,81,81,2,674.218713041002,,674.2138781660033,674.218713041002,675.2116534160014,675.2116534160014,675.2116534160014,675.2116534160014,675.2173327500059,676.2116062080022,676.2116062080022,676.7013464580086,,,,,c,1,0.48790249999728985,None,1,001,2025-10-02_17h12.43.988,motor sequence learning,,2025.1.1,None,2025-10-02 17h13.09.745393 +0530,
50,c,82,82,24,c,1,0.4466483329888433,None,,,,,24,82,82,2,676.7115408750105,,676.7015829160082,676.7115408750105,677.6949471250118,677.6949471250118,677.6949471250118,677.6949471250118,677.7015055410011,678.6948878330004,678.6948878330004,679.1476947910123,,,,,c,1,0.4466483329888433,None,1,001,2025-10-02_17h12.43.988,motor sequence learning,,2025.1.1,None,2025-10-02 17h13.09.745393 +0530,
-150,z,83,83,21,z,1,0.4785668749973411,None,,,,,21,83,83,3,679.1538277080108,,679.1479963750025,679.1538277080108,680.1450198750099,680.1450198750099,680.1450198750099,680.1450198750099,680.151392166008,681.1449702500104,681.1449702500104,681.6306856250012,,,,,z,1,0.4785668749973411,None,1,001,2025-10-02_17h12.43.988,motor sequence learning,,2025.1.1,None,2025-10-02 17h13.09.745393 +0530,
150,v,84,84,14,c,0,0.34916137499385513,None,,,,,14,84,84,1,681.6366603750066,,681.6309805830097,681.6366603750066,682.6283405410068,682.6283405410068,682.6283405410068,682.6283405410068,682.6347315410094,683.6282609580085,683.6282609580085,683.9809217500006,,,,,c,0,0.34916137499385513,None,1,001,2025-10-02_17h12.43.988,motor sequence learning,,2025.1.1,None,2025-10-02 17h13.09.745393 +0530,
-50,x,85,85,23,x,1,0.4541181249951478,None,,,,,23,85,85,0,683.9850160409987,,683.9812162080052,683.9850160409987,684.9783125000104,684.9783125000104,684.9783125000104,684.9783125000104,684.9846909160115,685.9782489580102,685.9782489580102,686.4369387500046,,,,,x,1,0.4541181249951478,None,1,001,2025-10-02_17h12.43.988,motor sequence learning,,2025.1.1,None,2025-10-02 17h13.09.745393 +0530,
150,v,86,86,15,v,1,0.4603012919978937,None,,,,,15,86,86,1,686.4439331660105,,686.437234750003,686.4439331660105,687.4346772910067,687.4346772910067,687.4346772910067,687.4346772910067,687.4346772910067,688.4340208330104,688.4340208330104,688.896962208004,,,,,v,1,0.4603012919978937,None,1,001,2025-10-02_17h12.43.988,motor sequence learning,,2025.1.1,None,2025-10-02 17h13.09.745393 +0530,
150,v,87,87,16,v,1,0.33237004099646583,None,,,,,16,87,87,1,688.9003142910078,,688.8971919160103,688.9003142910078,689.8949195410096,689.8949195410096,689.8949195410096,689.8949195410096,689.8949195410096,690.8949692080059,690.8949692080059,691.2302484579996,,,,,v,1,0.33237004099646583,None,1,001,2025-10-02_17h12.43.988,motor sequence learning,,2025.1.1,None,2025-10-02 17h13.09.745393 +0530,
-150,z,88,88,22,z,1,0.4557947910070652,None,,,,,22,88,88,3,691.2336660410074,,691.2304644579999,691.2336660410074,692.2282962080062,692.2282962080062,692.2282962080062,692.2282962080062,692.2282962080062,693.2283242910053,693.2283242910053,693.6863955000008,,,,,z,1,0.4557947910070652,None,1,001,2025-10-02_17h12.43.988,motor sequence learning,,2025.1.1,None,2025-10-02 17h13.09.745393 +0530,
50,c,89,89,25,c,1,0.7208407500002068,None,,,,,25,89,89,2,693.694354583,,693.6866318750108,693.694354583,694.684128125009,694.684128125009,694.684128125009,694.684128125009,694.684128125009,695.684362666012,695.684362666012,696.4147129580087,,,,,c,1,0.7208407500002068,None,1,001,2025-10-02_17h12.43.988,motor sequence learning,,2025.1.1,None,2025-10-02 17h13.09.745393 +0530,
150,v,90,90,17,v,1,0.38925491699774284,None,,,,,17,90,90,1,696.4212099580036,,696.415084332999,696.4212099580036,697.4117635000002,697.4117635000002,697.4117635000002,697.4117635000002,697.4182339580002,698.4117197910091,698.4117197910091,698.8031657500105,,,,,v,1,0.38925491699774284,None,1,001,2025-10-02_17h12.43.988,motor sequence learning,,2025.1.1,None,2025-10-02 17h13.09.745393 +0530,
50,c,91,91,26,c,1,0.3368514579924522,None,,,,,26,91,91,2,698.8117393749999,,698.8034223330033,698.8117393749999,699.8016470410075,699.8016470410075,699.8016470410075,699.8016470410075,699.8016470410075,700.8011705000099,700.8011705000099,701.1475313750125,,,,,c,1,0.3368514579924522,None,1,001,2025-10-02_17h12.43.988,motor sequence learning,,2025.1.1,None,2025-10-02 17h13.09.745393 +0530,
-150,z,92,92,23,z,1,0.36791016699862666,None,,,,,23,92,92,3,701.1537757910119,,701.1478349160025,701.1537757910119,702.1450246660097,702.1450246660097,702.1450246660097,702.1450246660097,702.1512510830071,703.1450750000076,703.1450750000076,703.5139966660063,,,,,z,1,0.36791016699862666,None,1,001,2025-10-02_17h12.43.988,motor sequence learning,,2025.1.1,None,2025-10-02 17h13.09.745393 +0530,
50,c,93,93,27,c,1,0.36524054101028014,None,,,,,27,93,93,2,703.5178867909999,,703.514263916004,703.5178867909999,704.5118621250003,704.5118621250003,704.5118621250003,704.5118621250003,704.5118621250003,705.5116729160072,705.5116729160072,705.8806816660071,,,,,c,1,0.36524054101028014,None,1,001,2025-10-02_17h12.43.988,motor sequence learning,,2025.1.1,None,2025-10-02 17h13.09.745393 +0530,
150,v,94,94,18,v,1,0.3354811669996707,None,,,,,18,94,94,1,705.8847158749995,,705.8809641250118,705.8847158749995,706.8783566659986,706.8783566659986,706.8783566659986,706.8783566659986,706.8839026250062,707.8784017080034,707.8784017080034,708.2193929580098,,,,,v,1,0.3354811669996707,None,1,001,2025-10-02_17h12.43.988,motor sequence learning,,2025.1.1,None,2025-10-02 17h13.09.745393 +0530,
150,v,95,95,19,v,1,0.4448125409981003,None,,,,,19,95,95,1,708.2283704580041,,708.2196166250069,708.2283704580041,709.2176933750015,709.2176933750015,709.2176933750015,709.2176933750015,709.2176933750015,710.2169969160022,710.2169969160022,710.6637952500023,,,,,v,1,0.4448125409981003,None,1,001,2025-10-02_17h12.43.988,motor sequence learning,,2025.1.1,None,2025-10-02 17h13.09.745393 +0530,
-50,x,96,96,24,x,1,0.4270098339911783,None,,,,,24,96,96,0,710.6670135000022,,710.6640300410072,710.6670135000022,711.6617612080008,711.6617612080008,711.6617612080008,711.6617612080008,711.6617612080008,712.6616683330067,712.6616683330067,713.0970506660087,,,,,x,1,0.4270098339911783,None,1,001,2025-10-02_17h12.43.988,motor sequence learning,,2025.1.1,None,2025-10-02 17h13.09.745393 +0530,
-50,x,97,97,25,x,1,0.4005295420065522,None,,,,,25,97,97,0,713.1029560000025,,713.0973082910059,713.1029560000025,714.0950272500049,714.0950272500049,714.0950272500049,714.0950272500049,714.1014752080082,715.0950773330114,715.0950773330114,715.4976339999994,,,,,x,1,0.4005295420065522,None,1,001,2025-10-02_17h12.43.988,motor sequence learning,,2025.1.1,None,2025-10-02 17h13.09.745393 +0530,
-50,x,98,98,26,x,1,0.37557925000146497,None,,,,,26,98,98,0,715.5015400410048,,715.497946375006,715.5015400410048,716.4950440829998,716.4950440829998,716.4950440829998,716.4950440829998,716.4950440829998,717.4951091250114,717.4951091250114,717.881091083007,,,,,x,1,0.37557925000146497,None,1,001,2025-10-02_17h12.43.988,motor sequence learning,,2025.1.1,None,2025-10-02 17h13.09.745393 +0530,
150,v,99,99,20,v,1,0.39913416700437665,None,,,,,20,99,99,1,717.8868430000002,,717.8813559160044,717.8868430000002,718.8784805830073,718.8784805830073,718.8784805830073,718.8784805830073,718.8847650829994,719.8785036250047,719.8785036250047,720.2807023330097,,,,,v,1,0.39913416700437665,None,1,001,2025-10-02_17h12.43.988,motor sequence learning,,2025.1.1,None,2025-10-02 17h13.09.745393 +0530,
50,c,100,100,28,c,1,0.296166665997589,None,,,,,28,100,100,2,720.2846180830093,,720.2809765410057,720.2846180830093,721.2784358750068,721.2784358750068,721.2784358750068,721.2784358750068,721.2784358750068,722.2783863330114,722.2783863330114,722.5807153330097,,,,,c,1,0.296166665997589,None,1,001,2025-10-02_17h12.43.988,motor sequence learning,,2025.1.1,None,2025-10-02 17h13.09.745393 +0530,
-150,z,101,101,24,z,1,0.33423549999133684,None,,,,,24,101,101,3,722.586433000004,,722.5809488750092,722.586433000004,723.5783869160077,723.5783869160077,723.5783869160077,723.5783869160077,723.5848503750021,724.5783284580102,724.5783284580102,724.9141510830086,,,,,z,1,0.33423549999133684,None,1,001,2025-10-02_17h12.43.988,motor sequence learning,,2025.1.1,None,2025-10-02 17h13.09.745393 +0530,
150,v,102,102,21,v,1,0.3406332080048742,None,,,,,21,102,102,1,724.9182665830012,,724.9144660830061,724.9182665830012,725.9117928330088,725.9117928330088,725.9117928330088,725.9117928330088,725.9177626660094,726.911851375,726.911851375,727.2637336250045,,,,,v,1,0.3406332080048742,None,1,001,2025-10-02_17h12.43.988,motor sequence learning,,2025.1.1,None,2025-10-02 17h13.09.745393 +0530,
50,c,103,103,29,v,0,0.3406408750015544,None,,,,,29,103,103,2,727.2690790000051,,727.2639563330013,727.2690790000051,728.2618115830119,728.2618115830119,728.2618115830119,728.2618115830119,728.2618115830119,729.2618004579999,729.2618004579999,729.6138820830092,,,,,v,0,0.3406408750015544,None,1,001,2025-10-02_17h12.43.988,motor sequence learning,,2025.1.1,None,2025-10-02 17h13.09.745393 +0530,
-50,x,104,104,27,z,0,0.4174052919988753,None,,,,,27,104,104,0,729.6186113330041,,729.6141367079981,729.6186113330041,730.6118509580119,730.6118509580119,730.6118509580119,730.6118509580119,730.6171643330017,731.6118160830083,731.6118160830083,732.030821791006,,,,,z,0,0.4174052919988753,None,1,001,2025-10-02_17h12.43.988,motor sequence learning,,2025.1.1,None,2025-10-02 17h13.09.745393 +0530,
-50,x,105,105,28,x,1,0.9067996670055436,None,,,,,28,105,105,0,732.0368402080057,,732.031091124998,732.0368402080057,733.028526250011,733.028526250011,733.028526250011,733.028526250011,733.0349798329989,734.0284497910034,734.0284497910034,734.936840541006,,,,,x,1,0.9067996670055436,None,1,001,2025-10-02_17h12.43.988,motor sequence learning,,2025.1.1,None,2025-10-02 17h13.09.745393 +0530,
-150,z,106,106,25,z,1,0.6451463330013212,None,,,,,25,106,106,3,734.9452331250068,,734.9371713750006,734.9452331250068,735.9354367080086,735.9354367080086,735.9354367080086,735.9354367080086,735.9354367080086,736.9349554580112,736.9349554580112,737.5807225000026,,,,,z,1,0.6451463330013212,None,1,001,2025-10-02_17h12.43.988,motor sequence learning,,2025.1.1,None,2025-10-02 17h13.09.745393 +0530,
-50,x,107,107,29,x,1,0.6717015000031097,None,,,,,29,107,107,0,737.5841648330097,,737.5809649160074,737.5841648330097,738.5784161250049,738.5784161250049,738.5784161250049,738.5784161250049,738.5784161250049,739.5784932910028,739.5784932910028,740.2533815409988,,,,,x,1,0.6717015000031097,None,1,001,2025-10-02_17h12.43.988,motor sequence learning,,2025.1.1,None,2025-10-02 17h13.09.745393 +0530,
-50,x,108,108,30,x,1,0.42938066700298805,None,,,,,30,108,108,0,740.2608147499996,,740.2536870410113,740.2608147499996,741.2514718750026,741.2514718750026,741.2514718750026,741.2514718750026,741.2514718750026,742.251784166001,742.251784166001,742.6864343750058,,,,,x,1,0.42938066700298805,None,1,001,2025-10-02_17h12.43.988,motor sequence learning,,2025.1.1,None,2025-10-02 17h13.09.745393 +0530,
50,c,109,109,30,c,1,0.6547227080009179,None,,,,,30,109,109,2,742.6943013749988,,742.6867329160013,742.6943013749988,743.6842556660122,743.6842556660122,743.6842556660122,743.6842556660122,743.6842556660122,744.6842731659999,744.6842731659999,745.3473789160053,,,,,c,1,0.6547227080009179,None,1,001,2025-10-02_17h12.43.988,motor sequence learning,,2025.1.1,None,2025-10-02 17h13.09.745393 +0530,
-50,x,110,110,31,x,1,0.48569245799444616,None,,,,,31,110,110,0,745.3531475830096,,745.347671541007,745.3531475830096,746.3451619160041,746.3451619160041,746.3451619160041,746.3451619160041,746.3508799999981,747.3452235000004,747.3452235000004,747.8365966249985,,,,,x,1,0.48569245799444616,None,1,001,2025-10-02_17h12.43.988,motor sequence learning,,2025.1.1,None,2025-10-02 17h13.09.745393 +0530,
150,v,111,111,22,v,1,0.44048254200606607,None,,,,,22,111,111,1,747.8442672079982,,747.8368518330099,747.8442672079982,748.8346291659982,748.8346291659982,748.8346291659982,748.8346291659982,748.8346291659982,749.834380958011,749.834380958011,750.2807464159996,,,,,v,1,0.44048254200606607,None,1,001,2025-10-02_17h12.43.988,motor sequence learning,,2025.1.1,None,2025-10-02 17h13.09.745393 +0530,
50,c,112,112,31,c,1,0.46338104200549424,None,,,,,31,112,112,2,750.2839772910083,,750.2809735000046,750.2839772910083,751.278502458008,751.278502458008,751.278502458008,751.278502458008,751.278502458008,752.278556833,752.278556833,752.7475470000063,,,,,c,1,0.46338104200549424,None,1,001,2025-10-02_17h12.43.988,motor sequence learning,,2025.1.1,None,2025-10-02 17h13.09.745393 +0530,
50,c,113,113,32,c,1,0.3947260419954546,None,,,,,32,113,113,2,752.753593750007,,752.7478333330073,752.753593750007,753.7452289580106,753.7452289580106,753.7452289580106,753.7452289580106,753.7516619160015,754.7451482500037,754.7451482500037,755.1479193330015,,,,,c,1,0.3947260419954546,None,1,001,2025-10-02_17h12.43.988,motor sequence learning,,2025.1.1,None,2025-10-02 17h13.09.745393 +0530,
-50,x,114,114,32,x,1,0.37954162500682287,None,,,,,32,114,114,0,755.154184583007,,755.148239208007,755.154184583007,756.1452629580017,756.1452629580017,756.1452629580017,756.1452629580017,756.1515740410105,757.1453286250035,757.1453286250035,757.5312196660088,,,,,x,1,0.37954162500682287,None,1,001,2025-10-02_17h12.43.988,motor sequence learning,,2025.1.1,None,2025-10-02 17h13.09.745393 +0530,
50,c,115,115,33,c,1,0.37322116699942853,None,,,,,33,115,115,2,757.537095000007,,757.5315009580081,757.537095000007,758.5286128750013,758.5286128750013,758.5286128750013,758.5286128750013,758.5358172080014,759.5285393750091,759.5285393750091,759.9027722500032,,,,,c,1,0.37322116699942853,None,1,001,2025-10-02_17h12.43.988,motor sequence learning,,2025.1.1,None,2025-10-02 17h13.09.745393 +0530,
-50,x,116,116,33,x,1,0.5945496249914868,None,,,,,33,116,116,0,759.9114599580062,,759.9030426660029,759.9114599580062,760.9023725830048,760.9023725830048,760.9023725830048,760.9023725830048,760.9023725830048,761.9010963750043,761.9010963750043,762.4972051250079,,,,,x,1,0.5945496249914868,None,1,001,2025-10-02_17h12.43.988,motor sequence learning,,2025.1.1,None,2025-10-02 17h13.09.745393 +0530,
150,v,117,117,23,c,0,0.4393698749918258,None,,,,,23,117,117,1,762.5005629160005,,762.4974419580103,762.5005629160005,763.4952362500044,763.4952362500044,763.4952362500044,763.4952362500044,763.4952362500044,764.4952967910067,764.4952967910067,764.9357432910037,,,,,c,0,0.4393698749918258,None,1,001,2025-10-02_17h12.43.988,motor sequence learning,,2025.1.1,None,2025-10-02 17h13.09.745393 +0530,
-50,x,118,118,34,x,1,0.6348414169915486,None,,,,,34,118,118,0,764.9450238749996,,764.9360090410046,764.9450238749996,765.9346298750024,765.9346298750024,765.9346298750024,765.9346298750024,765.9346298750024,766.9286350000039,766.9286350000039,767.5685487080045,,,,,x,1,0.6348414169915486,None,1,001,2025-10-02_17h12.43.988,motor sequence learning,,2025.1.1,None,2025-10-02 17h13.09.745393 +0530,
-50,x,119,119,35,x,1,0.42062837500998285,None,,,,,35,119,119,0,767.5787273330061,,767.5687636660005,767.5787273330061,768.5618735410098,768.5618735410098,768.5618735410098,768.5618735410098,768.5674485000054,769.5619037080032,769.5619037080032,769.9870465830027,,,,,x,1,0.42062837500998285,None,1,001,2025-10-02_17h12.43.988,motor sequence learning,,2025.1.1,None,2025-10-02 17h13.09.745393 +0530,
150,v,120,120,24,v,1,0.5375542500114534,None,,,,,24,120,120,1,769.9942531249981,,769.9873730000108,769.9942531249981,770.9855857500079,770.9855857500079,770.9855857500079,770.9855857500079,770.9855857500079,771.9848637500108,771.9848637500108,772.5310281249986,,,,,v,1,0.5375542500114534,None,1,001,2025-10-02_17h12.43.988,motor sequence learning,,2025.1.1,None,2025-10-02 17h13.09.745393 +0530,
150,v,121,121,25,v,1,0.45172437498695217,None,,,,,25,121,121,1,772.5370536660048,,772.5312966659985,772.5370536660048,773.5286644160078,773.5286644160078,773.5286644160078,773.5286644160078,773.5351207080093,774.5287110000063,774.5287110000063,774.9868500000011,,,,,v,1,0.45172437498695217,None,1,001,2025-10-02_17h12.43.988,motor sequence learning,,2025.1.1,None,2025-10-02 17h13.09.745393 +0530,
50,c,122,122,34,c,1,0.6305100000026869,None,,,,,34,122,122,2,774.9942575000023,,774.9871419160045,774.9942575000023,775.9850772909995,775.9850772909995,775.9850772909995,775.9850772909995,775.9850772909995,776.984850000008,776.984850000008,777.620349416,,,,,c,1,0.6305100000026869,None,1,001,2025-10-02_17h12.43.988,motor sequence learning,,2025.1.1,None,2025-10-02 17h13.09.745393 +0530,
150,v,123,123,26,v,1,0.4358791249978822,None,,,,,26,123,123,1,777.6277245829988,,777.6206196249987,777.6277245829988,778.6191239580075,778.6191239580075,778.6191239580075,778.6191239580075,778.6191239580075,779.6173364999995,779.6173364999995,780.064135749999,,,,,v,1,0.4358791249978822,None,1,001,2025-10-02_17h12.43.988,motor sequence learning,,2025.1.1,None,2025-10-02 17h13.09.745393 +0530,
150,v,124,124,27,v,1,0.4453756250004517,None,,,,,27,124,124,1,780.0700585830054,,780.0643945000047,780.0700585830054,781.0620515830087,781.0620515830087,781.0620515830087,781.0620515830087,781.0681460410124,782.0619630410074,782.0619630410074,782.5139949160075,,,,,v,1,0.4453756250004517,None,1,001,2025-10-02_17h12.43.988,motor sequence learning,,2025.1.1,None,2025-10-02 17h13.09.745393 +0530,
-50,x,125,125,36,x,1,0.4981934999959776,None,,,,,36,125,125,0,782.5177606250072,,782.5142347910005,782.5177606250072,783.5120093330042,783.5120093330042,783.5120093330042,783.5120093330042,783.5174151250103,784.512064916009,784.512064916009,785.0141650000005,,,,,x,1,0.4981934999959776,None,1,001,2025-10-02_17h12.43.988,motor sequence learning,,2025.1.1,None,2025-10-02 17h13.09.745393 +0530,
-50,x,126,126,37,x,1,0.7400329580123071,None,,,,,37,126,126,0,785.0175052910054,,785.014416416001,785.0175052910054,786.0121102910052,786.0121102910052,786.0121102910052,786.0121102910052,786.0121102910052,787.0120571660082,787.0120571660082,787.7537011250097,,,,,x,1,0.7400329580123071,None,1,001,2025-10-02_17h12.43.988,motor sequence learning,,2025.1.1,None,2025-10-02 17h13.09.745393 +0530,
150,v,127,127,28,v,1,0.4154087920032907,None,,,,,28,127,127,1,787.7620276250091,,787.7539774160105,787.7620276250091,788.7525050000113,788.7525050000113,788.7525050000113,788.7525050000113,788.7525050000113,789.7516874580033,789.7516874580033,790.1706169579993,,,,,v,1,0.4154087920032907,None,1,001,2025-10-02_17h12.43.988,motor sequence learning,,2025.1.1,None,2025-10-02 17h13.09.745393 +0530,
-150,z,128,128,26,z,1,0.532539915991947,None,,,,,26,128,128,3,790.1776440410031,,790.1709348330041,790.1776440410031,791.1691554160061,791.1691554160061,791.1691554160061,791.1691554160061,791.1691554160061,792.1685540410108,792.1685540410108,792.7038390410016,,,,,z,1,0.532539915991947,None,1,001,2025-10-02_17h12.43.988,motor sequence learning,,2025.1.1,None,2025-10-02 17h13.09.745393 +0530,
150,v,129,129,29,v,1,0.5210451669991016,None,,,,,29,129,129,1,792.712071041009,,792.7041451660043,792.712071041009,793.7024297910102,793.7024297910102,793.7024297910102,793.7024297910102,793.7024297910102,794.7019705410057,794.7019705410057,795.2312915830116,,,,,v,1,0.5210451669991016,None,1,001,2025-10-02_17h12.43.988,motor sequence learning,,2025.1.1,None,2025-10-02 17h13.09.745393 +0530,
-150,z,130,130,27,z,1,0.5351067920128116,None,,,,,27,130,130,3,795.237751749999,,795.2316077910073,795.237751749999,796.2287061660027,796.2287061660027,796.2287061660027,796.2287061660027,796.2351575830107,797.2287935000058,797.2287935000058,797.7687666249985,,,,,z,1,0.5351067920128116,None,1,001,2025-10-02_17h12.43.988,motor sequence learning,,2025.1.1,None,2025-10-02 17h13.09.745393 +0530,
50,c,131,131,35,c,1,1.062716583997826,None,,,,,35,131,131,2,797.7787670410034,,797.7690096250008,797.7787670410034,798.7620447910012,798.7620447910012,798.7620447910012,798.7620447910012,798.7678336250101,799.7621130830084,799.7621130830084,800.8308948330086,,,,,c,1,1.062716583997826,None,1,001,2025-10-02_17h12.43.988,motor sequence learning,,2025.1.1,None,2025-10-02 17h13.09.745393 +0530,
-50,x,132,132,38,x,1,0.5751362910086755,None,,,,,38,132,132,0,800.8368615830113,,800.8311619580054,800.8368615830113,801.8287788330053,801.8287788330053,801.8287788330053,801.8287788330053,801.8344754999998,802.8287237080076,802.8287237080076,803.4142007080081,,,,,x,1,0.5751362910086755,None,1,001,2025-10-02_17h12.43.988,motor sequence learning,,2025.1.1,None,2025-10-02 17h13.09.745393 +0530,
-150,z,133,133,28,z,1,0.49255825000000186,None,,,,,28,133,133,3,803.4188907909993,,803.4144641660096,803.4188907909993,804.4120684160007,804.4120684160007,804.4120684160007,804.4120684160007,804.4180780410097,805.412123416012,805.412123416012,805.9145060410083,,,,,z,1,0.49255825000000186,None,1,001,2025-10-02_17h12.43.988,motor sequence learning,,2025.1.1,None,2025-10-02 17h13.09.745393 +0530,
150,v,134,134,30,v,1,0.4065107080095913,None,,,,,30,134,134,1,805.9206813330093,,805.9147750410048,805.9206813330093,806.9122047499986,806.9122047499986,806.9122047499986,806.9122047499986,806.9185478330037,807.9120707080001,807.9120707080001,808.3204891250061,,,,,v,1,0.4065107080095913,None,1,001,2025-10-02_17h12.43.988,motor sequence learning,,2025.1.1,None,2025-10-02 17h13.09.745393 +0530,
-50,x,135,135,39,x,1,0.4762903329974506,None,,,,,39,135,135,0,808.3287862910074,,808.3208110830019,808.3287862910074,809.319037291003,809.319037291003,809.319037291003,809.319037291003,809.319037291003,810.3182989580091,810.3182989580091,810.7977966250037,,,,,x,1,0.4762903329974506,None,1,001,2025-10-02_17h12.43.988,motor sequence learning,,2025.1.1,None,2025-10-02 17h13.09.745393 +0530,
-150,z,136,136,29,z,1,0.4241478749900125,None,,,,,29,136,136,3,810.801572041004,,810.7980697500025,810.801572041004,811.7954885830113,811.7954885830113,811.7954885830113,811.7954885830113,811.7954885830113,812.7954230000032,812.7954230000032,813.220326833005,,,,,z,1,0.4241478749900125,None,1,001,2025-10-02_17h12.43.988,motor sequence learning,,2025.1.1,None,2025-10-02 17h13.09.745393 +0530,
50,c,137,137,36,v,0,0.41746183299983386,None,,,,,36,137,137,2,813.2288759580115,,813.2205755830073,813.2288759580115,814.2191820000007,814.2191820000007,814.2191820000007,814.2191820000007,814.2191820000007,815.2181642080104,815.2181642080104,815.6371511250036,,,,,v,0,0.41746183299983386,None,1,001,2025-10-02_17h12.43.988,motor sequence learning,,2025.1.1,None,2025-10-02 17h13.09.745393 +0530,
-150,z,138,138,30,z,1,0.739877083004103,None,,,,,30,138,138,3,815.6454219160078,,815.6374519579986,815.6454219160078,816.6352516660118,816.6352516660118,816.6352516660118,816.6352516660118,816.6352516660118,817.6346842500061,817.6346842500061,818.3807971250062,,,,,z,1,0.739877083004103,None,1,001,2025-10-02_17h12.43.988,motor sequence learning,,2025.1.1,None,2025-10-02 17h13.09.745393 +0530,
-150,z,139,139,31,z,1,0.4876215419935761,None,,,,,31,139,139,3,818.3838083750015,,818.381065583002,818.3838083750015,819.3788287080097,819.3788287080097,819.3788287080097,819.3788287080097,819.3788287080097,820.3788785409997,820.3788785409997,820.8689178330096,,,,,z,1,0.4876215419935761,None,1,001,2025-10-02_17h12.43.988,motor sequence learning,,2025.1.1,None,2025-10-02 17h13.09.745393 +0530,
-150,z,140,140,32,z,1,0.4460206250078045,None,,,,,32,140,140,3,820.8788335830031,,820.8691563750035,820.8788335830031,821.8621186250093,821.8621186250093,821.8621186250093,821.8621186250093,821.8680980000063,822.8683456250001,822.8683456250001,823.3188714580028,,,,,z,1,0.4460206250078045,None,1,001,2025-10-02_17h12.43.988,motor sequence learning,,2025.1.1,None,2025-10-02 17h13.09.745393 +0530,
150,v,141,141,31,v,1,0.4831990840029903,None,,,,,31,141,141,1,823.3288141250086,,823.319095333005,823.3288141250086,824.3122135830054,824.3122135830054,824.3122135830054,824.3122135830054,824.3186747080035,825.3121423330012,825.3121423330012,825.7978552080021,,,,,v,1,0.4831990840029903,None,1,001,2025-10-02_17h12.43.988,motor sequence learning,,2025.1.1,None,2025-10-02 17h13.09.745393 +0530,
150,v,142,142,32,v,1,0.4518001669930527,None,,,,,32,142,142,1,825.8017870830081,,825.7981167079997,825.8017870830081,826.7955209580105,826.7955209580105,826.7955209580105,826.7955209580105,826.7955209580105,827.7954564160027,827.7954564160027,828.2537851660018,,,,,v,1,0.4518001669930527,None,1,001,2025-10-02_17h12.43.988,motor sequence learning,,2025.1.1,None,2025-10-02 17h13.09.745393 +0530,
-150,z,143,143,33,z,1,0.5629562920075841,None,,,,,33,143,143,3,828.2613239159982,,828.2540512910055,828.2613239159982,829.2521892080113,829.2521892080113,829.2521892080113,829.2521892080113,829.2521892080113,830.2522083750082,830.2522083750082,830.8205355410028,,,,,z,1,0.5629562920075841,None,1,001,2025-10-02_17h12.43.988,motor sequence learning,,2025.1.1,None,2025-10-02 17h13.09.745393 +0530,
-150,z,144,144,34,z,1,0.5323529579909518,None,,,,,34,144,144,3,830.8279061250068,,830.8208287080051,830.8279061250068,831.8195024160086,831.8195024160086,831.8195024160086,831.8195024160086,831.8195024160086,832.8188235830021,832.8188235830021,833.3540441660007,,,,,z,1,0.5323529579909518,None,1,001,2025-10-02_17h12.43.988,motor sequence learning,,2025.1.1,None,2025-10-02 17h13.09.745393 +0530,
150,v,145,145,33,v,1,0.42726900000707246,None,,,,,33,145,145,1,833.3622855410067,,833.3543186660099,833.3622855410067,834.3521516660112,834.3521516660112,834.3521516660112,834.3521516660112,834.3521516660112,835.3517005000031,835.3517005000031,835.7809272080049,,,,,v,1,0.42726900000707246,None,1,001,2025-10-02_17h12.43.988,motor sequence learning,,2025.1.1,None,2025-10-02 17h13.09.745393 +0530,
-150,z,146,146,35,z,1,0.3543169170006877,None,,,,,35,146,146,3,835.7851850830048,,835.7811775000009,835.7851850830048,836.7788762080017,836.7788762080017,836.7788762080017,836.7788762080017,836.7846368330065,837.7787691250123,837.7787691250123,838.1362118750112,,,,,z,1,0.3543169170006877,None,1,001,2025-10-02_17h12.43.988,motor sequence learning,,2025.1.1,None,2025-10-02 17h13.09.745393 +0530,
150,v,147,147,34,v,1,0.3213632920087548,None,,,,,34,147,147,1,838.1455803330027,,838.1364629160089,838.1455803330027,839.1352897080069,839.1352897080069,839.1352897080069,839.1352897080069,839.1352897080069,840.1345774580113,840.1345774580113,840.4642503330106,,,,,v,1,0.3213632920087548,None,1,001,2025-10-02_17h12.43.988,motor sequence learning,,2025.1.1,None,2025-10-02 17h13.09.745393 +0530,
-150,z,148,148,36,z,1,0.33263979099865537,None,,,,,36,148,148,3,840.4697803330055,,840.4644833330094,840.4697803330055,841.4622478750098,841.4622478750098,841.4622478750098,841.4622478750098,841.4622478750098,842.4622406249982,842.4622406249982,842.7984094580024,,,,,z,1,0.33263979099865537,None,1,001,2025-10-02_17h12.43.988,motor sequence learning,,2025.1.1,None,2025-10-02 17h13.09.745393 +0530,
-50,x,149,149,40,x,1,0.5803333750081947,None,,,,,40,149,149,0,842.8023309160053,,842.7987233330059,842.8023309160053,843.7955596250104,843.7955596250104,843.7955596250104,843.7955596250104,843.7955596250104,844.7955887910066,844.7955887910066,845.3814464580064,,,,,x,1,0.5803333750081947,None,1,001,2025-10-02_17h12.43.988,motor sequence learning,,2025.1.1,None,2025-10-02 17h13.09.745393 +0530,
150,v,150,150,35,v,1,0.5369816250022268,None,,,,,35,150,150,1,845.3877241250011,,845.381768791005,845.3877241250011,846.3789704160008,846.3789704160008,846.3789704160008,846.3789704160008,846.3854313750053,847.3788670000067,847.3788670000067,847.9206384999998,,,,,v,1,0.5369816250022268,None,1,001,2025-10-02_17h12.43.988,motor sequence learning,,2025.1.1,None,2025-10-02 17h13.09.745393 +0530,
-150,z,151,151,37,z,1,0.6507795000070473,None,,,,,37,151,151,3,847.9278480409994,,847.9209575830027,847.9278480409994,848.9186814160057,848.9186814160057,848.9186814160057,848.9186814160057,848.9186814160057,849.9188855000102,849.9188855000102,850.5709841659991,,,,,z,1,0.6507795000070473,None,1,001,2025-10-02_17h12.43.988,motor sequence learning,,2025.1.1,None,2025-10-02 17h13.09.745393 +0530,
50,c,152,152,37,c,1,0.526618582996889,None,,,,,37,152,152,2,850.5789333330031,,850.5712845000089,850.5789333330031,851.5694740830077,851.5694740830077,851.5694740830077,851.5694740830077,851.5694740830077,852.568122208002,852.568122208002,853.0976919160021,,,,,c,1,0.526618582996889,None,1,001,2025-10-02_17h12.43.988,motor sequence learning,,2025.1.1,None,2025-10-02 17h13.09.745393 +0530,
-50,x,153,153,41,x,1,0.32112045800022315,None,,,,,41,153,153,0,853.1014861660078,,853.0979689579981,853.1014861660078,854.0955762500089,854.0955762500089,854.0955762500089,854.0955762500089,854.0955762500089,855.0954858750047,855.0954858750047,855.4193400830118,,,,,x,1,0.32112045800022315,None,1,001,2025-10-02_17h12.43.988,motor sequence learning,,2025.1.1,None,2025-10-02 17h13.09.745393 +0530,
-150,z,154,154,38,z,1,0.49269050000293646,None,,,,,38,154,154,3,855.4288860000088,,855.4196121660061,855.4288860000088,856.4188987500092,856.4188987500092,856.4188987500092,856.4188987500092,856.4188987500092,857.4179226660053,857.4179226660053,857.9143227500026,,,,,z,1,0.49269050000293646,None,1,001,2025-10-02_17h12.43.988,motor sequence learning,,2025.1.1,None,2025-10-02 17h13.09.745393 +0530,
-50,x,155,155,42,x,1,0.4321287500060862,None,,,,,42,155,155,0,857.9187230829993,,857.9145987080119,857.9187230829993,858.9123173750122,858.9123173750122,858.9123173750122,858.9123173750122,858.9182556660089,859.9125097080105,859.9125097080105,860.3480515000119,,,,,x,1,0.4321287500060862,None,1,001,2025-10-02_17h12.43.988,motor sequence learning,,2025.1.1,None,2025-10-02 17h13.09.745393 +0530,
50,c,156,156,38,c,1,0.4777427499939222,None,,,,,38,156,156,2,860.3518868329993,,860.3483050830109,860.3518868329993,861.3457800410106,861.3457800410106,861.3457800410106,861.3457800410106,861.3457800410106,862.3456790409982,862.3456790409982,862.8315684160043,,,,,c,1,0.4777427499939222,None,1,001,2025-10-02_17h12.43.988,motor sequence learning,,2025.1.1,None,2025-10-02 17h13.09.745393 +0530,
50,c,157,157,39,c,1,0.5174716250039637,None,,,,,39,157,157,2,862.8376795000077,,862.8318547910021,862.8376795000077,863.8290550829988,863.8290550829988,863.8290550829988,863.8290550829988,863.8358648330031,864.8289725000068,864.8289725000068,865.3481300410058,,,,,c,1,0.5174716250039637,None,1,001,2025-10-02_17h12.43.988,motor sequence learning,,2025.1.1,None,2025-10-02 17h13.09.745393 +0530,
-50,x,158,158,43,x,1,0.6625858750048792,None,,,,,43,158,158,0,865.3522807910049,,865.348423375006,865.3522807910049,866.3456588330009,866.3456588330009,866.3456588330009,866.3456588330009,866.3525967080059,867.3457280410075,867.3457280410075,868.0145924579992,,,,,x,1,0.6625858750048792,None,1,001,2025-10-02_17h12.43.988,motor sequence learning,,2025.1.1,None,2025-10-02 17h13.09.745393 +0530,
-150,z,159,159,39,z,1,0.5200231250055367,None,,,,,39,159,159,3,868.0202950829989,,868.0148455000017,868.0202950829989,869.0123996660113,869.0123996660113,869.0123996660113,869.0123996660113,869.018208916008,870.0123186249984,870.0123186249984,870.5366832910076,,,,,z,1,0.5200231250055367,None,1,001,2025-10-02_17h12.43.988,motor sequence learning,,2025.1.1,None,2025-10-02 17h13.09.745393 +0530,
50,c,160,160,40,c,1,0.4505904169927817,None,,,,,40,160,160,2,870.5456305000116,,870.5369403330114,870.5456305000116,871.5351742909988,871.5351742909988,871.5351742909988,871.5351742909988,871.5351742909988,872.5346135,872.5346135,872.9859779580001,,,,,c,1,0.4505904169927817,None,1,001,2025-10-02_17h12.43.988,motor sequence learning,,2025.1.1,None,2025-10-02 17h13.09.745393 +0530,
50,c,161,161,41,c,1,0.7229714579880238,None,,,,,41,161,161,2,872.9956603750034,,872.9862014579994,872.9956603750034,873.9842753330013,873.9842753330013,873.9842753330013,873.9842753330013,873.9842753330013,874.9852298330079,874.9852298330079,875.7144506250042,,,,,c,1,0.7229714579880238,None,1,001,2025-10-02_17h12.43.988,motor sequence learning,,2025.1.1,None,2025-10-02 17h13.09.745393 +0530,
50,c,162,162,42,c,1,2.490681166003924,None,,,,,42,162,162,2,875.7176198330126,,875.7146887080016,875.7176198330126,876.7123862500011,876.7123862500011,876.7123862500011,876.7123862500011,876.7123862500011,877.7124556250055,877.7124556250055,880.2253366660007,,,,,c,1,2.490681166003924,None,1,001,2025-10-02_17h12.43.988,motor sequence learning,,2025.1.1,None,2025-10-02 17h13.09.745393 +0530,
150,v,163,163,36,v,1,0.5546842920011841,None,,,,,36,163,163,1,880.265783875002,,880.2256092910102,880.265783875002,881.2190680000058,881.2190680000058,881.2190680000058,881.2190680000058,881.2791122080089,882.2190322079987,882.2190322079987,882.7818021249986,,,,,v,1,0.5546842920011841,None,1,001,2025-10-02_17h12.43.988,motor sequence learning,,2025.1.1,None,2025-10-02 17h13.09.745393 +0530,
150,v,164,164,37,v,1,0.36447545800183434,None,,,,,37,164,164,1,882.7878602910059,,882.7821103330061,882.7878602910059,883.7790755830065,883.7790755830065,883.7790755830065,883.7790755830065,883.7854192910017,884.779131208008,884.779131208008,885.1481963330007,,,,,v,1,0.36447545800183434,None,1,001,2025-10-02_17h12.43.988,motor sequence learning,,2025.1.1,None,2025-10-02 17h13.09.745393 +0530,
50,c,165,165,43,c,1,0.3446813330083387,None,,,,,43,165,165,2,885.1522250410053,,885.1484596250084,885.1522250410053,886.1457393750024,886.1457393750024,886.1457393750024,886.1457393750024,886.1457393750024,887.1457937910018,887.1457937910018,887.4983025830006,,,,,c,1,0.3446813330083387,None,1,001,2025-10-02_17h12.43.988,motor sequence learning,,2025.1.1,None,2025-10-02 17h13.09.745393 +0530,
-150,z,166,166,40,z,1,0.574035041994648,None,,,,,40,166,166,3,887.5047157080116,,887.4986364159995,887.5047157080116,888.4958155409986,888.4958155409986,888.4958155409986,888.4958155409986,888.5022114580061,889.4956925000006,889.4956925000006,890.0814992080122,,,,,z,1,0.574035041994648,None,1,001,2025-10-02_17h12.43.988,motor sequence learning,,2025.1.1,None,2025-10-02 17h13.09.745393 +0530,
150,v,167,167,38,v,1,0.4362942080042558,None,,,,,38,167,167,1,890.0865902080113,,890.0817528330081,890.0865902080113,891.0790556249995,891.0790556249995,891.0790556249995,891.0790556249995,891.085058541008,892.0791400410089,892.0791400410089,892.5182575830113,,,,,v,1,0.4362942080042558,None,1,001,2025-10-02_17h12.43.988,motor sequence learning,,2025.1.1,None,2025-10-02 17h13.09.745393 +0530,
-150,z,168,168,41,z,1,0.447067999994033,None,,,,,41,168,168,3,892.5282312909985,,892.5184923750057,892.5282312909985,893.5124954580097,893.5124954580097,893.5124954580097,893.5124954580097,893.5185470830038,894.5124189580092,894.5124189580092,894.9643419159984,,,,,z,1,0.447067999994033,None,1,001,2025-10-02_17h12.43.988,motor sequence learning,,2025.1.1,None,2025-10-02 17h13.09.745393 +0530,
50,c,169,169,44,c,1,0.3398930840048706,None,,,,,44,169,169,2,894.968765416008,,894.9645964580122,894.968765416008,895.9624550830049,895.9624550830049,895.9624550830049,895.9624550830049,895.9683872080059,896.9625155410031,896.9625155410031,897.3048192080023,,,,,c,1,0.3398930840048706,None,1,001,2025-10-02_17h12.43.988,motor sequence learning,,2025.1.1,None,2025-10-02 17h13.09.745393 +0530,
-50,x,170,170,44,x,1,0.38014562499301974,None,,,,,44,170,170,0,897.3125227499986,,897.3051322500105,897.3125227499986,898.302660833011,898.302660833011,898.302660833011,898.302660833011,898.302660833011,899.3022018330084,899.3022018330084,899.6871970830107,,,,,x,1,0.38014562499301974,None,1,001,2025-10-02_17h12.43.988,motor sequence learning,,2025.1.1,None,2025-10-02 17h13.09.745393 +0530,
-150,z,171,171,42,z,1,0.30290858300577383,None,,,,,42,171,171,3,899.6951924580062,,899.6874541660072,899.6951924580062,900.6861994580104,900.6861994580104,900.6861994580104,900.6861994580104,900.6861994580104,901.6853015829984,901.6853015829984,901.9982338750124,,,,,z,1,0.30290858300577383,None,1,001,2025-10-02_17h12.43.988,motor sequence learning,,2025.1.1,None,2025-10-02 17h13.09.745393 +0530,
50,c,172,172,45,c,1,0.4544187909923494,None,,,,,45,172,172,2,902.0042455000075,,901.9984932500083,902.0042455000075,902.9959267910017,902.9959267910017,902.9959267910017,902.9959267910017,903.0024054160021,903.9957747080043,903.9957747080043,904.4550300830015,,,,,c,1,0.4544187909923494,None,1,001,2025-10-02_17h12.43.988,motor sequence learning,,2025.1.1,None,2025-10-02 17h13.09.745393 +0530,
-50,x,173,173,45,x,1,0.3960890419984935,None,,,,,45,173,173,0,904.4614595410094,,904.4553072080016,904.4614595410094,905.45291800001,905.45291800001,905.45291800001,905.45291800001,905.45291800001,906.4519940830069,906.4519940830069,906.8539840410085,,,,,x,1,0.3960890419984935,None,1,001,2025-10-02_17h12.43.988,motor sequence learning,,2025.1.1,None,2025-10-02 17h13.09.745393 +0530,
-150,z,174,174,43,z,1,0.4796247500053141,None,,,,,43,174,174,3,906.8615049580112,,906.8542791250075,906.8615049580112,907.8518814160052,907.8518814160052,907.8518814160052,907.8518814160052,907.8518814160052,908.8514757910016,908.8514757910016,909.3364829580096,,,,,z,1,0.4796247500053141,None,1,001,2025-10-02_17h12.43.988,motor sequence learning,,2025.1.1,None,2025-10-02 17h13.09.745393 +0530,
150,v,175,175,39,v,1,0.41917675000149757,None,,,,,39,175,175,1,909.3458712499996,,909.3367192910082,909.3458712499996,910.335236666011,910.335236666011,910.335236666011,910.335236666011,910.335236666011,911.3348835409997,911.3348835409997,911.7646160000004,,,,,v,1,0.41917675000149757,None,1,001,2025-10-02_17h12.43.988,motor sequence learning,,2025.1.1,None,2025-10-02 17h13.09.745393 +0530,
150,v,176,176,40,v,1,0.3995416249963455,None,,,,,40,176,176,1,911.7705669160059,,911.7649124160089,911.7705669160059,912.7625586659997,912.7625586659997,912.7625586659997,912.7625586659997,912.7686103330052,913.7624721250031,913.7624721250031,914.1645235410106,,,,,v,1,0.3995416249963455,None,1,001,2025-10-02_17h12.43.988,motor sequence learning,,2025.1.1,None,2025-10-02 17h13.09.745393 +0530,
-150,z,177,177,44,z,1,0.43744787499599624,None,,,,,44,177,177,3,914.1679422080051,,914.1647464999987,914.1679422080051,915.1625890830037,915.1625890830037,915.1625890830037,915.1625890830037,915.1625890830037,916.1624992910074,916.1624992910074,916.6042383330059,,,,,z,1,0.43744787499599624,None,1,001,2025-10-02_17h12.43.988,motor sequence learning,,2025.1.1,None,2025-10-02 17h13.09.745393 +0530,
150,v,178,178,41,v,1,0.34823308400518727,None,,,,,41,178,178,1,916.6114995410026,,916.6045291660121,916.6114995410026,917.6030453330022,917.6030453330022,917.6030453330022,917.6030453330022,917.6030453330022,918.6026697080088,918.6026697080088,918.9538392079994,,,,,v,1,0.34823308400518727,None,1,001,2025-10-02_17h12.43.988,motor sequence learning,,2025.1.1,None,2025-10-02 17h13.09.745393 +0530,
-150,z,179,179,45,z,1,0.290364166998188,None,,,,,45,179,179,3,918.9620930410019,,918.9540898749983,918.9620930410019,919.952921707998,919.952921707998,919.952921707998,919.952921707998,919.952921707998,920.9525284580013,920.9525284580013,921.248403000005,,,,,z,1,0.290364166998188,None,1,001,2025-10-02_17h12.43.988,motor sequence learning,,2025.1.1,None,2025-10-02 17h13.09.745393 +0530,
-150,z,180,180,46,z,1,0.5598564160027308,None,,,,,46,180,180,3,921.2522542080114,,921.2487194580026,921.2522542080114,922.2459828330029,922.2459828330029,922.2459828330029,922.2459828330029,922.2459828330029,923.2459015409986,923.2459015409986,923.8149196250015,,,,,z,1,0.5598564160027308,None,1,001,2025-10-02_17h12.43.988,motor sequence learning,,2025.1.1,None,2025-10-02 17h13.09.745393 +0530,
150,v,181,181,42,v,1,0.30220587500662077,None,,,,,42,181,181,1,923.8205315000087,,923.8151548330061,923.8205315000087,924.81263700001,924.81263700001,924.81263700001,924.81263700001,924.8197428330022,925.8125684580009,925.8125684580009,926.121303500011,,,,,v,1,0.30220587500662077,None,1,001,2025-10-02_17h12.43.988,motor sequence learning,,2025.1.1,None,2025-10-02 17h13.09.745393 +0530,
150,v,182,182,43,v,1,0.6235532920109108,None,,,,,43,182,182,1,926.1281295410008,,926.1215667080105,926.1281295410008,927.1187249159993,927.1187249159993,927.1187249159993,927.1187249159993,927.1187249159993,928.1182630000112,928.1182630000112,928.7478438750113,,,,,v,1,0.6235532920109108,None,1,001,2025-10-02_17h12.43.988,motor sequence learning,,2025.1.1,None,2025-10-02 17h13.09.745393 +0530,
150,v,183,183,44,v,1,0.37477208400378004,None,,,,,44,183,183,1,928.7518404160073,,928.7480769579997,928.7518404160073,929.7460149580002,929.7460149580002,929.7460149580002,929.7460149580002,929.7460149580002,930.7458944160026,930.7458944160026,931.1313908750017,,,,,v,1,0.37477208400378004,None,1,001,2025-10-02_17h12.43.988,motor sequence learning,,2025.1.1,None,2025-10-02 17h13.09.745393 +0530,
150,v,184,184,45,v,1,0.29539508299785666,None,,,,,45,184,184,1,931.1372436250094,,931.1316282500047,931.1372436250094,932.129225333003,932.129225333003,932.129225333003,932.129225333003,932.135051833,933.129263750001,933.129263750001,933.4316295830067,,,,,v,1,0.29539508299785666,None,1,001,2025-10-02_17h12.43.988,motor sequence learning,,2025.1.1,None,2025-10-02 17h13.09.745393 +0530,
-50,x,185,185,46,c,0,0.5000639999925625,None,,,,,46,185,185,0,933.4379409160028,,933.4318886250112,933.4379409160028,934.4293084160017,934.4293084160017,934.4293084160017,934.4293084160017,934.4356922910083,935.429370791011,935.429370791011,935.931709291006,,,,,c,0,0.5000639999925625,None,1,001,2025-10-02_17h12.43.988,motor sequence learning,,2025.1.1,None,2025-10-02 17h13.09.745393 +0530,
-150,z,186,186,47,z,1,0.35609699999622535,None,,,,,47,186,186,3,935.9355065830023,,935.932013083002,935.9355065830023,936.9292763330013,936.9292763330013,936.9292763330013,936.9292763330013,936.9292763330013,937.9293252500065,937.9293252500065,938.2874077910092,,,,,z,1,0.35609699999622535,None,1,001,2025-10-02_17h12.43.988,motor sequence learning,,2025.1.1,None,2025-10-02 17h13.09.745393 +0530,
-150,z,187,187,48,z,1,0.4848917920025997,None,,,,,48,187,187,3,938.2959415410005,,938.2876740830106,938.2959415410005,939.2865444580093,939.2865444580093,939.2865444580093,939.2865444580093,939.2865444580093,940.2854200000002,940.2854200000002,940.7714105410123,,,,,z,1,0.4848917920025997,None,1,001,2025-10-02_17h12.43.988,motor sequence learning,,2025.1.1,None,2025-10-02 17h13.09.745393 +0530,
50,c,188,188,46,c,1,0.6572106249950593,None,,,,,46,188,188,2,940.7793007080036,,940.7717211660056,940.7793007080036,941.7697863750072,941.7697863750072,941.7697863750072,941.7697863750072,941.7697863750072,942.7691625000007,942.7691625000007,943.43146183301,,,,,c,1,0.6572106249950593,None,1,001,2025-10-02_17h12.43.988,motor sequence learning,,2025.1.1,None,2025-10-02 17h13.09.745393 +0530,
-50,x,189,189,47,x,1,0.3017585829948075,None,,,,,47,189,189,0,943.4354122080113,,943.4316875410004,943.4354122080113,944.4292617910105,944.4292617910105,944.4292617910105,944.4292617910105,944.4292617910105,945.4294068330055,945.4294068330055,945.7365292500035,,,,,x,1,0.3017585829948075,None,1,001,2025-10-02_17h12.43.988,motor sequence learning,,2025.1.1,None,2025-10-02 17h13.09.745393 +0530,
150,v,190,190,46,v,1,0.39406933399732225,None,,,,,46,190,190,1,945.7459155410033,,945.7367771249992,945.7459155410033,946.7353830409993,946.7353830409993,946.7353830409993,946.7353830409993,946.7353830409993,947.7351300830051,947.7351300830051,948.1315296250104,,,,,v,1,0.39406933399732225,None,1,001,2025-10-02_17h12.43.988,motor sequence learning,,2025.1.1,None,2025-10-02 17h13.09.745393 +0530,
-50,x,191,191,48,x,1,0.469923500000732,None,,,,,48,191,191,0,948.1346429160039,,948.1317545000056,948.1346429160039,949.129354500008,949.129354500008,949.129354500008,949.129354500008,949.129354500008,950.1293051660032,950.1293051660032,950.6036747910111,,,,,x,1,0.469923500000732,None,1,001,2025-10-02_17h12.43.988,motor sequence learning,,2025.1.1,None,2025-10-02 17h13.09.745393 +0530,
50,c,192,192,47,c,1,0.5689861660066526,None,,,,,47,192,192,2,950.6122361660091,,950.6039367500052,950.6122361660091,951.6033597500063,951.6033597500063,951.6033597500063,951.6033597500063,951.6033597500063,952.602456749999,952.602456749999,953.1817859580042,,,,,c,1,0.5689861660066526,None,1,001,2025-10-02_17h12.43.988,motor sequence learning,,2025.1.1,None,2025-10-02 17h13.09.745393 +0530,
50,c,193,193,48,c,1,0.5768426249996992,None,,,,,48,193,193,2,953.1879374580021,,953.1820350830094,953.1879374580021,954.1793420830072,954.1793420830072,954.1793420830072,954.1793420830072,954.1856586659997,955.1792637910112,955.1792637910112,955.765021625004,,,,,c,1,0.5768426249996992,None,1,001,2025-10-02_17h12.43.988,motor sequence learning,,2025.1.1,None,2025-10-02 17h13.09.745393 +0530,
150,v,194,194,47,v,1,0.4861417499923846,None,,,,,47,194,194,1,955.7711767500004,,955.7652862079995,955.7711767500004,956.7627416660107,956.7627416660107,956.7627416660107,956.7627416660107,956.7695214580017,957.7628094160027,957.7628094160027,958.2548181660095,,,,,v,1,0.4861417499923846,None,1,001,2025-10-02_17h12.43.988,motor sequence learning,,2025.1.1,None,2025-10-02 17h13.09.745393 +0530,
150,v,195,195,48,v,1,0.45604670800094027,None,,,,,48,195,195,1,958.2617735000094,,958.255083875003,958.2617735000094,959.2532065830019,959.2532065830019,959.2532065830019,959.2532065830019,959.2532065830019,960.2449793330015,960.2449793330015,960.7043992910039,,,,,v,1,0.45604670800094027,None,1,001,2025-10-02_17h12.43.988,motor sequence learning,,2025.1.1,None,2025-10-02 17h13.09.745393 +0530,
50,c,196,196,49,c,1,0.40594974999839906,None,,,,,49,196,196,2,960.7116625000053,,960.7047191250022,960.7116625000053,961.7037592499983,961.7037592499983,961.7037592499983,961.7037592499983,961.7037592499983,962.7018931659986,962.7018931659986,963.1147739160078,,,,,c,1,0.40594974999839906,None,1,001,2025-10-02_17h12.43.988,motor sequence learning,,2025.1.1,None,2025-10-02 17h13.09.745393 +0530,
150,v,197,197,49,v,1,0.44011570799921174,None,,,,,49,197,197,1,963.1190391660057,,963.1150399580074,963.1190391660057,964.112806916004,964.112806916004,964.112806916004,964.112806916004,964.1186339999986,965.1127043750021,965.1127043750021,965.5539084580087,,,,,v,1,0.44011570799921174,None,1,001,2025-10-02_17h12.43.988,motor sequence learning,,2025.1.1,None,2025-10-02 17h13.09.745393 +0530,
-150,z,198,198,49,z,1,0.4242243329936173,None,,,,,49,198,198,3,965.5627562080044,,965.5541686659999,965.5627562080044,966.5526449160097,966.5526449160097,966.5526449160097,966.5526449160097,966.5526449160097,967.5526478750107,967.5526478750107,967.9816201250069,,,,,z,1,0.4242243329936173,None,1,001,2025-10-02_17h12.43.988,motor sequence learning,,2025.1.1,None,2025-10-02 17h13.09.745393 +0530,
-50,x,199,199,49,x,1,0.4423783340025693,None,,,,,49,199,199,0,967.985599208012,,967.9818952080095,967.985599208012,968.9794727080007,968.9794727080007,968.9794727080007,968.9794727080007,968.985406125008,969.9794165409985,969.9794165409985,970.4320191660081,,,,,x,1,0.4423783340025693,None,1,001,2025-10-02_17h12.43.988,motor sequence learning,,2025.1.1,None,2025-10-02 17h13.09.745393 +0530,
