pos,corr_resp,thisN,thisTrialN,thisRepN,key_resp.keys,key_resp.corr,key_resp.rt,key_resp.duration,trials.thisRepN,trials.thisTrialN,trials.thisN,trials.thisIndex,trials_2.thisRepN,trials_2.thisTrialN,trials_2.thisN,trials_2.thisIndex,thisRow.t,notes,trial.started,fixation.started,line1.started,line2.started,line3.started,line4.started,fixation.stopped,probe.started,key_resp.started,trial.stopped,trials.key_resp.keys,trials.key_resp.corr,trials.key_resp.rt,trials.key_resp.duration,trials_2.key_resp.keys,trials_2.key_resp.corr,trials_2.key_resp.rt,trials_2.key_resp.duration,participant,session,date,expName,expVersion,psychopyVersion,frameRate,expStart,
-50,x,0,0,0,x,1,0.39069295801164117,None,0,0,0,0,,,,,0.04534974999842234,,0.037092917002155446,0.04534974999842234,1.0102231670025503,1.0102231670025503,1.0102231670025503,1.0102231670025503,1.0367443339928286,1.9988675839995267,1.9988675839995267,2.6086377920000814,x,1,0.39069295801164117,None,,,,,2,001,2025-10-02_17h33.16.260,motor sequence learning,,2025.1.1,None,2025-10-02 17h33.26.653033 +0530,
150,v,1,1,0,v,1,0.33046441699843854,None,0,1,1,1,,,,,2.6220582499954617,,2.60889054198924,2.6220582499954617,3.6078534169937484,3.6078534169937484,3.6078534169937484,3.6078534169937484,3.615229333998286,4.606631417002063,4.606631417002063,4.940194958995562,v,1,0.33046441699843854,None,,,,,2,001,2025-10-02_17h33.16.260,motor sequence learning,,2025.1.1,None,2025-10-02 17h33.26.653033 +0530,
50,c,2,2,0,c,1,0.30503891699481755,None,0,2,2,2,,,,,4.949364708998473,,4.9406179590005195,4.949364708998473,5.940110083989566,5.940110083989566,5.940110083989566,5.940110083989566,5.940110083989566,6.939055958995596,6.939055958995596,7.250100833989563,c,1,0.30503891699481755,None,,,,,2,001,2025-10-02_17h33.16.260,motor sequence learning,,2025.1.1,None,2025-10-02 17h33.26.653033 +0530,
-150,z,3,3,0,z,1,0.306424957991112,None,0,3,3,3,,,,,7.259415209002327,,7.250510083991685,7.259415209002327,8.241100792001816,8.241100792001816,8.241100792001816,8.241100792001816,8.255769833995146,9.247429791998002,9.247429791998002,9.556185875000665,z,1,0.306424957991112,None,,,,,2,001,2025-10-02_17h33.16.260,motor sequence learning,,2025.1.1,None,2025-10-02 17h33.26.653033 +0530,
-50,x,4,0,1,x,1,0.27822125000238884,None,1,0,4,0,,,,,9.565869541998836,,9.55641104199458,9.565869541998836,10.547471666999627,10.547471666999627,10.547471666999627,10.547471666999627,10.565687041991623,11.556623083990416,11.556623083990416,11.840967625001213,x,1,0.27822125000238884,None,,,,,2,001,2025-10-02_17h33.16.260,motor sequence learning,,2025.1.1,None,2025-10-02 17h33.26.653033 +0530,
150,v,5,1,1,v,1,0.3387225829937961,None,1,1,5,1,,,,,11.849478459000238,,11.841382833998068,11.849478459000238,12.840480583996396,12.840480583996396,12.840480583996396,12.840480583996396,12.840480583996396,13.839224166993517,13.839224166993517,14.183468000002904,v,1,0.3387225829937961,None,,,,,2,001,2025-10-02_17h33.16.260,motor sequence learning,,2025.1.1,None,2025-10-02 17h33.26.653033 +0530,
50,c,6,2,1,c,1,0.2356718740047654,None,1,2,6,2,,,,,14.188218374998542,,14.18398599998909,14.188218374998542,15.182004333997611,15.182004333997611,15.182004333997611,15.182004333997611,15.182004333997611,16.181158334002248,16.181158334002248,16.422093250002945,c,1,0.2356718740047654,None,,,,,2,001,2025-10-02_17h33.16.260,motor sequence learning,,2025.1.1,None,2025-10-02 17h33.26.653033 +0530,
-150,z,7,3,1,z,1,0.27795387399964966,None,1,3,7,3,,,,,16.430719416996,,16.422436499997275,16.430719416996,17.41423329200188,17.41423329200188,17.41423329200188,17.41423329200188,17.42164645899902,18.421920791995944,18.421920791995944,18.706309916989994,z,1,0.27795387399964966,None,,,,,2,001,2025-10-02_17h33.16.260,motor sequence learning,,2025.1.1,None,2025-10-02 17h33.26.653033 +0530,
-50,x,8,0,2,x,1,0.10847270798694808,None,2,0,8,0,,,,,18.714352166993194,,18.706675166991772,18.714352166993194,19.69758754200302,19.69758754200302,19.69758754200302,19.69758754200302,19.705538916998194,20.707121833998826,20.707121833998826,20.816732874998706,x,1,0.10847270798694808,None,,,,,2,001,2025-10-02_17h33.16.260,motor sequence learning,,2025.1.1,None,2025-10-02 17h33.26.653033 +0530,
150,v,9,1,2,v,1,0.29607408300216775,None,2,1,9,1,,,,,20.825609749997966,,20.817153124997276,20.825609749997966,21.807308124989504,21.807308124989504,21.807308124989504,21.807308124989504,21.822109959000954,22.814052583999,22.814052583999,23.116477167000994,v,1,0.29607408300216775,None,,,,,2,001,2025-10-02_17h33.16.260,motor sequence learning,,2025.1.1,None,2025-10-02 17h33.26.653033 +0530,
50,c,10,2,2,c,1,0.23387408300186507,None,2,2,10,2,,,,,23.12414099999296,,23.11690691699914,23.12414099999296,24.10723316700023,24.10723316700023,24.10723316700023,24.10723316700023,24.114262292001513,25.106654292001622,25.106654292001622,25.3489179169992,c,1,0.23387408300186507,None,,,,,2,001,2025-10-02_17h33.16.260,motor sequence learning,,2025.1.1,None,2025-10-02 17h33.26.653033 +0530,
-150,z,11,3,2,z,1,0.2980603329924634,None,2,3,11,3,,,,,25.35760758399556,,25.349312958991504,25.35760758399556,26.339998875002493,26.339998875002493,26.339998875002493,26.339998875002493,26.347551833998295,27.34056604199577,27.34056604199577,27.639951167002437,z,1,0.2980603329924634,None,,,,,2,001,2025-10-02_17h33.16.260,motor sequence learning,,2025.1.1,None,2025-10-02 17h33.26.653033 +0530,
-50,x,12,0,3,x,1,0.36158133299613837,None,3,0,12,0,,,,,27.649074499990093,,27.640301916995668,27.649074499990093,28.640998458999093,28.640998458999093,28.640998458999093,28.640998458999093,28.640998458999093,29.63092116700136,29.63092116700136,30.000132791989017,x,1,0.36158133299613837,None,,,,,2,001,2025-10-02_17h33.16.260,motor sequence learning,,2025.1.1,None,2025-10-02 17h33.26.653033 +0530,
150,v,13,1,3,v,1,0.2577290829940466,None,3,1,13,1,,,,,30.007295167000848,,30.00050341700262,30.007295167000848,30.998795708990656,30.998795708990656,30.998795708990656,30.998795708990656,31.00555099999474,31.997648624994326,31.997648624994326,32.26668291699025,v,1,0.2577290829940466,None,,,,,2,001,2025-10-02_17h33.16.260,motor sequence learning,,2025.1.1,None,2025-10-02 17h33.26.653033 +0530,
50,c,14,2,3,c,1,0.26701945799868554,None,3,2,14,2,,,,,32.274850959001924,,32.26729304199398,32.274850959001924,33.26526283400017,33.26526283400017,33.26526283400017,33.26526283400017,33.271894291989156,34.25642004200199,34.25642004200199,34.53316058398923,c,1,0.26701945799868554,None,,,,,2,001,2025-10-02_17h33.16.260,motor sequence learning,,2025.1.1,None,2025-10-02 17h33.26.653033 +0530,
-150,z,15,3,3,z,1,0.3105565830046544,None,3,3,15,3,,,,,34.541918458999135,,34.53365883399965,34.541918458999135,35.53199437499279,35.53199437499279,35.53199437499279,35.53199437499279,35.538925166998524,36.53084554200177,36.53084554200177,36.84948954200081,z,1,0.3105565830046544,None,,,,,2,001,2025-10-02_17h33.16.260,motor sequence learning,,2025.1.1,None,2025-10-02 17h33.26.653033 +0530,
-50,x,16,0,4,x,1,0.3143747910071397,None,4,0,16,0,,,,,36.85733754199464,,36.849880541994935,36.85733754199464,37.84160274999158,37.84160274999158,37.84160274999158,37.84160274999158,37.849319291999564,38.84900037499028,38.84900037499028,39.16570437500195,x,1,0.3143747910071397,None,,,,,2,001,2025-10-02_17h33.16.260,motor sequence learning,,2025.1.1,None,2025-10-02 17h33.26.653033 +0530,
150,v,17,1,4,x,0,0.3281187079992378,None,4,1,17,1,,,,,39.174774250001065,,39.166100624992396,39.174774250001065,40.15813733400137,40.15813733400137,40.15813733400137,40.15813733400137,40.16568695899332,41.15616741699341,41.15616741699341,41.49024745899078,x,0,0.3281187079992378,None,,,,,2,001,2025-10-02_17h33.16.260,motor sequence learning,,2025.1.1,None,2025-10-02 17h33.26.653033 +0530,
50,c,18,2,4,c,1,0.26519620799808763,None,4,2,18,2,,,,,41.49780045899388,,41.490595625000424,41.49780045899388,42.49143091699807,42.49143091699807,42.49143091699807,42.49143091699807,42.49143091699807,43.4899857089913,43.4899857089913,43.76670262499829,c,1,0.26519620799808763,None,,,,,2,001,2025-10-02_17h33.16.260,motor sequence learning,,2025.1.1,None,2025-10-02 17h33.26.653033 +0530,
-150,z,19,3,4,v,0,0.24199974900693633,None,4,3,19,3,,,,,43.774558334000176,,43.767115708993515,43.774558334000176,44.75861570899724,44.75861570899724,44.75861570899724,44.75861570899724,44.76615304200095,45.7560594999959,45.7560594999959,46.0004964999971,v,0,0.24199974900693633,None,,,,,2,001,2025-10-02_17h33.16.260,motor sequence learning,,2025.1.1,None,2025-10-02 17h33.26.653033 +0530,
-50,x,20,0,5,x,1,0.3848046670027543,None,5,0,20,0,,,,,46.00890966699808,,46.000962624995736,46.00890966699808,46.99873941700207,46.99873941700207,46.99873941700207,46.99873941700207,47.006151291992865,47.99923824999132,47.99923824999132,48.39070262499445,x,1,0.3848046670027543,None,,,,,2,001,2025-10-02_17h33.16.260,motor sequence learning,,2025.1.1,None,2025-10-02 17h33.26.653033 +0530,
150,v,21,1,5,v,1,0.24190649900992867,None,5,1,21,1,,,,,48.399536083990824,,48.39116462499078,48.399536083990824,49.39042804199562,49.39042804199562,49.39042804199562,49.39042804199562,49.39042804199562,50.38919929199619,50.38919929199619,50.63289816699398,v,1,0.24190649900992867,None,,,,,2,001,2025-10-02_17h33.16.260,motor sequence learning,,2025.1.1,None,2025-10-02 17h33.26.653033 +0530,
50,c,22,2,5,c,1,0.25266979199659545,None,5,2,22,2,,,,,50.6374561249977,,50.633240791998105,50.6374561249977,51.623932417001924,51.623932417001924,51.623932417001924,51.623932417001924,51.63107395899715,52.62330174999079,52.62330174999079,52.88291366699559,c,1,0.25266979199659545,None,,,,,2,001,2025-10-02_17h33.16.260,motor sequence learning,,2025.1.1,None,2025-10-02 17h33.26.653033 +0530,
-150,z,23,3,5,z,1,0.2609230829984881,None,5,3,23,3,,,,,52.890654999995604,,52.88329670899839,52.890654999995604,53.873384791993885,53.873384791993885,53.873384791993885,53.873384791993885,53.8810537919926,54.87204683400341,54.87204683400341,55.137852499989094,z,1,0.2609230829984881,None,,,,,2,001,2025-10-02_17h33.16.260,motor sequence learning,,2025.1.1,None,2025-10-02 17h33.26.653033 +0530,
-50,x,24,0,6,x,1,0.32254533299419563,None,6,0,24,0,,,,,55.147689999997965,,55.13826008400065,55.147689999997965,56.13090670898964,56.13090670898964,56.13090670898964,56.13090670898964,56.13842945899523,57.13230924999516,57.13230924999516,57.456244624991086,x,1,0.32254533299419563,None,,,,,2,001,2025-10-02_17h33.16.260,motor sequence learning,,2025.1.1,None,2025-10-02 17h33.26.653033 +0530,
150,v,25,1,6,v,1,0.4380141250003362,None,6,1,25,1,,,,,57.46576216699032,,57.45658654200088,57.46576216699032,58.44766174998949,58.44766174998949,58.44766174998949,58.44766174998949,58.46566170899314,59.44778104199213,59.44778104199213,59.891057834000094,v,1,0.4380141250003362,None,,,,,2,001,2025-10-02_17h33.16.260,motor sequence learning,,2025.1.1,None,2025-10-02 17h33.26.653033 +0530,
50,c,26,2,6,c,1,0.14251095800136682,None,6,2,26,2,,,,,59.89974270899256,,59.89140070899157,59.89974270899256,60.89159991699853,60.89159991699853,60.89159991699853,60.89159991699853,60.89159991699853,61.89030920898949,61.89030920898949,62.03932995899231,c,1,0.14251095800136682,None,,,,,2,001,2025-10-02_17h33.16.260,motor sequence learning,,2025.1.1,None,2025-10-02 17h33.26.653033 +0530,
-150,z,27,3,6,z,1,1.3246777080057655,None,6,3,27,3,,,,,62.04765204199066,,62.03968258399982,62.04765204199066,63.03098179199151,63.03098179199151,63.03098179199151,63.03098179199151,63.038538875000086,64.0309527089994,64.0309527089994,65.3569472090021,z,1,1.3246777080057655,None,,,,,2,001,2025-10-02_17h33.16.260,motor sequence learning,,2025.1.1,None,2025-10-02 17h33.26.653033 +0530,
-50,x,28,0,7,x,1,0.23533520800992846,None,7,0,28,0,,,,,65.36601954199432,,65.35736045899102,65.36601954199432,66.35835116700036,66.35835116700036,66.35835116700036,66.35835116700036,66.35835116700036,67.34833620899008,67.34833620899008,67.59027016699838,x,1,0.23533520800992846,None,,,,,2,001,2025-10-02_17h33.16.260,motor sequence learning,,2025.1.1,None,2025-10-02 17h33.26.653033 +0530,
150,v,29,1,7,v,1,0.24645166599657387,None,7,1,29,1,,,,,67.59855891700136,,67.59061245899647,67.59855891700136,68.5909164170007,68.5909164170007,68.5909164170007,68.5909164170007,68.5909164170007,69.59012199999415,69.59012199999415,69.8385486670013,v,1,0.24645166599657387,None,,,,,2,001,2025-10-02_17h33.16.260,motor sequence learning,,2025.1.1,None,2025-10-02 17h33.26.653033 +0530,
50,c,30,2,7,c,1,0.22384566700202413,None,7,2,30,2,,,,,69.8487197499926,,69.83888608399138,69.8487197499926,70.84051154200279,70.84051154200279,70.84051154200279,70.84051154200279,70.84051154200279,71.83170479199907,71.83170479199907,72.05755408399273,c,1,0.22384566700202413,None,,,,,2,001,2025-10-02_17h33.16.260,motor sequence learning,,2025.1.1,None,2025-10-02 17h33.26.653033 +0530,
-150,z,31,3,7,z,1,0.18747995799640194,None,7,3,31,3,,,,,72.06642220899812,,72.05799416700029,72.06642220899812,73.0569184999913,73.0569184999913,73.0569184999913,73.0569184999913,73.0569184999913,74.05607062499621,74.05607062499621,74.24977195900283,z,1,0.18747995799640194,None,,,,,2,001,2025-10-02_17h33.16.260,motor sequence learning,,2025.1.1,None,2025-10-02 17h33.26.653033 +0530,
-50,x,32,0,8,x,1,0.27618491600151174,None,8,0,32,0,,,,,74.2564316670032,,74.25001649999467,74.2564316670032,75.24127508400124,75.24127508400124,75.24127508400124,75.24127508400124,75.2490790419979,76.24928350000118,76.24928350000118,76.53339404199505,x,1,0.27618491600151174,None,,,,,2,001,2025-10-02_17h33.16.260,motor sequence learning,,2025.1.1,None,2025-10-02 17h33.26.653033 +0530,
150,v,33,1,8,v,1,0.2045979160029674,None,8,1,33,1,,,,,76.54125245899195,,76.53373570900294,76.54125245899195,77.52474137498939,77.52474137498939,77.52474137498939,77.52474137498939,77.5322948749963,78.52378091699211,78.52378091699211,78.73245337499247,v,1,0.2045979160029674,None,,,,,2,001,2025-10-02_17h33.16.260,motor sequence learning,,2025.1.1,None,2025-10-02 17h33.26.653033 +0530,
50,c,34,2,8,c,1,0.4789040829928126,None,8,2,34,2,,,,,78.74005404199124,,78.7328594999999,78.74005404199124,79.72328883399314,79.72328883399314,79.72328883399314,79.72328883399314,79.73148966699955,80.72345166699961,80.72345166699961,81.20395166699018,c,1,0.4789040829928126,None,,,,,2,001,2025-10-02_17h33.16.260,motor sequence learning,,2025.1.1,None,2025-10-02 17h33.26.653033 +0530,
-150,z,35,3,8,z,1,1.1451667079963954,None,8,3,35,3,,,,,81.21605099999579,,81.20431129199278,81.21605099999579,82.19780141700176,82.19780141700176,82.19780141700176,82.19780141700176,82.2157937919983,83.1991834169894,83.1991834169894,84.34931641699222,z,1,1.1451667079963954,None,,,,,2,001,2025-10-02_17h33.16.260,motor sequence learning,,2025.1.1,None,2025-10-02 17h33.26.653033 +0530,
-50,x,36,0,9,x,1,0.3713141250045737,None,9,0,36,0,,,,,84.35769783399883,,84.34971249999944,84.35769783399883,85.34046199999284,85.34046199999284,85.34046199999284,85.34046199999284,85.34783791699738,86.33999191698967,86.33999191698967,86.71691437499248,x,1,0.3713141250045737,None,,,,,2,001,2025-10-02_17h33.16.260,motor sequence learning,,2025.1.1,None,2025-10-02 17h33.26.653033 +0530,
150,v,37,1,9,v,1,0.2766070409998065,None,9,1,37,1,,,,,86.72631012499915,,86.71737329199095,86.72631012499915,87.71563004200289,87.71563004200289,87.71563004200289,87.71563004200289,87.7231115839968,88.71558937500231,88.71558937500231,89.00017299999308,v,1,0.2766070409998065,None,,,,,2,001,2025-10-02_17h33.16.260,motor sequence learning,,2025.1.1,None,2025-10-02 17h33.26.653033 +0530,
50,c,38,2,9,c,1,0.3053672079986427,None,9,2,38,2,,,,,89.00852641699021,,89.00070337500074,89.00852641699021,89.99897137499647,89.99897137499647,89.99897137499647,89.99897137499647,90.00592383398907,90.99881858399021,90.99881858399021,91.31645199999912,c,1,0.3053672079986427,None,,,,,2,001,2025-10-02_17h33.16.260,motor sequence learning,,2025.1.1,None,2025-10-02 17h33.26.653033 +0530,
-150,z,39,3,9,z,1,0.5301758740097284,None,9,3,39,3,,,,,91.32418275000236,,91.31684462499106,91.32418275000236,92.30621945900202,92.30621945900202,92.30621945900202,92.30621945900202,92.32137333399442,93.31499816699943,93.31499816699943,93.85032529199088,z,1,0.5301758740097284,None,,,,,2,001,2025-10-02_17h33.16.260,motor sequence learning,,2025.1.1,None,2025-10-02 17h33.26.653033 +0530,
-50,x,40,0,10,x,1,1.4266817500028992,None,10,0,40,0,,,,,93.8591227500001,,93.85078737499134,93.8591227500001,94.84780641699035,94.84780641699035,94.84780641699035,94.84780641699035,94.855383874994,95.84946870899876,95.84946870899876,97.28371562500251,x,1,1.4266817500028992,None,,,,,2,001,2025-10-02_17h33.16.260,motor sequence learning,,2025.1.1,None,2025-10-02 17h33.26.653033 +0530,
150,v,41,1,10,v,1,0.2919002919952618,None,10,1,41,1,,,,,97.29294945899164,,97.28418974998931,97.29294945899164,98.27464758399583,98.27464758399583,98.27464758399583,98.27464758399583,98.29011499999615,99.28216820899979,99.28216820899979,99.58383999999205,v,1,0.2919002919952618,None,,,,,2,001,2025-10-02_17h33.16.260,motor sequence learning,,2025.1.1,None,2025-10-02 17h33.26.653033 +0530,
50,c,42,2,10,c,1,0.2749874579894822,None,10,2,42,2,,,,,99.59190912499616,,99.58424783399096,99.59190912499616,100.58151020899822,100.58151020899822,100.58151020899822,100.58151020899822,100.5892927919922,101.5829651249951,101.5829651249951,101.86561458399228,c,1,0.2749874579894822,None,,,,,2,001,2025-10-02_17h33.16.260,motor sequence learning,,2025.1.1,None,2025-10-02 17h33.26.653033 +0530,
-150,z,43,3,10,z,1,0.9282383329991717,None,10,3,43,3,,,,,101.87338299999828,,101.86598141699506,101.87338299999828,102.85900179199234,102.85900179199234,102.85900179199234,102.85900179199234,102.86646337500133,103.85656062499038,103.85656062499038,104.78883404200315,z,1,0.9282383329991717,None,,,,,2,001,2025-10-02_17h33.16.260,motor sequence learning,,2025.1.1,None,2025-10-02 17h33.26.653033 +0530,
-50,x,44,0,11,x,1,0.27681116700114217,None,11,0,44,0,,,,,104.79830779199256,,104.78908116699313,104.79830779199256,105.78120437500183,105.78120437500183,105.78120437500183,105.78120437500183,105.78874887499842,106.78889974999765,106.78889974999765,107.07320462499047,x,1,0.27681116700114217,None,,,,,2,001,2025-10-02_17h33.16.260,motor sequence learning,,2025.1.1,None,2025-10-02 17h33.26.653033 +0530,
150,v,45,1,11,v,1,0.26459583299583755,None,11,1,45,1,,,,,107.08158183399064,,107.07356804198935,107.08158183399064,108.07305829199322,108.07305829199322,108.07305829199322,108.07305829199322,108.07305829199322,109.06518649999634,109.06518649999634,109.33331195899518,v,1,0.26459583299583755,None,,,,,2,001,2025-10-02_17h33.16.260,motor sequence learning,,2025.1.1,None,2025-10-02 17h33.26.653033 +0530,
50,c,46,2,11,c,1,0.26765533299476374,None,11,2,46,2,,,,,109.33811995899305,,109.3337093339942,109.33811995899305,110.33247733399912,110.33247733399912,110.33247733399912,110.33247733399912,110.33920304199273,111.32309279199399,111.32309279199399,111.6003322089964,c,1,0.26765533299476374,None,,,,,2,001,2025-10-02_17h33.16.260,motor sequence learning,,2025.1.1,None,2025-10-02 17h33.26.653033 +0530,
-150,z,47,3,11,z,1,0.30818983299832325,None,11,3,47,3,,,,,111.60934687498957,,111.60075295899878,111.60934687498957,112.59238745899347,112.59238745899347,112.59238745899347,112.59238745899347,112.59996683399368,113.59054116699554,113.59054116699554,113.90035933400213,z,1,0.30818983299832325,None,,,,,2,001,2025-10-02_17h33.16.260,motor sequence learning,,2025.1.1,None,2025-10-02 17h33.26.653033 +0530,
-50,x,48,0,12,x,1,0.5088044159929268,None,12,0,48,0,,,,,113.90587479199166,,113.90078816699679,113.90587479199166,114.89892420900287,114.89892420900287,114.89892420900287,114.89892420900287,114.89892420900287,115.8908101249981,115.8908101249981,116.40598495899758,x,1,0.5088044159929268,None,,,,,2,001,2025-10-02_17h33.16.260,motor sequence learning,,2025.1.1,None,2025-10-02 17h33.26.653033 +0530,
150,v,49,1,12,v,1,0.24131616699742153,None,12,1,49,1,,,,,116.41457862500101,,116.40632133399777,116.41457862500101,117.39805941699888,117.39805941699888,117.39805941699888,117.39805941699888,117.40569754199532,118.3982998339925,118.3982998339925,118.64062449999619,v,1,0.24131616699742153,None,,,,,2,001,2025-10-02_17h33.16.260,motor sequence learning,,2025.1.1,None,2025-10-02 17h33.26.653033 +0530,
50,c,50,2,12,c,1,0.25619804199959617,None,12,2,50,2,,,,,118.64998016699974,,118.640988500003,118.64998016699974,119.64139316699584,119.64139316699584,119.64139316699584,119.64139316699584,119.64139316699584,120.64032033400144,120.64032033400144,120.90043304199935,c,1,0.25619804199959617,None,,,,,2,001,2025-10-02_17h33.16.260,motor sequence learning,,2025.1.1,None,2025-10-02 17h33.26.653033 +0530,
-150,z,51,3,12,z,1,0.26253395799722057,None,12,3,51,3,,,,,120.9093021669978,,120.90084791700065,120.9093021669978,121.8980465420027,121.8980465420027,121.8980465420027,121.8980465420027,121.90483762499935,122.898993625,122.898993625,123.16674583399436,z,1,0.26253395799722057,None,,,,,2,001,2025-10-02_17h33.16.260,motor sequence learning,,2025.1.1,None,2025-10-02 17h33.26.653033 +0530,
-50,x,52,0,13,x,1,0.24877758300863206,None,13,0,52,0,,,,,123.17157879199658,,123.1671992920019,123.17157879199658,124.15769662499952,124.15769662499952,124.15769662499952,124.15769662499952,124.16484349999519,125.16568429199106,125.16568429199106,125.41691004199674,x,1,0.24877758300863206,None,,,,,2,001,2025-10-02_17h33.16.260,motor sequence learning,,2025.1.1,None,2025-10-02 17h33.26.653033 +0530,
150,v,53,1,13,v,1,0.26962829199328553,None,13,1,53,1,,,,,125.42538058399805,,125.41733250000107,125.42538058399805,126.41558116699161,126.41558116699161,126.41558116699161,126.41558116699161,126.42297649999091,127.41575533399009,127.41575533399009,127.69062712498999,v,1,0.26962829199328553,None,,,,,2,001,2025-10-02_17h33.16.260,motor sequence learning,,2025.1.1,None,2025-10-02 17h33.26.653033 +0530,
50,c,54,2,13,c,1,0.3960395000030985,None,13,2,54,2,,,,,127.69807912499527,,127.69097920900094,127.69807912499527,128.6902007919998,128.6902007919998,128.6902007919998,128.6902007919998,128.6902007919998,129.6902374170022,129.6902374170022,130.09045733399398,c,1,0.3960395000030985,None,,,,,2,001,2025-10-02_17h33.16.260,motor sequence learning,,2025.1.1,None,2025-10-02 17h33.26.653033 +0530,
-150,z,55,3,13,z,1,0.1100996660097735,None,13,3,55,3,,,,,130.09963908400096,,130.09089962499274,130.09963908400096,131.09197179198964,131.09197179198964,131.09197179198964,131.09197179198964,131.09197179198964,132.09119150000333,132.09119150000333,132.20800187499844,z,1,0.1100996660097735,None,,,,,2,001,2025-10-02_17h33.16.260,motor sequence learning,,2025.1.1,None,2025-10-02 17h33.26.653033 +0530,
-50,x,56,0,14,x,1,0.34513958300522063,None,14,0,56,0,,,,,132.232580625001,,132.20839720898948,132.232580625001,133.20824933399854,133.20824933399854,133.20824933399854,133.20824933399854,133.22306779200153,134.20701541699236,134.20701541699236,134.5567340419948,x,1,0.34513958300522063,None,,,,,2,001,2025-10-02_17h33.16.260,motor sequence learning,,2025.1.1,None,2025-10-02 17h33.26.653033 +0530,
150,v,57,1,14,v,1,0.36500679099117406,None,14,1,57,1,,,,,134.56457529199542,,134.55704937499831,134.56457529199542,135.5589505419921,135.5589505419921,135.5589505419921,135.5589505419921,135.5589505419921,136.55721120900125,136.55721120900125,136.92319883400341,v,1,0.36500679099117406,None,,,,,2,001,2025-10-02_17h33.16.260,motor sequence learning,,2025.1.1,None,2025-10-02 17h33.26.653033 +0530,
50,c,58,2,14,c,1,0.3731330830050865,None,14,2,58,2,,,,,136.9329698340007,,136.9235440420016,136.9329698340007,137.91465283399157,137.91465283399157,137.91465283399157,137.91465283399157,137.93284287500137,138.92401570899528,138.92401570899528,139.29893129199627,c,1,0.3731330830050865,None,,,,,2,001,2025-10-02_17h33.16.260,motor sequence learning,,2025.1.1,None,2025-10-02 17h33.26.653033 +0530,
-150,z,59,3,14,z,1,0.4046733739960473,None,14,3,59,3,,,,,139.3031299169961,,139.2992604589963,139.3031299169961,140.29138154200336,140.29138154200336,140.29138154200336,140.29138154200336,140.29856354199,141.29036470899882,141.29036470899882,141.7005017920019,z,1,0.4046733739960473,None,,,,,2,001,2025-10-02_17h33.16.260,motor sequence learning,,2025.1.1,None,2025-10-02 17h33.26.653033 +0530,
-50,x,60,0,15,x,1,0.3600205830007326,None,15,0,60,0,,,,,141.70924783399096,,141.70105108399002,141.70924783399096,142.69923162499617,142.69923162499617,142.69923162499617,142.69923162499617,142.70650979199854,143.69800112499797,143.69800112499797,144.0664039169933,x,1,0.3600205830007326,None,,,,,2,001,2025-10-02_17h33.16.260,motor sequence learning,,2025.1.1,None,2025-10-02 17h33.26.653033 +0530,
150,v,61,1,15,v,1,0.3094152919948101,None,15,1,61,1,,,,,144.07559629199386,,144.06687149999198,144.07559629199386,145.0575344999961,145.0575344999961,145.0575344999961,145.0575344999961,145.0716526670003,146.05652195899165,146.05652195899165,146.37304525000218,v,1,0.3094152919948101,None,,,,,2,001,2025-10-02_17h33.16.260,motor sequence learning,,2025.1.1,None,2025-10-02 17h33.26.653033 +0530,
50,c,62,2,15,c,1,0.35925670800497755,None,15,2,62,2,,,,,146.3812760419969,,146.3733811669954,146.3812760419969,147.36467062500014,147.36467062500014,147.36467062500014,147.36467062500014,147.37224425000022,148.36471379199065,148.36471379199065,148.73407970900007,c,1,0.35925670800497755,None,,,,,2,001,2025-10-02_17h33.16.260,motor sequence learning,,2025.1.1,None,2025-10-02 17h33.26.653033 +0530,
-150,z,63,3,15,z,1,0.27612495800713077,None,15,3,63,3,,,,,148.74322166699858,,148.73449516699475,148.74322166699858,149.73145125000156,149.73145125000156,149.73145125000156,149.73145125000156,149.73907920900092,150.73169854198932,150.73169854198932,151.01552129199263,z,1,0.27612495800713077,None,,,,,2,001,2025-10-02_17h33.16.260,motor sequence learning,,2025.1.1,None,2025-10-02 17h33.26.653033 +0530,
-50,x,64,0,16,x,1,0.3573674579965882,None,16,0,64,0,,,,,151.02355924999574,,151.0159912090021,151.02355924999574,152.00865808399976,152.00865808399976,152.00865808399976,152.00865808399976,152.0160445419897,153.0065310420032,153.0065310420032,153.366112083997,x,1,0.3573674579965882,None,,,,,2,001,2025-10-02_17h33.16.260,motor sequence learning,,2025.1.1,None,2025-10-02 17h33.26.653033 +0530,
150,v,65,1,16,v,1,0.3008748749998631,None,16,1,65,1,,,,,153.3708990419982,,153.36642741700052,153.3708990419982,154.35863354199682,154.35863354199682,154.35863354199682,154.35863354199682,154.36602741699608,155.3569578339957,155.3569578339957,155.66753187499125,v,1,0.3008748749998631,None,,,,,2,001,2025-10-02_17h33.16.260,motor sequence learning,,2025.1.1,None,2025-10-02 17h33.26.653033 +0530,
50,c,66,2,16,c,1,0.29382887500105426,None,16,2,66,2,,,,,155.6766094170016,,155.66795070900116,155.6766094170016,156.66473716699693,156.66473716699693,156.66473716699693,156.66473716699693,156.67244912499154,157.66484866700193,157.66484866700193,157.96695224998984,c,1,0.29382887500105426,None,,,,,2,001,2025-10-02_17h33.16.260,motor sequence learning,,2025.1.1,None,2025-10-02 17h33.26.653033 +0530,
-150,z,67,3,16,z,1,0.2646983329905197,None,16,3,67,3,,,,,157.97478170899558,,157.96742270899995,157.97478170899558,158.96583666699007,158.96583666699007,158.96583666699007,158.96583666699007,158.97326699999394,159.96596674999455,159.96596674999455,160.23317624999618,z,1,0.2646983329905197,None,,,,,2,001,2025-10-02_17h33.16.260,motor sequence learning,,2025.1.1,None,2025-10-02 17h33.26.653033 +0530,
-50,x,68,0,17,x,1,0.378373500003363,None,17,0,68,0,,,,,160.2383617919986,,160.23362691699003,160.2383617919986,161.22395345898985,161.22395345898985,161.22395345898985,161.22395345898985,161.23143095900014,162.22226779199264,162.22226779199264,162.60586650000187,x,1,0.378373500003363,None,,,,,2,001,2025-10-02_17h33.16.260,motor sequence learning,,2025.1.1,None,2025-10-02 17h33.26.653033 +0530,
150,v,69,1,17,v,1,0.2893549169966718,None,17,1,69,1,,,,,162.61461462499574,,162.60627704199578,162.61461462499574,163.60722325000097,163.60722325000097,163.60722325000097,163.60722325000097,163.60722325000097,164.59924012499687,164.59924012499687,164.90043354200316,v,1,0.2893549169966718,None,,,,,2,001,2025-10-02_17h33.16.260,motor sequence learning,,2025.1.1,None,2025-10-02 17h33.26.653033 +0530,
50,c,70,2,17,c,1,0.32873804098926485,None,17,2,70,2,,,,,164.90780462499242,,164.90094412499457,164.90780462499242,165.89143249999324,165.89143249999324,165.89143249999324,165.89143249999324,165.89896270899044,166.89979674998904,166.89979674998904,167.23399758400046,c,1,0.32873804098926485,None,,,,,2,001,2025-10-02_17h33.16.260,motor sequence learning,,2025.1.1,None,2025-10-02 17h33.26.653033 +0530,
-150,z,71,3,17,z,1,0.009078082992346026,None,17,3,71,3,,,,,167.242597791992,,167.23445441699005,167.242597791992,168.23224804199708,168.23224804199708,168.23224804199708,168.23224804199708,168.2404233339912,169.23138962499797,169.23138962499797,169.25068229199678,z,1,0.009078082992346026,None,,,,,2,001,2025-10-02_17h33.16.260,motor sequence learning,,2025.1.1,None,2025-10-02 17h33.26.653033 +0530,
-50,x,72,0,18,x,1,0.36285791599948425,None,18,0,72,0,,,,,169.25915837498906,,169.2511233339901,169.25915837498906,170.2417339590029,170.2417339590029,170.2417339590029,170.2417339590029,170.249237541997,171.2496522500005,171.2496522500005,171.61736037499213,x,1,0.36285791599948425,None,,,,,2,001,2025-10-02_17h33.16.260,motor sequence learning,,2025.1.1,None,2025-10-02 17h33.26.653033 +0530,
150,v,73,1,18,v,1,0.2548666249931557,None,18,1,73,1,,,,,171.6259623340011,,171.61781199999677,171.6259623340011,172.608603708999,172.608603708999,172.608603708999,172.608603708999,172.6161693749891,173.60754970899143,173.60754970899143,173.86727899999823,v,1,0.2548666249931557,None,,,,,2,001,2025-10-02_17h33.16.260,motor sequence learning,,2025.1.1,None,2025-10-02 17h33.26.653033 +0530,
50,c,74,2,18,c,1,0.24368433299241588,None,18,2,74,2,,,,,173.87631216699083,,173.86770887499733,173.87631216699083,174.85779216699302,174.85779216699302,174.85779216699302,174.85779216699302,174.87229729199316,175.86553191699204,175.86553191699204,176.11689824999485,c,1,0.24368433299241588,None,,,,,2,001,2025-10-02_17h33.16.260,motor sequence learning,,2025.1.1,None,2025-10-02 17h33.26.653033 +0530,
-150,z,75,3,18,z,1,0.2752322489977814,None,18,3,75,3,,,,,176.12475024999003,,176.11724858399248,176.12475024999003,177.11584220899385,177.11584220899385,177.11584220899385,177.11584220899385,177.12287162498978,178.11597391699615,178.11597391699615,178.4001840419951,z,1,0.2752322489977814,None,,,,,2,001,2025-10-02_17h33.16.260,motor sequence learning,,2025.1.1,None,2025-10-02 17h33.26.653033 +0530,
-50,x,76,0,19,x,1,0.46088979100750294,None,19,0,76,0,,,,,178.40856358400197,,178.40060429199366,178.40856358400197,179.39182187498955,179.39182187498955,179.39182187498955,179.39182187498955,179.3992579170008,180.3903649999993,180.3903649999993,180.85528237499238,x,1,0.46088979100750294,None,,,,,2,001,2025-10-02_17h33.16.260,motor sequence learning,,2025.1.1,None,2025-10-02 17h33.26.653033 +0530,
150,v,77,1,19,v,1,0.2334580409951741,None,19,1,77,1,,,,,180.86482958399574,,180.85562849999405,180.86482958399574,181.8492600000027,181.8492600000027,181.8492600000027,181.8492600000027,181.85692083399044,182.84878941699571,182.84878941699571,183.08371216699015,v,1,0.2334580409951741,None,,,,,2,001,2025-10-02_17h33.16.260,motor sequence learning,,2025.1.1,None,2025-10-02 17h33.26.653033 +0530,
50,c,78,2,19,c,1,0.2570773740008008,None,19,2,78,2,,,,,183.0884392089938,,183.0840994589962,183.0884392089938,184.07539129198994,184.07539129198994,184.07539129198994,184.07539129198994,184.08303641699604,185.0830938750005,185.0830938750005,185.3506792919943,c,1,0.2570773740008008,None,,,,,2,001,2025-10-02_17h33.16.260,motor sequence learning,,2025.1.1,None,2025-10-02 17h33.26.653033 +0530,
-150,z,79,3,19,z,1,0.23204433300998062,None,19,3,79,3,,,,,185.35914324999612,,185.35112016698986,185.35914324999612,186.34961691699573,186.34961691699573,186.34961691699573,186.34961691699573,186.3563591669954,187.33894362499996,187.33894362499996,187.573232499999,z,1,0.23204433300998062,None,,,,,2,001,2025-10-02_17h33.16.260,motor sequence learning,,2025.1.1,None,2025-10-02 17h33.26.653033 +0530,
-50,x,80,0,20,x,1,0.2597180829907302,None,20,0,80,0,,,,,187.583127083999,,187.57356062499457,187.583127083999,188.56480633399042,188.56480633399042,188.56480633399042,188.56480633399042,188.5831654999929,189.56633216699993,189.56633216699993,189.8342812089977,x,1,0.2597180829907302,None,,,,,2,001,2025-10-02_17h33.16.260,motor sequence learning,,2025.1.1,None,2025-10-02 17h33.26.653033 +0530,
150,v,81,1,20,v,1,0.2863312080007745,None,20,1,81,1,,,,,189.84252141699835,,189.8346708750032,189.84252141699835,190.83187670899497,190.83187670899497,190.83187670899497,190.83187670899497,190.84034491700004,191.83264179200341,191.83264179200341,192.124314708999,v,1,0.2863312080007745,None,,,,,2,001,2025-10-02_17h33.16.260,motor sequence learning,,2025.1.1,None,2025-10-02 17h33.26.653033 +0530,
50,c,82,2,20,c,1,0.2770673750055721,None,20,2,82,2,,,,,192.13331754200044,,192.12477545900038,192.13331754200044,193.12140933399496,193.12140933399496,193.12140933399496,193.12140933399496,193.12140933399496,194.12191354199604,194.12191354199604,194.40024816700316,c,1,0.2770673750055721,None,,,,,2,001,2025-10-02_17h33.16.260,motor sequence learning,,2025.1.1,None,2025-10-02 17h33.26.653033 +0530,
-150,z,83,3,20,z,1,0.21142345799307805,None,20,3,83,3,,,,,194.4053785839933,,194.4006422090024,194.4053785839933,195.39166837499943,195.39166837499943,195.39166837499943,195.39166837499943,195.3986413340026,196.39039904199308,196.39039904199308,196.60659191699233,z,1,0.21142345799307805,None,,,,,2,001,2025-10-02_17h33.16.260,motor sequence learning,,2025.1.1,None,2025-10-02 17h33.26.653033 +0530,
-50,x,84,0,21,x,1,0.40455670800292864,None,21,0,84,0,,,,,196.61483245900308,,196.60695929199574,196.61483245900308,197.6072280419903,197.6072280419903,197.6072280419903,197.6072280419903,197.6072280419903,198.5982066669967,198.5982066669967,199.00628316699294,x,1,0.40455670800292864,None,,,,,2,001,2025-10-02_17h33.16.260,motor sequence learning,,2025.1.1,None,2025-10-02 17h33.26.653033 +0530,
150,v,85,1,21,v,1,0.28323370800353587,None,21,1,85,1,,,,,199.01481745899946,,199.00664304199745,199.01481745899946,200.00652816699585,200.00652816699585,200.00652816699585,200.00652816699585,200.00652816699585,200.99854416699964,200.99854416699964,201.28456745899166,v,1,0.28323370800353587,None,,,,,2,001,2025-10-02_17h33.16.260,motor sequence learning,,2025.1.1,None,2025-10-02 17h33.26.653033 +0530,
50,c,86,2,21,c,1,0.31499374999839347,None,21,2,86,2,,,,,201.2933455839957,,201.28502924999339,201.2933455839957,202.28164420899702,202.28164420899702,202.28164420899702,202.28164420899702,202.2895770000032,203.2815904589952,203.2815904589952,203.599766542,c,1,0.31499374999839347,None,,,,,2,001,2025-10-02_17h33.16.260,motor sequence learning,,2025.1.1,None,2025-10-02 17h33.26.653033 +0530,
-150,z,87,3,21,z,1,0.28691774999606423,None,21,3,87,3,,,,,203.60890595900128,,203.60016470900155,203.60890595900128,204.59198691700294,204.59198691700294,204.59198691700294,204.59198691700294,204.59955095899932,205.59079412498977,205.59079412498977,205.88417479199416,z,1,0.28691774999606423,None,,,,,2,001,2025-10-02_17h33.16.260,motor sequence learning,,2025.1.1,None,2025-10-02 17h33.26.653033 +0530,
-50,x,88,0,22,x,1,0.2858001249987865,None,22,0,88,0,,,,,205.893168124996,,205.88459537499875,205.893168124996,206.87509316699288,206.87509316699288,206.87509316699288,206.87509316699288,206.89032599999337,207.8817164170032,207.8817164170032,208.1745803340018,x,1,0.2858001249987865,None,,,,,2,001,2025-10-02_17h33.16.260,motor sequence learning,,2025.1.1,None,2025-10-02 17h33.26.653033 +0530,
150,v,89,1,22,v,1,0.4793419579946203,None,22,1,89,1,,,,,208.18286462499236,,208.17492762499023,208.18286462499236,209.17430345900357,209.17430345900357,209.17430345900357,209.17430345900357,209.17430345900357,210.17398170899833,210.17398170899833,210.65790562499024,v,1,0.4793419579946203,None,,,,,2,001,2025-10-02_17h33.16.260,motor sequence learning,,2025.1.1,None,2025-10-02 17h33.26.653033 +0530,
50,c,90,2,22,c,1,0.31769637401157524,None,22,2,90,2,,,,,210.66704633399786,,210.65833616699092,210.66704633399786,211.6584148749971,211.6584148749971,211.6584148749971,211.6584148749971,211.6584148749971,212.6558805419918,212.6558805419918,212.9839321670006,c,1,0.31769637401157524,None,,,,,2,001,2025-10-02_17h33.16.260,motor sequence learning,,2025.1.1,None,2025-10-02 17h33.26.653033 +0530,
-150,z,91,3,22,z,1,0.31965695800317917,None,22,3,91,3,,,,,212.99191258399514,,212.98430379199272,212.99191258399514,213.98274358399794,213.98274358399794,213.98274358399794,213.98274358399794,213.9904945419985,214.98275633399317,214.98275633399317,215.30548591699335,z,1,0.31965695800317917,None,,,,,2,001,2025-10-02_17h33.16.260,motor sequence learning,,2025.1.1,None,2025-10-02 17h33.26.653033 +0530,
-50,x,92,0,23,x,1,0.2950953740073601,None,23,0,92,0,,,,,215.31489354200312,,215.30583745898912,215.31489354200312,216.29961616700166,216.29961616700166,216.29961616700166,216.29961616700166,216.30729858399718,217.29830166698957,217.29830166698957,217.60076649999246,x,1,0.2950953740073601,None,,,,,2,001,2025-10-02_17h33.16.260,motor sequence learning,,2025.1.1,None,2025-10-02 17h33.26.653033 +0530,
150,v,93,1,23,v,1,0.27498070799629204,None,23,1,93,1,,,,,217.6096995419939,,217.60135587499826,217.6096995419939,218.5994785840012,218.5994785840012,218.5994785840012,218.5994785840012,218.60616954199213,219.5994428339909,219.5994428339909,219.88468287499563,v,1,0.27498070799629204,None,,,,,2,001,2025-10-02_17h33.16.260,motor sequence learning,,2025.1.1,None,2025-10-02 17h33.26.653033 +0530,
50,c,94,2,23,c,1,0.2624322490009945,None,23,2,94,2,,,,,219.8949001669971,,219.88508624999668,219.8949001669971,220.8823869589978,220.8823869589978,220.8823869589978,220.8823869589978,220.8901587500004,221.88316195899097,221.88316195899097,222.15109241699975,c,1,0.2624322490009945,None,,,,,2,001,2025-10-02_17h33.16.260,motor sequence learning,,2025.1.1,None,2025-10-02 17h33.26.653033 +0530,
-150,z,95,3,23,z,1,0.25889770800131373,None,23,3,95,3,,,,,222.16095858399058,,222.1515629170026,222.16095858399058,223.1483778749971,223.1483778749971,223.1483778749971,223.1483778749971,223.15638129199215,224.14838812500238,224.14838812500238,224.4175155839912,z,1,0.25889770800131373,None,,,,,2,001,2025-10-02_17h33.16.260,motor sequence learning,,2025.1.1,None,2025-10-02 17h33.26.653033 +0530,
-50,x,96,0,24,x,1,0.26576095800555777,None,24,0,96,0,,,,,224.42592145899835,,224.41793766699266,224.42592145899835,225.40877295899554,225.40877295899554,225.40877295899554,225.40877295899554,225.41614750000008,226.41653924999991,226.41653924999991,226.68429520899372,x,1,0.26576095800555777,None,,,,,2,001,2025-10-02_17h33.16.260,motor sequence learning,,2025.1.1,None,2025-10-02 17h33.26.653033 +0530,
150,v,97,1,24,v,1,0.2648933750024298,None,24,1,97,1,,,,,226.69310291699367,,226.68470250000246,226.69310291699367,227.68172758400033,227.68172758400033,227.68172758400033,227.68172758400033,227.68934783399163,228.6832795419905,228.6832795419905,228.95045887499873,v,1,0.2648933750024298,None,,,,,2,001,2025-10-02_17h33.16.260,motor sequence learning,,2025.1.1,None,2025-10-02 17h33.26.653033 +0530,
50,c,98,2,24,c,1,0.2807394160045078,None,24,2,98,2,,,,,228.9558054999943,,228.95089233398903,228.9558054999943,229.94173074999708,229.94173074999708,229.94173074999708,229.94173074999708,229.94917016699037,230.94938254199224,230.94938254199224,231.23371400000178,c,1,0.2807394160045078,None,,,,,2,001,2025-10-02_17h33.16.260,motor sequence learning,,2025.1.1,None,2025-10-02 17h33.26.653033 +0530,
-150,z,99,3,24,z,1,0.5015754999913042,None,24,3,99,3,,,,,231.23840470900177,,231.2341502920026,231.23840470900177,232.22445920899918,232.22445920899918,232.22445920899918,232.22445920899918,232.2317106249975,233.22351570900355,233.22351570900355,233.7338919169997,z,1,0.5015754999913042,None,,,,,2,001,2025-10-02_17h33.16.260,motor sequence learning,,2025.1.1,None,2025-10-02 17h33.26.653033 +0530,
-50,x,100,0,25,x,1,0.41166862500540446,None,25,0,100,0,,,,,233.74230250000255,,233.7343752089946,233.74230250000255,234.73271966699394,234.73271966699394,234.73271966699394,234.73271966699394,234.7392968339991,235.7242934590031,235.7242934590031,236.14082400000188,x,1,0.41166862500540446,None,,,,,2,001,2025-10-02_17h33.16.260,motor sequence learning,,2025.1.1,None,2025-10-02 17h33.26.653033 +0530,
150,v,101,1,25,v,1,0.31341849999444094,None,25,1,101,1,,,,,236.1491453339986,,236.14118483399216,236.1491453339986,237.14064741699258,237.14064741699258,237.14064741699258,237.14064741699258,237.14064741699258,238.1395835000003,238.1395835000003,238.45809337499668,v,1,0.31341849999444094,None,,,,,2,001,2025-10-02_17h33.16.260,motor sequence learning,,2025.1.1,None,2025-10-02 17h33.26.653033 +0530,
50,c,102,2,25,c,1,0.30895366601180285,None,25,2,102,2,,,,,238.4831228749972,,238.45845391700277,238.4831228749972,239.45875108399196,239.45875108399196,239.45875108399196,239.45875108399196,239.47353391700017,240.4569070419966,240.4569070419966,240.76758362499822,c,1,0.30895366601180285,None,,,,,2,001,2025-10-02_17h33.16.260,motor sequence learning,,2025.1.1,None,2025-10-02 17h33.26.653033 +0530,
-150,z,103,3,25,z,1,0.3322768329962855,None,25,3,103,3,,,,,240.77668287500273,,240.76800620899303,240.77668287500273,241.7583947499952,241.7583947499952,241.7583947499952,241.7583947499952,241.77346858399687,242.7576748749998,242.7576748749998,243.09654316699016,z,1,0.3322768329962855,None,,,,,2,001,2025-10-02_17h33.16.260,motor sequence learning,,2025.1.1,None,2025-10-02 17h33.26.653033 +0530,
-50,x,104,0,26,x,1,0.28990049999265466,None,26,0,104,0,,,,,243.10247099999106,,243.09702049999032,243.10247099999106,244.09265945899824,244.09265945899824,244.09265945899824,244.09265945899824,244.10020512499614,245.09094599999662,245.09094599999662,245.38700479199179,x,1,0.28990049999265466,None,,,,,2,001,2025-10-02_17h33.16.260,motor sequence learning,,2025.1.1,None,2025-10-02 17h33.26.653033 +0530,
150,v,105,1,26,v,1,0.5327346249978291,None,26,1,105,1,,,,,245.39986004200182,,245.38745145899884,245.39986004200182,246.38248049998947,246.38248049998947,246.38248049998947,246.38248049998947,246.39006720899488,247.38287895898975,247.38287895898975,247.91766949999146,v,1,0.5327346249978291,None,,,,,2,001,2025-10-02_17h33.16.260,motor sequence learning,,2025.1.1,None,2025-10-02 17h33.26.653033 +0530,
50,c,106,2,26,c,1,0.43251229099405464,None,26,2,106,2,,,,,247.92647941700125,,247.9180789999955,247.92647941700125,248.91519845899893,248.91519845899893,248.91519845899893,248.91519845899893,248.92306370899314,249.9161747499893,249.9161747499893,250.35137262499484,c,1,0.43251229099405464,None,,,,,2,001,2025-10-02_17h33.16.260,motor sequence learning,,2025.1.1,None,2025-10-02 17h33.26.653033 +0530,
-150,z,107,3,26,z,1,0.3332852500025183,None,26,3,107,3,,,,,250.3605145420006,,250.3518420420005,250.3605145420006,251.34950650000246,251.34950650000246,251.34950650000246,251.34950650000246,251.35713758399652,252.34842933400068,252.34842933400068,252.6844582499907,z,1,0.3332852500025183,None,,,,,2,001,2025-10-02_17h33.16.260,motor sequence learning,,2025.1.1,None,2025-10-02 17h33.26.653033 +0530,
-50,x,108,0,27,x,1,0.28872658299223986,None,27,0,108,0,,,,,252.69452216700302,,252.68489095898985,252.69452216700302,253.68296241699136,253.68296241699136,253.68296241699136,253.68296241699136,253.69071366699063,254.6829086249927,254.6829086249927,254.98312445900228,x,1,0.28872658299223986,None,,,,,2,001,2025-10-02_17h33.16.260,motor sequence learning,,2025.1.1,None,2025-10-02 17h33.26.653033 +0530,
150,v,109,1,27,v,1,0.4655654579983093,None,27,1,109,1,,,,,254.99117616699368,,254.98360004198912,254.99117616699368,255.9749750839983,255.9749750839983,255.9749750839983,255.9749750839983,255.98218195899972,256.9739925000031,256.9739925000031,257.4507588749984,v,1,0.4655654579983093,None,,,,,2,001,2025-10-02_17h33.16.260,motor sequence learning,,2025.1.1,None,2025-10-02 17h33.26.653033 +0530,
50,c,110,2,27,c,1,0.8542964170046616,None,27,2,110,2,,,,,257.45870220899815,,257.45110016700346,257.45870220899815,258.4420705419907,258.4420705419907,258.4420705419907,258.4420705419907,258.44948495899735,259.4411289589916,259.4411289589916,260.3010113749915,c,1,0.8542964170046616,None,,,,,2,001,2025-10-02_17h33.16.260,motor sequence learning,,2025.1.1,None,2025-10-02 17h33.26.653033 +0530,
-150,z,111,3,27,z,1,0.43242883299535606,None,27,3,111,3,,,,,260.3101253749919,,260.3014139589941,260.3101253749919,261.29200124999625,261.29200124999625,261.29200124999625,261.29200124999625,261.30729366699234,262.2999483339954,262.2999483339954,262.7344891669927,z,1,0.43242883299535606,None,,,,,2,001,2025-10-02_17h33.16.260,motor sequence learning,,2025.1.1,None,2025-10-02 17h33.26.653033 +0530,
-50,x,112,0,28,x,1,0.31061120799859054,None,28,0,112,0,,,,,262.7430547499971,,262.7349306249962,262.7430547499971,263.73327520900057,263.73327520900057,263.73327520900057,263.73327520900057,263.74117679199844,264.7318221250025,264.7318221250025,265.05099287499615,x,1,0.31061120799859054,None,,,,,2,001,2025-10-02_17h33.16.260,motor sequence learning,,2025.1.1,None,2025-10-02 17h33.26.653033 +0530,
150,v,113,1,28,v,1,0.29198574999463744,None,28,1,113,1,,,,,265.0591007920011,,265.05139774999407,265.0591007920011,266.04266249999637,266.04266249999637,266.04266249999637,266.04266249999637,266.05025908398966,267.04955104200053,267.04955104200053,267.35059054200246,v,1,0.29198574999463744,None,,,,,2,001,2025-10-02_17h33.16.260,motor sequence learning,,2025.1.1,None,2025-10-02 17h33.26.653033 +0530,
50,c,114,2,28,c,1,0.6937430410034722,None,28,2,114,2,,,,,267.35881962499116,,267.35106995899696,267.35881962499116,268.34970587499265,268.34970587499265,268.34970587499265,268.34970587499265,268.3576104169915,269.3494859170023,269.3494859170023,270.05038791699917,c,1,0.6937430410034722,None,,,,,2,001,2025-10-02_17h33.16.260,motor sequence learning,,2025.1.1,None,2025-10-02 17h33.26.653033 +0530,
-150,z,115,3,28,z,1,0.37999816599767655,None,28,3,115,3,,,,,270.0576316249935,,270.0507149999903,270.0576316249935,271.04160237500037,271.04160237500037,271.04160237500037,271.04160237500037,271.04870674999256,272.0391349999991,272.0391349999991,272.4244693340006,z,1,0.37999816599767655,None,,,,,2,001,2025-10-02_17h33.16.260,motor sequence learning,,2025.1.1,None,2025-10-02 17h33.26.653033 +0530,
-50,x,116,0,29,x,1,0.7171225410129409,None,29,0,116,0,,,,,272.4329837089899,,272.424911833994,272.4329837089899,273.4243412499927,273.4243412499927,273.4243412499927,273.4243412499927,273.4243412499927,274.4230515840027,274.4230515840027,275.15088025000296,x,1,0.7171225410129409,None,,,,,2,001,2025-10-02_17h33.16.260,motor sequence learning,,2025.1.1,None,2025-10-02 17h33.26.653033 +0530,
150,v,117,1,29,v,1,0.32591254099679645,None,29,1,117,1,,,,,275.1589316669997,,275.15123070900154,275.1589316669997,276.1425136249891,276.1425136249891,276.1425136249891,276.1425136249891,276.15009154198924,277.1500604169996,277.1500604169996,277.4845676669938,v,1,0.32591254099679645,None,,,,,2,001,2025-10-02_17h33.16.260,motor sequence learning,,2025.1.1,None,2025-10-02 17h33.26.653033 +0530,
50,c,118,2,29,c,1,0.30083679099334404,None,29,2,118,2,,,,,277.4935773749894,,277.4849994589895,277.4935773749894,278.48226820900163,278.48226820900163,278.48226820900163,278.48226820900163,278.4899560420017,279.48212245899776,279.48212245899776,279.7845353750017,c,1,0.30083679099334404,None,,,,,2,001,2025-10-02_17h33.16.260,motor sequence learning,,2025.1.1,None,2025-10-02 17h33.26.653033 +0530,
-150,z,119,3,29,z,1,0.25202087400248274,None,29,3,119,3,,,,,279.7933799169987,,279.78495483400184,279.7933799169987,280.77580904199567,280.77580904199567,280.77580904199567,280.77580904199567,280.78341883399116,281.78198583399353,281.78198583399353,282.0401946249913,z,1,0.25202087400248274,None,,,,,2,001,2025-10-02_17h33.16.260,motor sequence learning,,2025.1.1,None,2025-10-02 17h33.26.653033 +0530,
-50,x,120,0,30,x,1,0.3400375830096891,None,30,0,120,0,,,,,282.04852320899954,,282.0406248749932,282.04852320899954,283.03190329199424,283.03190329199424,283.03190329199424,283.03190329199424,283.0392773749918,284.0319097920001,284.0319097920001,284.3731734999892,x,1,0.3400375830096891,None,,,,,2,001,2025-10-02_17h33.16.260,motor sequence learning,,2025.1.1,None,2025-10-02 17h33.26.653033 +0530,
150,v,121,1,30,v,1,0.5356695420050528,None,30,1,121,1,,,,,284.3836436249985,,284.373574792,284.3836436249985,285.3727352089918,285.3727352089918,285.3727352089918,285.3727352089918,285.3823536669952,286.3652323749993,286.3652323749993,286.9061442090024,v,1,0.5356695420050528,None,,,,,2,001,2025-10-02_17h33.16.260,motor sequence learning,,2025.1.1,None,2025-10-02 17h33.26.653033 +0530,
50,c,122,2,30,c,1,0.23154204100137576,None,30,2,122,2,,,,,286.91514795899275,,286.9066036669974,286.91514795899275,287.90792254199914,287.90792254199914,287.90792254199914,287.90792254199914,287.90792254199914,288.8992117089947,288.8992117089947,289.1335121250013,c,1,0.23154204100137576,None,,,,,2,001,2025-10-02_17h33.16.260,motor sequence learning,,2025.1.1,None,2025-10-02 17h33.26.653033 +0530,
-150,z,123,3,30,z,1,0.35787970799719915,None,30,3,123,3,,,,,289.13852100000076,,289.1339230839949,289.13852100000076,290.1249062499992,290.1249062499992,290.1249062499992,290.1249062499992,290.1320358340017,291.1229453749984,291.1229453749984,291.48384262499167,z,1,0.35787970799719915,None,,,,,2,001,2025-10-02_17h33.16.260,motor sequence learning,,2025.1.1,None,2025-10-02 17h33.26.653033 +0530,
-50,x,124,0,31,x,1,0.2880294579954352,None,31,0,124,0,,,,,291.48810866699205,,291.48418200000015,291.48810866699205,292.4825881249999,292.4825881249999,292.4825881249999,292.4825881249999,292.4825881249999,293.48355925000214,293.48355925000214,293.78415783400123,x,1,0.2880294579954352,None,,,,,2,001,2025-10-02_17h33.16.260,motor sequence learning,,2025.1.1,None,2025-10-02 17h33.26.653033 +0530,
150,v,125,1,31,v,1,0.273710540990578,None,31,1,125,1,,,,,293.79052466699795,,293.784675709001,293.79052466699795,294.77616087500064,294.77616087500064,294.77616087500064,294.77616087500064,294.7840107499942,295.7740007090033,295.7740007090033,296.0508410839975,v,1,0.273710540990578,None,,,,,2,001,2025-10-02_17h33.16.260,motor sequence learning,,2025.1.1,None,2025-10-02 17h33.26.653033 +0530,
50,c,126,2,31,c,1,0.2554722490021959,None,31,2,126,2,,,,,296.0602177499968,,296.0512438750011,296.0602177499968,297.0425668340031,297.0425668340031,297.0425668340031,297.0425668340031,297.0503637090005,298.0410517499986,298.0410517499986,298.3013260419975,c,1,0.2554722490021959,None,,,,,2,001,2025-10-02_17h33.16.260,motor sequence learning,,2025.1.1,None,2025-10-02 17h33.26.653033 +0530,
-150,z,127,3,31,z,1,0.24178016600490082,None,31,3,127,3,,,,,298.310347791994,,298.30182304199843,298.310347791994,299.29270249999536,299.29270249999536,299.29270249999536,299.29270249999536,299.3000087499968,300.2998264589987,300.2998264589987,300.54979791700316,z,1,0.24178016600490082,None,,,,,2,001,2025-10-02_17h33.16.260,motor sequence learning,,2025.1.1,None,2025-10-02 17h33.26.653033 +0530,
-50,x,128,0,32,x,1,0.2584339160093805,None,32,0,128,0,,,,,300.55760874999396,,300.5501544169965,300.55760874999396,301.5435410420032,301.5435410420032,301.5435410420032,301.5435410420032,301.56686120899394,302.5409987089952,302.5409987089952,302.801052291994,x,1,0.2584339160093805,None,,,,,2,001,2025-10-02_17h33.16.260,motor sequence learning,,2025.1.1,None,2025-10-02 17h33.26.653033 +0530,
150,v,129,1,32,v,1,0.2589063750056084,None,32,1,129,1,,,,,302.8097093749966,,302.8014648340031,302.8097093749966,303.7923671250028,303.7923671250028,303.7923671250028,303.7923671250028,303.79936325000017,304.7996105839993,304.7996105839993,305.06773399999656,v,1,0.2589063750056084,None,,,,,2,001,2025-10-02_17h33.16.260,motor sequence learning,,2025.1.1,None,2025-10-02 17h33.26.653033 +0530,
50,c,130,2,32,c,1,0.3032619580044411,None,32,2,130,2,,,,,305.07598841699655,,305.0681321669981,305.07598841699655,306.06601654199767,306.06601654199767,306.06601654199767,306.06601654199767,306.07382195899845,307.0661916669924,307.0661916669924,307.3724643339956,c,1,0.3032619580044411,None,,,,,2,001,2025-10-02_17h33.16.260,motor sequence learning,,2025.1.1,None,2025-10-02 17h33.26.653033 +0530,
-150,z,131,3,32,z,1,0.3885477909934707,None,32,3,131,3,,,,,307.3828437089978,,307.37281254200207,307.3828437089978,308.3659744589968,308.3659744589968,308.3659744589968,308.3659744589968,308.3736918749928,309.3667630839918,309.3667630839918,309.7565167089924,z,1,0.3885477909934707,None,,,,,2,001,2025-10-02_17h33.16.260,motor sequence learning,,2025.1.1,None,2025-10-02 17h33.26.653033 +0530,
-50,x,132,0,33,x,1,0.3036631659924751,None,33,0,132,0,,,,,309.7663941249921,,309.7569377920008,309.7663941249921,310.7576327499992,310.7576327499992,310.7576327499992,310.7576327499992,310.7576327499992,311.74866899999324,311.74866899999324,312.05548820899276,x,1,0.3036631659924751,None,,,,,2,001,2025-10-02_17h33.16.260,motor sequence learning,,2025.1.1,None,2025-10-02 17h33.26.653033 +0530,
150,v,133,1,33,v,1,0.27157737499510404,None,33,1,133,1,,,,,312.06574649999675,,312.05591695899784,312.06574649999675,313.04886458399415,313.04886458399415,313.04886458399415,313.04886458399415,313.05664912499196,314.0487180420023,314.0487180420023,314.3246364999941,v,1,0.27157737499510404,None,,,,,2,001,2025-10-02_17h33.16.260,motor sequence learning,,2025.1.1,None,2025-10-02 17h33.26.653033 +0530,
50,c,134,2,33,c,1,0.296696208009962,None,33,2,134,2,,,,,314.33297049999237,,314.32506383399596,314.33297049999237,315.3237729169923,315.3237729169923,315.3237729169923,315.3237729169923,315.3237729169923,316.3235605840018,316.3235605840018,316.6250381669961,c,1,0.296696208009962,None,,,,,2,001,2025-10-02_17h33.16.260,motor sequence learning,,2025.1.1,None,2025-10-02 17h33.26.653033 +0530,
-150,z,135,3,33,z,1,0.31333849899237975,None,33,3,135,3,,,,,316.63398787500046,,316.6254064169916,316.63398787500046,317.62586274999194,317.62586274999194,317.62586274999194,317.62586274999194,317.62586274999194,318.62394237499393,318.62394237499393,318.93899837500066,z,1,0.31333849899237975,None,,,,,2,001,2025-10-02_17h33.16.260,motor sequence learning,,2025.1.1,None,2025-10-02 17h33.26.653033 +0530,
-50,x,136,0,34,x,1,0.4681047500052955,None,34,0,136,0,,,,,318.9500800419919,,318.93932591700286,318.9500800419919,319.9319589999941,319.9319589999941,319.9319589999941,319.9319589999941,319.9503134589904,320.93301404199156,320.93301404199156,321.4073139589891,x,1,0.4681047500052955,None,,,,,2,001,2025-10-02_17h33.16.260,motor sequence learning,,2025.1.1,None,2025-10-02 17h33.26.653033 +0530,
150,v,137,1,34,v,1,0.31043679200229235,None,34,1,137,1,,,,,321.41535379199195,,321.4076435839961,321.41535379199195,322.4079244589957,322.4079244589957,322.4079244589957,322.4079244589957,322.4079244589957,323.40757362499426,323.40757362499426,323.7227010420029,v,1,0.31043679200229235,None,,,,,2,001,2025-10-02_17h33.16.260,motor sequence learning,,2025.1.1,None,2025-10-02 17h33.26.653033 +0530,
50,c,138,2,34,c,1,0.2588421240070602,None,34,2,138,2,,,,,323.73197824999806,,323.7231290839991,323.73197824999806,324.7240302919963,324.7240302919963,324.7240302919963,324.7240302919963,324.7240302919963,325.7160880839947,325.7160880839947,325.9845712919923,c,1,0.2588421240070602,None,,,,,2,001,2025-10-02_17h33.16.260,motor sequence learning,,2025.1.1,None,2025-10-02 17h33.26.653033 +0530,
-150,z,139,3,34,z,1,0.4288342919899151,None,34,3,139,3,,,,,325.9932822499977,,325.9850293749914,325.9932822499977,326.9831850420014,326.9831850420014,326.9831850420014,326.9831850420014,326.990932708999,327.9821529589972,327.9821529589972,328.4169244169898,z,1,0.4288342919899151,None,,,,,2,001,2025-10-02_17h33.16.260,motor sequence learning,,2025.1.1,None,2025-10-02 17h33.26.653033 +0530,
-50,x,140,0,35,x,1,0.3693808749958407,None,35,0,140,0,,,,,328.4222820839932,,328.41734716699284,328.4222820839932,329.40919904199836,329.40919904199836,329.40919904199836,329.40919904199836,329.41673812500085,330.40743783400103,330.40743783400103,330.7846072090033,x,1,0.3693808749958407,None,,,,,2,001,2025-10-02_17h33.16.260,motor sequence learning,,2025.1.1,None,2025-10-02 17h33.26.653033 +0530,
150,v,141,1,35,v,1,0.2747562080039643,None,35,1,141,1,,,,,330.79267908399925,,330.78495112499513,330.79267908399925,331.7759658339928,331.7759658339928,331.7759658339928,331.7759658339928,331.7834544169891,332.7830413749907,332.7830413749907,333.0668045420025,v,1,0.2747562080039643,None,,,,,2,001,2025-10-02_17h33.16.260,motor sequence learning,,2025.1.1,None,2025-10-02 17h33.26.653033 +0530,
50,c,142,2,35,c,1,0.32189183300943114,None,35,2,142,2,,,,,333.07480649999343,,333.0671928340016,333.07480649999343,334.05884816699836,334.05884816699836,334.05884816699836,334.05884816699836,334.06623595899146,335.05796970899974,335.05796970899974,335.3842540839978,c,1,0.32189183300943114,None,,,,,2,001,2025-10-02_17h33.16.260,motor sequence learning,,2025.1.1,None,2025-10-02 17h33.26.653033 +0530,
-150,z,143,3,35,z,1,0.2832737080025254,None,35,3,143,3,,,,,335.39179054199485,,335.3846209589974,335.39179054199485,336.3763064999948,336.3763064999948,336.3763064999948,336.3763064999948,336.38390712499677,337.3833724169963,337.3833724169963,337.66827475000173,z,1,0.2832737080025254,None,,,,,2,001,2025-10-02_17h33.16.260,motor sequence learning,,2025.1.1,None,2025-10-02 17h33.26.653033 +0530,
-50,x,144,0,36,x,1,0.32727491699915845,None,36,0,144,0,,,,,337.67690179200144,,337.66880179199507,337.67690179200144,338.66543850000016,338.66543850000016,338.66543850000016,338.66543850000016,338.6729623339925,339.6654594169959,339.6654594169959,340.0011984169978,x,1,0.32727491699915845,None,,,,,2,001,2025-10-02_17h33.16.260,motor sequence learning,,2025.1.1,None,2025-10-02 17h33.26.653033 +0530,
150,v,145,1,36,v,1,0.43563358300889377,None,36,1,145,1,,,,,340.01005366699246,,340.0016118749918,340.01005366699246,340.9997950419929,340.9997950419929,340.9997950419929,340.9997950419929,341.00744204199873,341.99991112499265,341.99991112499265,342.43995491699025,v,1,0.43563358300889377,None,,,,,2,001,2025-10-02_17h33.16.260,motor sequence learning,,2025.1.1,None,2025-10-02 17h33.26.653033 +0530,
50,c,146,2,36,c,1,0.28915787499863654,None,36,2,146,2,,,,,342.4486999169894,,342.4403076250019,342.4486999169894,343.4332770839974,343.4332770839974,343.4332770839974,343.4332770839974,343.4408722090011,344.44057016698935,344.44057016698935,344.73397937499976,c,1,0.28915787499863654,None,,,,,2,001,2025-10-02_17h33.16.260,motor sequence learning,,2025.1.1,None,2025-10-02 17h33.26.653033 +0530,
-150,z,147,3,36,z,1,0.2742998330068076,None,36,3,147,3,,,,,344.7385301250033,,344.7343179169984,344.7385301250033,345.72438949999923,345.72438949999923,345.72438949999923,345.72438949999923,345.7320945419924,346.73326837499917,346.73326837499917,347.0174573749973,z,1,0.2742998330068076,None,,,,,2,001,2025-10-02_17h33.16.260,motor sequence learning,,2025.1.1,None,2025-10-02 17h33.26.653033 +0530,
-50,x,148,0,37,x,1,0.3406876660010312,None,37,0,148,0,,,,,347.02603187499335,,347.0178853749967,347.02603187499335,348.0090989169985,348.0090989169985,348.0090989169985,348.0090989169985,348.01667770899076,349.00786033399345,349.00786033399345,349.3514928749937,x,1,0.3406876660010312,None,,,,,2,001,2025-10-02_17h33.16.260,motor sequence learning,,2025.1.1,None,2025-10-02 17h33.26.653033 +0530,
150,v,149,1,37,v,1,0.2726392080076039,None,37,1,149,1,,,,,349.36047695900197,,349.35196362499846,349.36047695900197,350.35912441699475,350.35912441699475,350.35912441699475,350.35912441699475,350.35912441699475,351.3488113749918,351.3488113749918,351.62558616699243,v,1,0.2726392080076039,None,,,,,2,001,2025-10-02_17h33.16.260,motor sequence learning,,2025.1.1,None,2025-10-02 17h33.26.653033 +0530,
50,c,150,2,37,c,1,0.2823158749961294,None,37,2,150,2,,,,,351.6500272919948,,351.62605166700087,351.6500272919948,352.6259355840011,352.6259355840011,352.6259355840011,352.6259355840011,352.63991862499097,353.6240364999976,353.6240364999976,353.9074639169994,c,1,0.2823158749961294,None,,,,,2,001,2025-10-02_17h33.16.260,motor sequence learning,,2025.1.1,None,2025-10-02 17h33.26.653033 +0530,
-150,z,151,3,37,z,1,0.2423284579999745,None,37,3,151,3,,,,,353.91694499998994,,353.9078940420004,353.91694499998994,354.89887158399506,354.89887158399506,354.89887158399506,354.89887158399506,354.9168747090007,355.8989042920002,355.8989042920002,356.1500812089944,z,1,0.2423284579999745,None,,,,,2,001,2025-10-02_17h33.16.260,motor sequence learning,,2025.1.1,None,2025-10-02 17h33.26.653033 +0530,
-50,x,152,0,38,x,1,0.3208804999885615,None,38,0,152,0,,,,,356.1580836249923,,356.1505287089967,356.1580836249923,357.14271420899604,357.14271420899604,357.14271420899604,357.14271420899604,357.15012404198933,358.13945012500335,358.13945012500335,358.46784170900355,x,1,0.3208804999885615,None,,,,,2,001,2025-10-02_17h33.16.260,motor sequence learning,,2025.1.1,None,2025-10-02 17h33.26.653033 +0530,
150,v,153,1,38,v,1,0.21894420799799263,None,38,1,153,1,,,,,358.47692783399543,,358.46833358399454,358.47692783399543,359.4666385419987,359.4666385419987,359.4666385419987,359.4666385419987,359.4737655839999,360.46633016699343,360.46633016699343,360.6896193749999,v,1,0.21894420799799263,None,,,,,2,001,2025-10-02_17h33.16.260,motor sequence learning,,2025.1.1,None,2025-10-02 17h33.26.653033 +0530,
50,c,154,2,38,c,1,0.2950642079958925,None,38,2,154,2,,,,,360.69882804199005,,360.6899712919985,360.69882804199005,361.6913467919949,361.6913467919949,361.6913467919949,361.6913467919949,361.6913467919949,362.6831868750014,362.6831868750014,362.9848407919926,c,1,0.2950642079958925,None,,,,,2,001,2025-10-02_17h33.16.260,motor sequence learning,,2025.1.1,None,2025-10-02 17h33.26.653033 +0530,
-150,z,155,3,38,z,1,0.32097762399644125,None,38,3,155,3,,,,,362.9935824169952,,362.9852729999984,362.9935824169952,363.9834046670003,363.9834046670003,363.9834046670003,363.9834046670003,363.9910317920003,364.9992514170008,364.9992514170008,365.3249539590033,z,1,0.32097762399644125,None,,,,,2,001,2025-10-02_17h33.16.260,motor sequence learning,,2025.1.1,None,2025-10-02 17h33.26.653033 +0530,
-50,x,156,0,39,x,1,0.6753994169994257,None,39,0,156,0,,,,,365.33384595900134,,365.3254123749939,365.33384595900134,366.32597566700133,366.32597566700133,366.32597566700133,366.32597566700133,366.32597566700133,367.3237361670035,367.3237361670035,368.00170166700264,x,1,0.6753994169994257,None,,,,,2,001,2025-10-02_17h33.16.260,motor sequence learning,,2025.1.1,None,2025-10-02 17h33.26.653033 +0530,
150,v,157,1,39,v,1,0.273428041007719,None,39,1,157,1,,,,,368.01121204199444,,368.00217408400204,368.01121204199444,368.9989118340018,368.9989118340018,368.9989118340018,368.9989118340018,369.00632870900154,370.00062870899274,370.00062870899274,370.28485108399764,v,1,0.273428041007719,None,,,,,2,001,2025-10-02_17h33.16.260,motor sequence learning,,2025.1.1,None,2025-10-02 17h33.26.653033 +0530,
50,c,158,2,39,c,1,0.2558298329968238,None,39,2,158,2,,,,,370.2936224589939,,370.28528574999655,370.2936224589939,371.2830235000001,371.2830235000001,371.2830235000001,371.2830235000001,371.2907554169942,372.28308266699605,372.28308266699605,372.5412689590012,c,1,0.2558298329968238,None,,,,,2,001,2025-10-02_17h33.16.260,motor sequence learning,,2025.1.1,None,2025-10-02 17h33.26.653033 +0530,
-150,z,159,3,39,z,1,0.5877318330021808,None,39,3,159,3,,,,,372.550475541997,,372.54164462500194,372.550475541997,373.5422230839904,373.5422230839904,373.5422230839904,373.5422230839904,373.5422230839904,374.5322762919968,374.5322762919968,375.123863959001,z,1,0.5877318330021808,None,,,,,2,001,2025-10-02_17h33.16.260,motor sequence learning,,2025.1.1,None,2025-10-02 17h33.26.653033 +0530,
-50,x,160,0,40,x,1,0.5212439160095528,None,40,0,160,0,,,,,375.1321784169995,,375.12420283399115,375.1321784169995,376.1167648749979,376.1167648749979,376.1167648749979,376.1167648749979,376.1242471669975,377.1166997089895,377.1166997089895,377.6408222500031,x,1,0.5212439160095528,None,,,,,2,001,2025-10-02_17h33.16.260,motor sequence learning,,2025.1.1,None,2025-10-02 17h33.26.653033 +0530,
150,v,161,1,40,v,1,0.2593084580003051,None,40,1,161,1,,,,,377.6493904999952,,377.6412500419974,377.6493904999952,378.6410860420001,378.6410860420001,378.6410860420001,378.6410860420001,378.6410860420001,379.6324020000029,379.6324020000029,379.900953666991,v,1,0.2593084580003051,None,,,,,2,001,2025-10-02_17h33.16.260,motor sequence learning,,2025.1.1,None,2025-10-02 17h33.26.653033 +0530,
50,c,162,2,40,c,1,0.2555624579981668,None,40,2,162,2,,,,,379.90801037500205,,379.9013577919977,379.90801037500205,380.89354579200153,380.89354579200153,380.89354579200153,380.89354579200153,380.90464795900334,381.8892777500005,381.8892777500005,382.1517843749898,c,1,0.2555624579981668,None,,,,,2,001,2025-10-02_17h33.16.260,motor sequence learning,,2025.1.1,None,2025-10-02 17h33.26.653033 +0530,
-150,z,163,3,40,z,1,0.26415116600401234,None,40,3,163,3,,,,,382.16039062499476,,382.152211624998,382.16039062499476,383.15012150000257,383.15012150000257,383.15012150000257,383.15012150000257,383.1577922919969,384.14960058400175,384.14960058400175,384.417078708997,z,1,0.26415116600401234,None,,,,,2,001,2025-10-02_17h33.16.260,motor sequence learning,,2025.1.1,None,2025-10-02 17h33.26.653033 +0530,
-50,x,164,0,41,x,1,0.23876866600767244,None,41,0,164,0,,,,,384.4222828339989,,384.41744224999275,384.4222828339989,385.4093984999927,385.4093984999927,385.4093984999927,385.4093984999927,385.4168203750014,386.4078060419997,386.4078060419997,386.6515758339956,x,1,0.23876866600767244,None,,,,,2,001,2025-10-02_17h33.16.260,motor sequence learning,,2025.1.1,None,2025-10-02 17h33.26.653033 +0530,
150,v,165,1,41,v,1,0.2513213330094004,None,41,1,165,1,,,,,386.6612279589899,,386.6520078339963,386.6612279589899,387.6492981249903,387.6492981249903,387.6492981249903,387.6492981249903,387.6565781249956,388.6503255839925,388.6503255839925,388.90539504199114,v,1,0.2513213330094004,None,,,,,2,001,2025-10-02_17h33.16.260,motor sequence learning,,2025.1.1,None,2025-10-02 17h33.26.653033 +0530,
50,c,166,2,41,c,1,0.23410291600157507,None,41,2,166,2,,,,,388.9170578339981,,388.90575725000235,388.9170578339981,389.89904987499176,389.89904987499176,389.89904987499176,389.89904987499176,389.9171668749914,390.90035850000277,390.90035850000277,391.1413282919966,c,1,0.23410291600157507,None,,,,,2,001,2025-10-02_17h33.16.260,motor sequence learning,,2025.1.1,None,2025-10-02 17h33.26.653033 +0530,
-150,z,167,3,41,z,1,0.281110208001337,None,41,3,167,3,,,,,391.15002816700144,,391.1416680419934,391.15002816700144,392.1426302089967,392.1426302089967,392.1426302089967,392.1426302089967,392.1426302089967,393.13241595900035,393.13241595900035,393.41674683400197,z,1,0.281110208001337,None,,,,,2,001,2025-10-02_17h33.16.260,motor sequence learning,,2025.1.1,None,2025-10-02 17h33.26.653033 +0530,
-50,x,168,0,42,x,1,0.29650650000257883,None,42,0,168,0,,,,,393.4215079169953,,393.41714320899337,393.4215079169953,394.4082017089968,394.4082017089968,394.4082017089968,394.4082017089968,394.4157153339911,395.4079593339993,395.4079593339993,395.706108458995,x,1,0.29650650000257883,None,,,,,2,001,2025-10-02_17h33.16.260,motor sequence learning,,2025.1.1,None,2025-10-02 17h33.26.653033 +0530,
150,v,169,1,42,v,1,0.6176662910002051,None,42,1,169,1,,,,,395.7157412499946,,395.7064782499947,395.7157412499946,396.70014662499307,396.70014662499307,396.70014662499307,396.70014662499307,396.70740508400195,397.7006989999936,397.7006989999936,398.3226205839892,v,1,0.6176662910002051,None,,,,,2,001,2025-10-02_17h33.16.260,motor sequence learning,,2025.1.1,None,2025-10-02 17h33.26.653033 +0530,
50,c,170,2,42,c,1,0.3407076250005048,None,42,2,170,2,,,,,398.33242712500214,,398.32298579199414,398.33242712500214,399.31686808400264,399.31686808400264,399.31686808400264,399.31686808400264,399.32312229200033,400.31668020899815,400.31668020899815,400.6676662499958,c,1,0.3407076250005048,None,,,,,2,001,2025-10-02_17h33.16.260,motor sequence learning,,2025.1.1,None,2025-10-02 17h33.26.653033 +0530,
-150,z,171,3,42,z,1,0.29207962499640416,None,42,3,171,3,,,,,400.67563879200316,,400.6680320000014,400.67563879200316,401.6581372090004,401.6581372090004,401.6581372090004,401.6581372090004,401.6656545839942,402.65724537499773,402.65724537499773,402.95169916699524,z,1,0.29207962499640416,None,,,,,2,001,2025-10-02_17h33.16.260,motor sequence learning,,2025.1.1,None,2025-10-02 17h33.26.653033 +0530,
-50,x,172,0,43,x,1,0.28100045800965745,None,43,0,172,0,,,,,402.960824875001,,402.9521317920007,402.960824875001,403.9431655840017,403.9431655840017,403.9431655840017,403.9431655840017,403.9505174169899,404.94936987500114,404.94936987500114,405.23465804199805,x,1,0.28100045800965745,None,,,,,2,001,2025-10-02_17h33.16.260,motor sequence learning,,2025.1.1,None,2025-10-02 17h33.26.653033 +0530,
150,v,173,1,43,v,1,0.31625391599664,None,43,1,173,1,,,,,405.24215504199674,,405.23499720900145,405.24215504199674,406.2264496249991,406.2264496249991,406.2264496249991,406.2264496249991,406.2340311250009,407.22499637499277,407.22499637499277,407.55171291698935,v,1,0.31625391599664,None,,,,,2,001,2025-10-02_17h33.16.260,motor sequence learning,,2025.1.1,None,2025-10-02 17h33.26.653033 +0530,
50,c,174,2,43,c,1,0.3424749999976484,None,43,2,174,2,,,,,407.56082033399434,,407.5521315840015,407.56082033399434,408.55057841699454,408.55057841699454,408.55057841699454,408.55057841699454,408.5579710419988,409.5506630000018,409.5506630000018,409.9003622089949,c,1,0.3424749999976484,None,,,,,2,001,2025-10-02_17h33.16.260,motor sequence learning,,2025.1.1,None,2025-10-02 17h33.26.653033 +0530,
-150,z,175,3,43,z,1,0.46647462400142103,None,43,3,175,3,,,,,409.90942358400207,,409.90077100000053,409.90942358400207,410.893264333994,410.893264333994,410.893264333994,410.893264333994,410.90077649999876,411.89181783399545,411.89181783399545,412.3677249169996,z,1,0.46647462400142103,None,,,,,2,001,2025-10-02_17h33.16.260,motor sequence learning,,2025.1.1,None,2025-10-02 17h33.26.653033 +0530,
-50,x,176,0,44,x,1,0.35906999999133404,None,44,0,176,0,,,,,412.3758922499983,,412.36807620899344,412.3758922499983,413.3576211670006,413.3576211670006,413.3576211670006,413.3576211670006,413.3733568750031,414.3579308749904,414.3579308749904,414.72312349999265,x,1,0.35906999999133404,None,,,,,2,001,2025-10-02_17h33.16.260,motor sequence learning,,2025.1.1,None,2025-10-02 17h33.26.653033 +0530,
150,v,177,1,44,v,1,0.34564783300447743,None,44,1,177,1,,,,,414.73232954199193,,414.7234659999958,414.73232954199193,415.7243239169911,415.7243239169911,415.7243239169911,415.7243239169911,415.7243239169911,416.72229962499114,416.72229962499114,417.07513387499785,v,1,0.34564783300447743,None,,,,,2,001,2025-10-02_17h33.16.260,motor sequence learning,,2025.1.1,None,2025-10-02 17h33.26.653033 +0530,
50,c,178,2,44,c,1,0.3274755830061622,None,44,2,178,2,,,,,417.08395562499936,,417.0755770419928,417.08395562499936,418.0748300419946,418.0748300419946,418.0748300419946,418.0748300419946,418.0748300419946,419.0735206249956,419.0735206249956,419.40713616699213,c,1,0.3274755830061622,None,,,,,2,001,2025-10-02_17h33.16.260,motor sequence learning,,2025.1.1,None,2025-10-02 17h33.26.653033 +0530,
-150,z,179,3,44,z,1,0.2773958329926245,None,44,3,179,3,,,,,419.41565537499264,,419.40748058399186,419.41565537499264,420.39915270899655,420.39915270899655,420.39915270899655,420.39915270899655,420.4067787919921,421.4004368339956,421.4004368339956,421.6850280419894,z,1,0.2773958329926245,None,,,,,2,001,2025-10-02_17h33.16.260,motor sequence learning,,2025.1.1,None,2025-10-02 17h33.26.653033 +0530,
-50,x,180,0,45,x,1,0.26487241600989364,None,45,0,180,0,,,,,421.6929067500023,,421.6853685419919,421.6929067500023,422.68287191700074,422.68287191700074,422.68287191700074,422.68287191700074,422.6912692920014,423.68399420900096,423.68399420900096,423.95060083399585,x,1,0.26487241600989364,None,,,,,2,001,2025-10-02_17h33.16.260,motor sequence learning,,2025.1.1,None,2025-10-02 17h33.26.653033 +0530,
150,v,181,1,45,v,1,0.29117620800388977,None,45,1,181,1,,,,,423.9554664169991,,423.95092845900217,423.9554664169991,424.9427188749978,424.9427188749978,424.9427188749978,424.9427188749978,424.9502924589906,425.94157491700025,425.94157491700025,426.23458733399457,v,1,0.29117620800388977,None,,,,,2,001,2025-10-02_17h33.16.260,motor sequence learning,,2025.1.1,None,2025-10-02 17h33.26.653033 +0530,
50,c,182,2,45,c,1,0.30633249899256043,None,45,2,182,2,,,,,426.2437925839913,,426.2350015839911,426.2437925839913,427.226172374998,427.226172374998,427.226172374998,427.226172374998,427.23356675000105,428.2244526669965,428.2244526669965,428.5348138749978,c,1,0.30633249899256043,None,,,,,2,001,2025-10-02_17h33.16.260,motor sequence learning,,2025.1.1,None,2025-10-02 17h33.26.653033 +0530,
-150,z,183,3,45,z,1,0.2697727080085315,None,45,3,183,3,,,,,428.5423548339895,,428.5351497090014,428.5423548339895,429.5263361249963,429.5263361249963,429.5263361249963,429.5263361249963,429.53373224999814,430.5248448749917,430.5248448749917,430.8003322089935,z,1,0.2697727080085315,None,,,,,2,001,2025-10-02_17h33.16.260,motor sequence learning,,2025.1.1,None,2025-10-02 17h33.26.653033 +0530,
-50,x,184,0,46,x,1,0.4284016250021523,None,46,0,184,0,,,,,430.8081285840017,,430.8006792919914,430.8081285840017,431.79252141699544,431.79252141699544,431.79252141699544,431.79252141699544,431.7997183339903,432.79115124999953,432.79115124999953,433.2243521670025,x,1,0.4284016250021523,None,,,,,2,001,2025-10-02_17h33.16.260,motor sequence learning,,2025.1.1,None,2025-10-02 17h33.26.653033 +0530,
150,v,185,1,46,v,1,0.2997586669953307,None,46,1,185,1,,,,,433.23275583398936,,433.2247037920024,433.23275583398936,434.2249185839901,434.2249185839901,434.2249185839901,434.2249185839901,434.2249185839901,435.2158015839959,435.2158015839959,435.5177133749967,v,1,0.2997586669953307,None,,,,,2,001,2025-10-02_17h33.16.260,motor sequence learning,,2025.1.1,None,2025-10-02 17h33.26.653033 +0530,
50,c,186,2,46,c,1,0.31971825000073295,None,46,2,186,2,,,,,435.52293433400337,,435.5180448339961,435.52293433400337,436.50865120899107,436.50865120899107,436.50865120899107,436.50865120899107,436.5158512920025,437.50783124999725,437.50783124999725,437.8344437499909,c,1,0.31971825000073295,None,,,,,2,001,2025-10-02_17h33.16.260,motor sequence learning,,2025.1.1,None,2025-10-02 17h33.26.653033 +0530,
-150,z,187,3,46,z,1,0.2768330000108108,None,46,3,187,3,,,,,437.84205808400293,,437.83476895900094,437.84205808400293,438.8263108749961,438.8263108749961,438.8263108749961,438.8263108749961,438.83371383399935,439.82459004200064,439.82459004200064,440.1089855839964,z,1,0.2768330000108108,None,,,,,2,001,2025-10-02_17h33.16.260,motor sequence learning,,2025.1.1,None,2025-10-02 17h33.26.653033 +0530,
-50,x,188,0,47,x,1,0.3194821249926463,None,47,0,188,0,,,,,440.118161166989,,440.10942599999544,440.118161166989,441.11002829199424,441.11002829199424,441.11002829199424,441.11002829199424,441.11002829199424,442.1068760420021,442.1068760420021,442.433799624996,x,1,0.3194821249926463,None,,,,,2,001,2025-10-02_17h33.16.260,motor sequence learning,,2025.1.1,None,2025-10-02 17h33.26.653033 +0530,
150,v,189,1,47,v,1,0.3656525410042377,None,47,1,189,1,,,,,442.4420642920013,,442.43420541699743,442.4420642920013,443.4260792089917,443.4260792089917,443.4260792089917,443.4260792089917,443.4334941249981,444.42464050000126,444.42464050000126,444.8014935839892,v,1,0.3656525410042377,None,,,,,2,001,2025-10-02_17h33.16.260,motor sequence learning,,2025.1.1,None,2025-10-02 17h33.26.653033 +0530,
50,c,190,2,47,c,1,0.2869505419948837,None,47,2,190,2,,,,,444.80909441699623,,444.8018756669917,444.80909441699623,445.7929137500032,445.7929137500032,445.7929137500032,445.7929137500032,445.80052416700346,446.7914139589993,446.7914139589993,447.08528570899216,c,1,0.2869505419948837,None,,,,,2,001,2025-10-02_17h33.16.260,motor sequence learning,,2025.1.1,None,2025-10-02 17h33.26.653033 +0530,
-150,z,191,3,47,z,1,0.3124919999972917,None,47,3,191,3,,,,,447.09406350000063,,447.08572691699374,447.09406350000063,448.08261020899226,448.08261020899226,448.08261020899226,448.08261020899226,448.090095749998,449.0837026669906,449.0837026669906,449.40137691699783,z,1,0.3124919999972917,None,,,,,2,001,2025-10-02_17h33.16.260,motor sequence learning,,2025.1.1,None,2025-10-02 17h33.26.653033 +0530,
-50,x,192,0,48,x,1,0.2820828330004588,None,48,0,192,0,,,,,449.409182916992,,449.4018003340025,449.409182916992,450.39206870899943,450.39206870899943,450.39206870899943,450.39206870899943,450.3993052089936,451.4002061670035,451.4002061670035,451.6836174589989,x,1,0.2820828330004588,None,,,,,2,001,2025-10-02_17h33.16.260,motor sequence learning,,2025.1.1,None,2025-10-02 17h33.26.653033 +0530,
150,v,193,1,48,v,1,0.2744755830062786,None,48,1,193,1,,,,,451.6896030839998,,451.6839574170008,451.6896030839998,452.67538074999175,452.67538074999175,452.67538074999175,452.67538074999175,452.68288100000063,453.6747414589918,453.6747414589918,453.95128412499616,v,1,0.2744755830062786,None,,,,,2,001,2025-10-02_17h33.16.260,motor sequence learning,,2025.1.1,None,2025-10-02 17h33.26.653033 +0530,
50,c,194,2,48,c,1,0.268951082995045,None,48,2,194,2,,,,,453.9556512089912,,453.95162687500124,453.9556512089912,454.9422489999997,454.9422489999997,454.9422489999997,454.9422489999997,454.94938808400184,455.9501897500013,455.9501897500013,456.2234716669918,c,1,0.268951082995045,None,,,,,2,001,2025-10-02_17h33.16.260,motor sequence learning,,2025.1.1,None,2025-10-02 17h33.26.653033 +0530,
-150,z,195,3,48,z,1,0.2295071660046233,None,48,3,195,3,,,,,456.2324510420003,,456.2237955839955,456.2324510420003,457.2158733339893,457.2158733339893,457.2158733339893,457.2158733339893,457.2232594590023,458.2176809999946,458.2176809999946,458.45082804199774,z,1,0.2295071660046233,None,,,,,2,001,2025-10-02_17h33.16.260,motor sequence learning,,2025.1.1,None,2025-10-02 17h33.26.653033 +0530,
-50,x,196,0,49,x,1,0.2403794999991078,None,49,0,196,0,,,,,458.455599916997,,458.4511677089904,458.455599916997,459.4425889589911,459.4425889589911,459.4425889589911,459.4425889589911,459.44966366699373,460.4406651669997,460.4406651669997,460.68508045899216,x,1,0.2403794999991078,None,,,,,2,001,2025-10-02_17h33.16.260,motor sequence learning,,2025.1.1,None,2025-10-02 17h33.26.653033 +0530,
150,v,197,1,49,v,1,0.23425195799791254,None,49,1,197,1,,,,,460.6925864169898,,460.68544787500286,460.6925864169898,461.6767000419932,461.6767000419932,461.6767000419932,461.6767000419932,461.68416499999876,462.67474545899313,462.67474545899313,462.91795775000355,v,1,0.23425195799791254,None,,,,,2,001,2025-10-02_17h33.16.260,motor sequence learning,,2025.1.1,None,2025-10-02 17h33.26.653033 +0530,
50,c,198,2,49,c,1,0.46718525000324007,None,49,2,198,2,,,,,462.92619212499994,,462.9184069999901,462.92619212499994,463.9097873749997,463.9097873749997,463.9097873749997,463.9097873749997,463.917326166993,464.9176429999934,464.9176429999934,465.39222595900355,c,1,0.46718525000324007,None,,,,,2,001,2025-10-02_17h33.16.260,motor sequence learning,,2025.1.1,None,2025-10-02 17h33.26.653033 +0530,
-150,z,199,3,49,z,1,0.40769054100383073,None,49,3,199,3,,,,,465.4002111250011,,465.3925642499962,465.4002111250011,466.39336837499286,466.39336837499286,466.39336837499286,466.39336837499286,466.39336837499286,467.39116829200066,467.39116829200066,467.80170454199833,z,1,0.40769054100383073,None,,,,,2,001,2025-10-02_17h33.16.260,motor sequence learning,,2025.1.1,None,2025-10-02 17h33.26.653033 +0530,
150,v,0,0,0,v,1,0.3973252910072915,None,,,,,0,0,0,1,467.82983933399373,,467.82288808400335,467.82983933399373,468.7992497499945,468.7992497499945,468.7992497499945,468.7992497499945,468.82264833399677,469.8003931669955,469.8003931669955,470.2013053749979,,,,,v,1,0.3973252910072915,None,2,001,2025-10-02_17h33.16.260,motor sequence learning,,2025.1.1,None,2025-10-02 17h33.26.653033 +0530,
150,v,1,1,1,v,1,0.4062104159966111,None,,,,,1,1,1,1,470.20576745900325,,470.20166008399974,470.20576745900325,471.19121029200323,471.19121029200323,471.19121029200323,471.19121029200323,471.1992834999983,472.18954466699506,472.18954466699506,472.6013263749919,,,,,v,1,0.4062104159966111,None,2,001,2025-10-02_17h33.16.260,motor sequence learning,,2025.1.1,None,2025-10-02 17h33.26.653033 +0530,
50,c,2,2,0,x,0,0.44339966599363834,None,,,,,0,2,2,2,472.60913441699813,,472.6016973749938,472.60913441699813,473.59237166699313,473.59237166699313,473.59237166699313,473.59237166699313,473.59954466699855,474.60036370900343,474.60036370900343,475.0516607919999,,,,,x,0,0.44339966599363834,None,2,001,2025-10-02_17h33.16.260,motor sequence learning,,2025.1.1,None,2025-10-02 17h33.26.653033 +0530,
-50,x,3,3,0,x,1,0.3607369999954244,None,,,,,0,3,3,0,475.0598722499999,,475.0520242920029,475.0598722499999,476.0494661249977,476.0494661249977,476.0494661249977,476.0494661249977,476.05737033399055,477.0509280839906,477.0509280839906,477.41830345899507,,,,,x,1,0.3607369999954244,None,2,001,2025-10-02_17h33.16.260,motor sequence learning,,2025.1.1,None,2025-10-02 17h33.26.653033 +0530,
150,v,4,4,2,v,1,0.4300619999994524,None,,,,,2,4,4,1,477.4261114169931,,477.4186369999952,477.4261114169931,478.4100617919903,478.4100617919903,478.4100617919903,478.4100617919903,478.4174067499989,479.40650137499324,479.40650137499324,479.8430530839978,,,,,v,1,0.4300619999994524,None,2,001,2025-10-02_17h33.16.260,motor sequence learning,,2025.1.1,None,2025-10-02 17h33.26.653033 +0530,
150,v,5,5,3,v,1,0.3484789580106735,None,,,,,3,5,5,1,479.8514385000017,,479.8434602089983,479.8514385000017,480.84243466699263,480.84243466699263,480.84243466699263,480.84243466699263,480.84243466699263,481.84011912500137,481.84011912500137,482.192006917001,,,,,v,1,0.3484789580106735,None,2,001,2025-10-02_17h33.16.260,motor sequence learning,,2025.1.1,None,2025-10-02 17h33.26.653033 +0530,
-50,x,6,6,1,x,1,0.44357537500036415,None,,,,,1,6,6,0,482.20090808399254,,482.1924338749959,482.20090808399254,483.1934421670012,483.1934421670012,483.1934421670012,483.1934421670012,483.1934421670012,484.19180504199176,484.19180504199176,484.6420381670032,,,,,x,1,0.44357537500036415,None,2,001,2025-10-02_17h33.16.260,motor sequence learning,,2025.1.1,None,2025-10-02 17h33.26.653033 +0530,
-150,z,7,7,0,z,1,0.40327933299704455,None,,,,,0,7,7,3,484.65058970899554,,484.64248783398943,484.65058970899554,485.6418032090005,485.6418032090005,485.6418032090005,485.6418032090005,485.6418032090005,486.64212170899555,486.64212170899555,487.05120212500333,,,,,z,1,0.40327933299704455,None,2,001,2025-10-02_17h33.16.260,motor sequence learning,,2025.1.1,None,2025-10-02 17h33.26.653033 +0530,
-150,z,8,8,1,z,1,0.5826590829965426,None,,,,,1,8,8,3,487.0587241250032,,487.051566833994,487.0587241250032,488.0418025419931,488.0418025419931,488.0418025419931,488.0418025419931,488.04935212500277,489.0417090419942,489.0417090419942,489.63474362499255,,,,,z,1,0.5826590829965426,None,2,001,2025-10-02_17h33.16.260,motor sequence learning,,2025.1.1,None,2025-10-02 17h33.26.653033 +0530,
150,v,9,9,4,v,1,0.3299534169927938,None,,,,,4,9,9,1,489.6432762089971,,489.635226458995,489.6432762089971,490.6337072919996,490.6337072919996,490.6337072919996,490.6337072919996,490.6411812919978,491.6333523749927,491.6333523749927,491.96850920899305,,,,,v,1,0.3299534169927938,None,2,001,2025-10-02_17h33.16.260,motor sequence learning,,2025.1.1,None,2025-10-02 17h33.26.653033 +0530,
50,c,10,10,1,c,1,0.2790515420056181,None,,,,,1,10,10,2,491.9768439999898,,491.96886037499644,491.9768439999898,492.9670697919937,492.9670697919937,492.9670697919937,492.9670697919937,492.9744478339999,493.95819979200314,493.95819979200314,494.24211191700306,,,,,c,1,0.2790515420056181,None,2,001,2025-10-02_17h33.16.260,motor sequence learning,,2025.1.1,None,2025-10-02 17h33.26.653033 +0530,
50,c,11,11,2,v,0,0.3096654170076363,None,,,,,2,11,11,2,494.2506996669981,,494.24247691700293,494.2506996669981,495.24334083400026,495.24334083400026,495.24334083400026,495.24334083400026,495.24334083400026,496.24060495899175,496.24060495899175,496.55669687499176,,,,,v,0,0.3096654170076363,None,2,001,2025-10-02_17h33.16.260,motor sequence learning,,2025.1.1,None,2025-10-02 17h33.26.653033 +0530,
150,v,12,12,5,v,1,0.33146679199126083,None,,,,,5,12,12,1,496.56606083399674,,496.5570271250035,496.56606083399674,497.54935341699456,497.54935341699456,497.54935341699456,497.54935341699456,497.5569736670004,498.5493958339939,498.5493958339939,498.8852866669913,,,,,v,1,0.33146679199126083,None,2,001,2025-10-02_17h33.16.260,motor sequence learning,,2025.1.1,None,2025-10-02 17h33.26.653033 +0530,
50,c,13,13,3,c,1,0.31769758299924433,None,,,,,3,13,13,2,498.8936675839941,,498.88573449999967,498.8936675839941,499.87718179199146,499.87718179199146,499.87718179199146,499.87718179199146,499.8837264169997,500.87547004199587,500.87547004199587,501.2023185839935,,,,,c,1,0.31769758299924433,None,2,001,2025-10-02_17h33.16.260,motor sequence learning,,2025.1.1,None,2025-10-02 17h33.26.653033 +0530,
-50,x,14,14,2,x,1,0.4871805000002496,None,,,,,2,14,14,0,501.2110804589902,,501.2028261249943,501.2110804589902,502.1994186669908,502.1994186669908,502.1994186669908,502.1994186669908,502.2068662090023,503.20089887500217,503.20089887500217,503.6914612499968,,,,,x,1,0.4871805000002496,None,2,001,2025-10-02_17h33.16.260,motor sequence learning,,2025.1.1,None,2025-10-02 17h33.26.653033 +0530,
-150,z,15,15,2,z,1,0.3733858740015421,None,,,,,2,15,15,3,503.6993288340018,,503.6916892089939,503.6993288340018,504.6921538339957,504.6921538339957,504.6921538339957,504.6921538339957,504.6921538339957,505.6907153749926,505.6907153749926,506.0686880419962,,,,,z,1,0.3733858740015421,None,2,001,2025-10-02_17h33.16.260,motor sequence learning,,2025.1.1,None,2025-10-02 17h33.26.653033 +0530,
50,c,16,16,4,c,1,0.3908139169943752,None,,,,,4,16,16,2,506.0773161669931,,506.0691030839953,506.0773161669931,507.06622845899255,507.06622845899255,507.06622845899255,507.06622845899255,507.0736485840025,508.06720287499775,508.06720287499775,508.4685269170004,,,,,c,1,0.3908139169943752,None,2,001,2025-10-02_17h33.16.260,motor sequence learning,,2025.1.1,None,2025-10-02 17h33.26.653033 +0530,
150,v,17,17,6,v,1,0.24219674899359234,None,,,,,6,17,17,1,508.47675179199723,,508.4689668749925,508.47675179199723,509.4670912500005,509.4670912500005,509.4670912500005,509.4670912500005,509.4745774589974,510.4666874999966,510.4666874999966,510.71817849999934,,,,,v,1,0.24219674899359234,None,2,001,2025-10-02_17h33.16.260,motor sequence learning,,2025.1.1,None,2025-10-02 17h33.26.653033 +0530,
-150,z,18,18,3,z,1,0.33793216598860454,None,,,,,3,18,18,3,510.7265444169898,,510.71862679198966,510.7265444169898,511.70962341700215,511.70962341700215,511.70962341700215,511.70962341700215,511.71719154198945,512.7088272919937,512.7088272919937,513.0519990839966,,,,,z,1,0.33793216598860454,None,2,001,2025-10-02_17h33.16.260,motor sequence learning,,2025.1.1,None,2025-10-02 17h33.26.653033 +0530,
150,v,19,19,7,v,1,0.48038104199804366,None,,,,,7,19,19,1,513.0601331669895,,513.0524193339952,513.0601331669895,514.0429957919987,514.0429957919987,514.0429957919987,514.0429957919987,514.050437124999,515.0504737500014,515.0504737500014,515.5350742919982,,,,,v,1,0.48038104199804366,None,2,001,2025-10-02_17h33.16.260,motor sequence learning,,2025.1.1,None,2025-10-02 17h33.26.653033 +0530,
-50,x,20,20,3,z,0,0.3572297909995541,None,,,,,3,20,20,0,515.5438396669924,,515.5354857089987,515.5438396669924,516.5274343749916,516.5274343749916,516.5274343749916,516.5274343749916,516.5349997919984,517.5245972499979,517.5245972499979,517.8852074589959,,,,,z,0,0.3572297909995541,None,2,001,2025-10-02_17h33.16.260,motor sequence learning,,2025.1.1,None,2025-10-02 17h33.26.653033 +0530,
-50,x,21,21,4,x,1,0.5621309999987716,None,,,,,4,21,21,0,517.8934818749985,,517.8856253749982,517.8934818749985,518.8764828339918,518.8764828339918,518.8764828339918,518.8764828339918,518.8841527499899,519.8745273749955,519.8745273749955,520.4406341249996,,,,,x,1,0.5621309999987716,None,2,001,2025-10-02_17h33.16.260,motor sequence learning,,2025.1.1,None,2025-10-02 17h33.26.653033 +0530,
-150,z,22,22,4,z,1,0.46264287500525825,None,,,,,4,22,22,3,520.4494527499919,,520.4409746250021,520.4494527499919,521.4328097919933,521.4328097919933,521.4328097919933,521.4328097919933,521.4403145419928,522.433954209002,522.433954209002,522.9015422090015,,,,,z,1,0.46264287500525825,None,2,001,2025-10-02_17h33.16.260,motor sequence learning,,2025.1.1,None,2025-10-02 17h33.26.653033 +0530,
-50,x,23,23,5,x,1,0.5599032080062898,None,,,,,5,23,23,0,522.9059542500036,,522.9018842499936,522.9059542500036,523.8925167499983,523.8925167499983,523.8925167499983,523.8925167499983,523.8996130839951,524.8916789170034,524.8916789170034,525.4565311249899,,,,,x,1,0.5599032080062898,None,2,001,2025-10-02_17h33.16.260,motor sequence learning,,2025.1.1,None,2025-10-02 17h33.26.653033 +0530,
50,c,24,24,5,c,1,0.4200466670008609,None,,,,,5,24,24,2,525.4663071249961,,525.4568937089934,525.4663071249961,526.4507459169981,526.4507459169981,526.4507459169981,526.4507459169981,526.4583382919955,527.4494538750005,527.4494538750005,527.8753352499916,,,,,c,1,0.4200466670008609,None,2,001,2025-10-02_17h33.16.260,motor sequence learning,,2025.1.1,None,2025-10-02 17h33.26.653033 +0530,
50,c,25,25,6,c,1,0.30730545800179243,None,,,,,6,25,25,2,527.8841910420015,,527.8757800000021,527.8841910420015,528.8747926249926,528.8747926249926,528.8747926249926,528.8747926249926,528.8747926249926,529.875158291994,529.875158291994,530.1851831669919,,,,,c,1,0.30730545800179243,None,2,001,2025-10-02_17h33.16.260,motor sequence learning,,2025.1.1,None,2025-10-02 17h33.26.653033 +0530,
-150,z,26,26,5,z,1,0.528826666995883,None,,,,,5,26,26,3,530.1932794169988,,530.185527374997,530.1932794169988,531.175459584003,531.175459584003,531.175459584003,531.175459584003,531.191385166996,532.1746484589967,532.1746484589967,532.7079044589918,,,,,z,1,0.528826666995883,None,2,001,2025-10-02_17h33.16.260,motor sequence learning,,2025.1.1,None,2025-10-02 17h33.26.653033 +0530,
150,v,27,27,8,c,0,0.3630109999940032,None,,,,,8,27,27,1,532.716846958996,,532.7082888339937,532.716846958996,533.6995977920014,533.6995977920014,533.6995977920014,533.6995977920014,533.7071739999956,534.6994897499972,534.6994897499972,535.0684397089935,,,,,c,0,0.3630109999940032,None,2,001,2025-10-02_17h33.16.260,motor sequence learning,,2025.1.1,None,2025-10-02 17h33.26.653033 +0530,
-150,z,28,28,6,z,1,0.447443541008397,None,,,,,6,28,28,3,535.0767371249967,,535.0688599169953,535.0767371249967,536.060067583996,536.060067583996,536.060067583996,536.060067583996,536.0677083749906,537.0589306249894,537.0589306249894,537.5179375000007,,,,,z,1,0.447443541008397,None,2,001,2025-10-02_17h33.16.260,motor sequence learning,,2025.1.1,None,2025-10-02 17h33.26.653033 +0530,
-150,z,29,29,7,z,1,0.4603852080035722,None,,,,,7,29,29,3,537.5255484590016,,537.5182788749953,537.5255484590016,538.5104565840011,538.5104565840011,538.5104565840011,538.5104565840011,538.5179864169913,539.5178922499908,539.5178922499908,539.9844714999927,,,,,z,1,0.4603852080035722,None,2,001,2025-10-02_17h33.16.260,motor sequence learning,,2025.1.1,None,2025-10-02 17h33.26.653033 +0530,
50,c,30,30,7,c,1,0.5026626659964677,None,,,,,7,30,30,2,539.9948217499914,,539.9850226249982,539.9948217499914,540.975730584003,540.975730584003,540.975730584003,540.975730584003,540.9899405000033,541.9735650419898,541.9735650419898,542.4854147089936,,,,,c,1,0.5026626659964677,None,2,001,2025-10-02_17h33.16.260,motor sequence learning,,2025.1.1,None,2025-10-02 17h33.26.653033 +0530,
50,c,31,31,8,c,1,0.42519208299927413,None,,,,,8,31,31,2,542.4938874590007,,542.4859555839939,542.4938874590007,543.4841647499998,543.4841647499998,543.4841647499998,543.4841647499998,543.4914422089932,544.4739960839943,544.4739960839943,544.9016533749964,,,,,c,1,0.42519208299927413,None,2,001,2025-10-02_17h33.16.260,motor sequence learning,,2025.1.1,None,2025-10-02 17h33.26.653033 +0530,
-50,x,32,32,6,x,1,0.6011397500114981,None,,,,,6,32,32,0,544.9065777919895,,544.9019958749996,544.9065777919895,545.8916259999969,545.8916259999969,545.8916259999969,545.8916259999969,545.8995730000024,546.89001641699,546.89001641699,547.5021982089966,,,,,x,1,0.6011397500114981,None,2,001,2025-10-02_17h33.16.260,motor sequence learning,,2025.1.1,None,2025-10-02 17h33.26.653033 +0530,
150,v,33,33,9,v,1,0.4007122080074623,None,,,,,9,33,33,1,547.5104776249937,,547.5026605419989,547.5104776249937,548.4944769169961,548.4944769169961,548.4944769169961,548.4944769169961,548.5177051670034,549.4995617090026,549.4995617090026,549.9016180000035,,,,,v,1,0.4007122080074623,None,2,001,2025-10-02_17h33.16.260,motor sequence learning,,2025.1.1,None,2025-10-02 17h33.26.653033 +0530,
-50,x,34,34,7,x,1,0.3568859990045894,None,,,,,7,34,34,0,549.9101856670022,,549.9020395839907,549.9101856670022,550.8940765419975,550.8940765419975,550.8940765419975,550.8940765419975,550.9016661249916,551.8911336250021,551.8911336250021,552.2505999169953,,,,,x,1,0.3568859990045894,None,2,001,2025-10-02_17h33.16.260,motor sequence learning,,2025.1.1,None,2025-10-02 17h33.26.653033 +0530,
150,v,35,35,10,v,1,0.3111430409917375,None,,,,,10,35,35,1,552.2550271249929,,552.2509384589939,552.2550271249929,553.2430663749983,553.2430663749983,553.2430663749983,553.2430663749983,553.2504769999941,554.2418024999934,554.2418024999934,554.5598676669906,,,,,v,1,0.3111430409917375,None,2,001,2025-10-02_17h33.16.260,motor sequence learning,,2025.1.1,None,2025-10-02 17h33.26.653033 +0530,
50,c,36,36,9,c,1,0.29489608299627434,None,,,,,9,36,36,2,554.5843409999943,,554.5603092090023,554.5843409999943,555.5604792919912,555.5604792919912,555.5604792919912,555.5604792919912,555.5753006669984,556.5590156669932,556.5590156669932,556.8581298339996,,,,,c,1,0.29489608299627434,None,2,001,2025-10-02_17h33.16.260,motor sequence learning,,2025.1.1,None,2025-10-02 17h33.26.653033 +0530,
150,v,37,37,11,v,1,0.37100191599165555,None,,,,,11,37,37,1,556.8664177500032,,556.8585611669987,556.8664177500032,557.849726542001,557.849726542001,557.849726542001,557.849726542001,557.8572054169927,558.8577724170027,558.8577724170027,559.2352692919958,,,,,v,1,0.37100191599165555,None,2,001,2025-10-02_17h33.16.260,motor sequence learning,,2025.1.1,None,2025-10-02 17h33.26.653033 +0530,
-50,x,38,38,8,x,1,0.43476541599375196,None,,,,,8,38,38,0,559.2429927089979,,559.2356288750016,559.2429927089979,560.2340977919957,560.2340977919957,560.2340977919957,560.2340977919957,560.2417316249921,561.2340377499931,561.2340377499931,561.6744613749906,,,,,x,1,0.43476541599375196,None,2,001,2025-10-02_17h33.16.260,motor sequence learning,,2025.1.1,None,2025-10-02 17h33.26.653033 +0530,
150,v,39,39,12,v,1,0.32755874999566004,None,,,,,12,39,39,1,561.6829460419976,,561.6748027919966,561.6829460419976,562.675688999996,562.675688999996,562.675688999996,562.675688999996,562.675688999996,563.6741004999931,563.6741004999931,564.0088587089995,,,,,v,1,0.32755874999566004,None,2,001,2025-10-02_17h33.16.260,motor sequence learning,,2025.1.1,None,2025-10-02 17h33.26.653033 +0530,
50,c,40,40,10,c,1,0.37144666598760523,None,,,,,10,40,40,2,564.0170003749954,,564.0092014169932,564.0170003749954,565.0090478339989,565.0090478339989,565.0090478339989,565.0090478339989,565.0090478339989,566.0083802500012,566.0083802500012,566.3845469590015,,,,,c,1,0.37144666598760523,None,2,001,2025-10-02_17h33.16.260,motor sequence learning,,2025.1.1,None,2025-10-02 17h33.26.653033 +0530,
50,c,41,41,11,c,1,0.37389304100361187,None,,,,,11,41,41,2,566.3946143339999,,566.3850308339897,566.3946143339999,567.3771956249984,567.3771956249984,567.3771956249984,567.3771956249984,567.38466625,568.3738299999968,568.3738299999968,568.7523414589959,,,,,c,1,0.37389304100361187,None,2,001,2025-10-02_17h33.16.260,motor sequence learning,,2025.1.1,None,2025-10-02 17h33.26.653033 +0530,
50,c,42,42,12,c,1,0.3102119999966817,None,,,,,12,42,42,2,568.7607141670014,,568.7527768339933,568.7607141670014,569.7435465000017,569.7435465000017,569.7435465000017,569.7435465000017,569.7509891249938,570.7513766249904,570.7513766249904,571.0691237919964,,,,,c,1,0.3102119999966817,None,2,001,2025-10-02_17h33.16.260,motor sequence learning,,2025.1.1,None,2025-10-02 17h33.26.653033 +0530,
-150,z,43,43,8,z,1,0.46903291599301156,None,,,,,8,43,43,3,571.0772134169965,,571.069492124996,571.0772134169965,572.0607739169936,572.0607739169936,572.0607739169936,572.0607739169936,572.0683420419955,573.0663822920033,573.0663822920033,573.5414588749991,,,,,z,1,0.46903291599301156,None,2,001,2025-10-02_17h33.16.260,motor sequence learning,,2025.1.1,None,2025-10-02 17h33.26.653033 +0530,
-50,x,44,44,9,x,1,0.4295277490018634,None,,,,,9,44,44,0,573.5502227089892,,573.5418840839993,573.5502227089892,574.5339741249918,574.5339741249918,574.5339741249918,574.5339741249918,574.5413929589995,575.533016166999,575.533016166999,575.9685818750004,,,,,x,1,0.4295277490018634,None,2,001,2025-10-02_17h33.16.260,motor sequence learning,,2025.1.1,None,2025-10-02 17h33.26.653033 +0530,
-50,x,45,45,10,x,1,0.32587570800387766,None,,,,,10,45,45,0,575.975276541998,,575.9688037500018,575.975276541998,576.9675798340031,576.9675798340031,576.9675798340031,576.9675798340031,576.9750600839907,577.9675431249925,577.9675431249925,578.3020780840016,,,,,x,1,0.32587570800387766,None,2,001,2025-10-02_17h33.16.260,motor sequence learning,,2025.1.1,None,2025-10-02 17h33.26.653033 +0530,
-150,z,46,46,9,z,1,0.5365627490100451,None,,,,,9,46,46,3,578.3105505839922,,578.3024909169908,578.3105505839922,579.3009545840032,579.3009545840032,579.3009545840032,579.3009545840032,579.3085997089947,580.300803459002,580.300803459002,580.8430318750034,,,,,z,1,0.5365627490100451,None,2,001,2025-10-02_17h33.16.260,motor sequence learning,,2025.1.1,None,2025-10-02 17h33.26.653033 +0530,
50,c,47,47,13,v,0,0.39463275000161957,None,,,,,13,47,47,2,580.8520065420016,,580.8436327919917,580.8520065420016,581.8430315839942,581.8430315839942,581.8430315839942,581.8430315839942,581.8508381249994,582.8405524169939,582.8405524169939,583.2407697919989,,,,,v,0,0.39463275000161957,None,2,001,2025-10-02_17h33.16.260,motor sequence learning,,2025.1.1,None,2025-10-02 17h33.26.653033 +0530,
150,v,48,48,13,v,1,0.30757616700429935,None,,,,,13,48,48,1,583.2498196669912,,583.2412270420027,583.2498196669912,584.2348912089947,584.2348912089947,584.2348912089947,584.2348912089947,584.2420484169998,585.2346504169982,585.2346504169982,585.5511067920015,,,,,v,1,0.30757616700429935,None,2,001,2025-10-02_17h33.16.260,motor sequence learning,,2025.1.1,None,2025-10-02 17h33.26.653033 +0530,
150,v,49,49,14,v,1,0.39097520800714847,None,,,,,14,49,49,1,585.5595620419917,,585.5515569999989,585.5595620419917,586.5435627919942,586.5435627919942,586.5435627919942,586.5435627919942,586.5510695419944,587.5422622920014,587.5422622920014,587.9356229999976,,,,,v,1,0.39097520800714847,None,2,001,2025-10-02_17h33.16.260,motor sequence learning,,2025.1.1,None,2025-10-02 17h33.26.653033 +0530,
50,c,50,50,14,c,1,0.3371170419995906,None,,,,,14,50,50,2,587.944763749998,,587.9360679169913,587.944763749998,588.933204874993,588.933204874993,588.933204874993,588.933204874993,588.9407378339965,589.9330669999908,589.9330669999908,590.275839666996,,,,,c,1,0.3371170419995906,None,2,001,2025-10-02_17h33.16.260,motor sequence learning,,2025.1.1,None,2025-10-02 17h33.26.653033 +0530,
-50,x,51,51,11,x,1,0.3592640830029268,None,,,,,11,51,51,0,590.2846454169921,,590.276296541997,590.2846454169921,591.2777911250014,591.2777911250014,591.2777911250014,591.2777911250014,591.2777911250014,592.2757114999986,592.2757114999986,592.644554708997,,,,,x,1,0.3592640830029268,None,2,001,2025-10-02_17h33.16.260,motor sequence learning,,2025.1.1,None,2025-10-02 17h33.26.653033 +0530,
-150,z,52,52,10,z,1,0.5275603329937439,None,,,,,10,52,52,3,592.6496261249995,,592.6448115419917,592.6496261249995,593.6432505419943,593.6432505419943,593.6432505419943,593.6432505419943,593.6432505419943,594.6414812919975,594.6414812919975,595.17350429199,,,,,z,1,0.5275603329937439,None,2,001,2025-10-02_17h33.16.260,motor sequence learning,,2025.1.1,None,2025-10-02 17h33.26.653033 +0530,
-50,x,53,53,12,z,0,0.33253429099568166,None,,,,,12,53,53,0,595.1830718749989,,595.173944958995,595.1830718749989,596.1676067499939,596.1676067499939,596.1676067499939,596.1676067499939,596.175444499997,597.1664714999933,597.1664714999933,597.5018116669962,,,,,z,0,0.33253429099568166,None,2,001,2025-10-02_17h33.16.260,motor sequence learning,,2025.1.1,None,2025-10-02 17h33.26.653033 +0530,
50,c,54,54,15,c,1,0.38884349999716505,None,,,,,15,54,54,2,597.5064537089929,,597.5021644169901,597.5064537089929,598.4943409999978,598.4943409999978,598.4943409999978,598.4943409999978,598.502132374997,599.4909837919986,599.4909837919986,599.8855139590014,,,,,c,1,0.38884349999716505,None,2,001,2025-10-02_17h33.16.260,motor sequence learning,,2025.1.1,None,2025-10-02 17h33.26.653033 +0530,
50,c,55,55,16,c,1,0.4433267499989597,None,,,,,16,55,55,2,599.8944909589918,,599.8860463750025,599.8944909589918,600.8844645839999,600.8844645839999,600.8844645839999,600.8844645839999,600.8920853750024,601.8835046250024,601.8835046250024,602.3353834169975,,,,,c,1,0.4433267499989597,None,2,001,2025-10-02_17h33.16.260,motor sequence learning,,2025.1.1,None,2025-10-02 17h33.26.653033 +0530,
-50,x,56,56,13,x,1,0.6522389580059098,None,,,,,13,56,56,0,602.3433679169975,,602.335744875003,602.3433679169975,603.3268933749932,603.3268933749932,603.3268933749932,603.3268933749932,603.3343089169939,604.325596249997,604.325596249997,604.9855940419948,,,,,x,1,0.6522389580059098,None,2,001,2025-10-02_17h33.16.260,motor sequence learning,,2025.1.1,None,2025-10-02 17h33.26.653033 +0530,
-150,z,57,57,11,z,1,0.4582339159969706,None,,,,,11,57,57,3,604.9933617920033,,604.9858620419982,604.9933617920033,605.9778134590015,605.9778134590015,605.9778134590015,605.9778134590015,606.0014044999989,606.9755593750015,606.9755593750015,607.4358240839938,,,,,z,1,0.4582339159969706,None,2,001,2025-10-02_17h33.16.260,motor sequence learning,,2025.1.1,None,2025-10-02 17h33.26.653033 +0530,
50,c,58,58,17,c,1,0.5930891250027344,None,,,,,17,58,58,2,607.4446991669975,,607.4362778749928,607.4446991669975,608.4332503339974,608.4332503339974,608.4332503339974,608.4332503339974,608.4409643339895,609.4345348339994,609.4345348339994,610.0356147919956,,,,,c,1,0.5930891250027344,None,2,001,2025-10-02_17h33.16.260,motor sequence learning,,2025.1.1,None,2025-10-02 17h33.26.653033 +0530,
150,v,59,59,15,v,1,0.3661427500046557,None,,,,,15,59,59,1,610.0438632500009,,610.036049916991,610.0438632500009,611.0267234170024,611.0267234170024,611.0267234170024,611.0267234170024,611.0332289590006,612.0345206670027,612.0345206670027,612.402250500003,,,,,v,1,0.3661427500046557,None,2,001,2025-10-02_17h33.16.260,motor sequence learning,,2025.1.1,None,2025-10-02 17h33.26.653033 +0530,
50,c,60,60,18,c,1,0.32251937499677297,None,,,,,18,60,60,2,612.4117698339978,,612.4027039170032,612.4117698339978,613.3999539590004,613.3999539590004,613.3999539590004,613.3999539590004,613.4073676669941,614.4009900419915,614.4009900419915,614.735657666999,,,,,c,1,0.32251937499677297,None,2,001,2025-10-02_17h33.16.260,motor sequence learning,,2025.1.1,None,2025-10-02 17h33.26.653033 +0530,
-50,x,61,61,14,x,1,0.36926924900035374,None,,,,,14,61,61,0,614.7444378340006,,614.7361011250032,614.7444378340006,615.7342532499897,615.7342532499897,615.7342532499897,615.7342532499897,615.7418808340008,616.7342930000013,616.7342930000013,617.1088222499966,,,,,x,1,0.36926924900035374,None,2,001,2025-10-02_17h33.16.260,motor sequence learning,,2025.1.1,None,2025-10-02 17h33.26.653033 +0530,
50,c,62,62,19,c,1,0.3455759580101585,None,,,,,19,62,62,2,617.1170732089959,,617.1092056670022,617.1170732089959,618.109379417001,618.109379417001,618.109379417001,618.109379417001,618.109379417001,619.1079024999926,619.1079024999926,619.458313583993,,,,,c,1,0.3455759580101585,None,2,001,2025-10-02_17h33.16.260,motor sequence learning,,2025.1.1,None,2025-10-02 17h33.26.653033 +0530,
-50,x,63,63,15,x,1,0.3680281249980908,None,,,,,15,63,63,0,619.467009,,619.4587662089907,619.467009,620.4600254999968,620.4600254999968,620.4600254999968,620.4600254999968,620.4600254999968,621.4594022090023,621.4594022090023,621.836036416993,,,,,x,1,0.3680281249980908,None,2,001,2025-10-02_17h33.16.260,motor sequence learning,,2025.1.1,None,2025-10-02 17h33.26.653033 +0530,
-150,z,64,64,12,z,1,0.3756346659938572,None,,,,,12,64,64,3,621.844906208993,,621.8364699999947,621.844906208993,622.8332965000009,622.8332965000009,622.8332965000009,622.8332965000009,622.8400575419946,623.8347350419936,623.8347350419936,624.2188620840025,,,,,z,1,0.3756346659938572,None,2,001,2025-10-02_17h33.16.260,motor sequence learning,,2025.1.1,None,2025-10-02 17h33.26.653033 +0530,
150,v,65,65,16,v,1,0.4123232080019079,None,,,,,16,65,65,1,624.227336875003,,624.219293874994,624.227336875003,625.2106913750031,625.2106913750031,625.2106913750031,625.2106913750031,625.2179902089993,626.2180615419929,626.2180615419929,626.6359958340036,,,,,v,1,0.4123232080019079,None,2,001,2025-10-02_17h33.16.260,motor sequence learning,,2025.1.1,None,2025-10-02 17h33.26.653033 +0530,
50,c,66,66,20,c,1,0.4128201249986887,None,,,,,20,66,66,2,626.645564749997,,626.6365036670031,626.645564749997,627.633591958991,627.633591958991,627.633591958991,627.633591958991,627.6415307089919,628.6333395419933,628.6333395419933,629.0521072089905,,,,,c,1,0.4128201249986887,None,2,001,2025-10-02_17h33.16.260,motor sequence learning,,2025.1.1,None,2025-10-02 17h33.26.653033 +0530,
50,c,67,67,21,v,0,0.3773890829907032,None,,,,,21,67,67,2,629.0602764170035,,629.0525214590016,629.0602764170035,630.0439540419902,630.0439540419902,630.0439540419902,630.0439540419902,630.0513044999971,631.0507430419966,631.0507430419966,631.4351694999932,,,,,v,0,0.3773890829907032,None,2,001,2025-10-02_17h33.16.260,motor sequence learning,,2025.1.1,None,2025-10-02 17h33.26.653033 +0530,
-150,z,68,68,13,z,1,0.6777265829878161,None,,,,,13,68,68,3,631.4429335419991,,631.4355482919927,631.4429335419991,632.425842874989,632.425842874989,632.425842874989,632.425842874989,632.4332445839973,633.434394750002,633.434394750002,634.118449542002,,,,,z,1,0.6777265829878161,None,2,001,2025-10-02_17h33.16.260,motor sequence learning,,2025.1.1,None,2025-10-02 17h33.26.653033 +0530,
-50,x,69,69,16,x,1,0.35002733299916144,None,,,,,16,69,69,0,634.1230953339982,,634.1187789999967,634.1230953339982,635.1095451250003,635.1095451250003,635.1095451250003,635.1095451250003,635.1166824999964,636.1090300840006,636.1090300840006,636.468860583991,,,,,x,1,0.35002733299916144,None,2,001,2025-10-02_17h33.16.260,motor sequence learning,,2025.1.1,None,2025-10-02 17h33.26.653033 +0530,
-50,x,70,70,17,x,1,0.45770020798954647,None,,,,,17,70,70,0,636.4771062090003,,636.4693134169938,636.4771062090003,637.4669317919906,637.4669317919906,637.4669317919906,637.4669317919906,637.4745984170004,638.4582907919976,638.4582907919976,638.9177762499894,,,,,x,1,0.45770020798954647,None,2,001,2025-10-02_17h33.16.260,motor sequence learning,,2025.1.1,None,2025-10-02 17h33.26.653033 +0530,
-150,z,71,71,14,z,1,0.4479996250011027,None,,,,,14,71,71,3,638.9221182089968,,638.9181184170011,638.9221182089968,639.9082729590009,639.9082729590009,639.9082729590009,639.9082729590009,639.9177053339954,640.9090352089988,640.9090352089988,641.3597441250022,,,,,z,1,0.4479996250011027,None,2,001,2025-10-02_17h33.16.260,motor sequence learning,,2025.1.1,None,2025-10-02 17h33.26.653033 +0530,
150,v,72,72,17,v,1,0.40874262400029693,None,,,,,17,72,72,1,641.366862875002,,641.3600974169967,641.366862875002,642.3605417090002,642.3605417090002,642.3605417090002,642.3605417090002,642.3605417090002,643.3587139589945,643.3587139589945,643.777250166997,,,,,v,1,0.40874262400029693,None,2,001,2025-10-02_17h33.16.260,motor sequence learning,,2025.1.1,None,2025-10-02 17h33.26.653033 +0530,
-50,x,73,73,18,x,1,0.4042316240083892,None,,,,,18,73,73,0,643.7832666250033,,643.7776111669955,643.7832666250033,644.7766153749981,644.7766153749981,644.7766153749981,644.7766153749981,644.7766153749981,645.7745818339899,645.7745818339899,646.1856152499968,,,,,x,1,0.4042316240083892,None,2,001,2025-10-02_17h33.16.260,motor sequence learning,,2025.1.1,None,2025-10-02 17h33.26.653033 +0530,
50,c,74,74,22,c,1,0.3030936249997467,None,,,,,22,74,74,2,646.1935519169929,,646.1859906669997,646.1935519169929,647.1775681250001,647.1775681250001,647.1775681250001,647.1775681250001,647.1851343339949,648.1836432499986,648.1836432499986,648.4916781249922,,,,,c,1,0.3030936249997467,None,2,001,2025-10-02_17h33.16.260,motor sequence learning,,2025.1.1,None,2025-10-02 17h33.26.653033 +0530,
-50,x,75,75,19,x,1,0.3550109999923734,None,,,,,19,75,75,0,648.5003648339916,,648.4921271670028,648.5003648339916,649.4926262919907,649.4926262919907,649.4926262919907,649.4926262919907,649.4926262919907,650.4836875839974,650.4836875839974,650.8398477500014,,,,,x,1,0.3550109999923734,None,2,001,2025-10-02_17h33.16.260,motor sequence learning,,2025.1.1,None,2025-10-02 17h33.26.653033 +0530,
150,v,76,76,18,v,1,0.3332822079973994,None,,,,,18,76,76,1,650.8510260839976,,650.840294499998,650.8510260839976,651.8333724169934,651.8333724169934,651.8333724169934,651.8333724169934,651.8410442500026,652.8344403749943,652.8344403749943,653.1690550420026,,,,,v,1,0.3332822079973994,None,2,001,2025-10-02_17h33.16.260,motor sequence learning,,2025.1.1,None,2025-10-02 17h33.26.653033 +0530,
50,c,77,77,23,c,1,0.3625830829987535,None,,,,,23,77,77,2,653.1773894999933,,653.169475333998,653.1773894999933,654.1672832920012,654.1672832920012,654.1672832920012,654.1672832920012,654.1748810839927,655.167092417003,655.167092417003,655.535500500002,,,,,c,1,0.3625830829987535,None,2,001,2025-10-02_17h33.16.260,motor sequence learning,,2025.1.1,None,2025-10-02 17h33.26.653033 +0530,
150,v,78,78,19,v,1,0.46426558299572207,None,,,,,19,78,78,1,655.5437979589915,,655.5359623749973,655.5437979589915,656.52643558399,656.52643558399,656.52643558399,656.52643558399,656.5335685419996,657.5254060419975,657.5254060419975,657.9929164170026,,,,,v,1,0.46426558299572207,None,2,001,2025-10-02_17h33.16.260,motor sequence learning,,2025.1.1,None,2025-10-02 17h33.26.653033 +0530,
-50,x,79,79,20,x,1,0.3189874580129981,None,,,,,20,79,79,0,658.0018555839924,,657.9933471669938,658.0018555839924,658.9940652919904,658.9940652919904,658.9940652919904,658.9940652919904,658.9940652919904,659.9925242919999,659.9925242919999,660.3192956249986,,,,,x,1,0.3189874580129981,None,2,001,2025-10-02_17h33.16.260,motor sequence learning,,2025.1.1,None,2025-10-02 17h33.26.653033 +0530,
-150,z,80,80,15,z,1,0.3425880419963505,None,,,,,15,80,80,3,660.3270469999989,,660.3197479169903,660.3270469999989,661.3105459590006,661.3105459590006,661.3105459590006,661.3105459590006,661.317967666997,662.3169247089972,662.3169247089972,662.6679606249963,,,,,z,1,0.3425880419963505,None,2,001,2025-10-02_17h33.16.260,motor sequence learning,,2025.1.1,None,2025-10-02 17h33.26.653033 +0530,
-150,z,81,81,16,z,1,0.3965058749890886,None,,,,,16,81,81,3,662.6772019999917,,662.6683757089922,662.6772019999917,663.6604738339956,663.6604738339956,663.6604738339956,663.6604738339956,663.6678904169967,664.658858166993,664.658858166993,665.0693822089961,,,,,z,1,0.3965058749890886,None,2,001,2025-10-02_17h33.16.260,motor sequence learning,,2025.1.1,None,2025-10-02 17h33.26.653033 +0530,
-50,x,82,82,21,x,1,0.4136050829984015,None,,,,,21,82,82,0,665.078303916991,,665.0698248749977,665.078303916991,666.0666988339945,666.0666988339945,666.0666988339945,666.0666988339945,666.0741423750005,667.0668151669961,667.0668151669961,667.4841464999918,,,,,x,1,0.4136050829984015,None,2,001,2025-10-02_17h33.16.260,motor sequence learning,,2025.1.1,None,2025-10-02 17h33.26.653033 +0530,
-150,z,83,83,17,z,1,0.4826472080021631,None,,,,,17,83,83,3,667.4888905419939,,667.4845103339903,667.4888905419939,668.4766358339984,668.4766358339984,668.4766358339984,668.4766358339984,668.4839620419953,669.4757347089908,669.4757347089908,669.9692788749962,,,,,z,1,0.4826472080021631,None,2,001,2025-10-02_17h33.16.260,motor sequence learning,,2025.1.1,None,2025-10-02 17h33.26.653033 +0530,
50,c,84,84,24,c,1,0.437522958003683,None,,,,,24,84,84,2,669.977229208991,,669.9697036669968,669.977229208991,670.9670625419967,670.9670625419967,670.9670625419967,670.9670625419967,670.9728317919944,671.9678130419925,671.9678130419925,672.407321791994,,,,,c,1,0.437522958003683,None,2,001,2025-10-02_17h33.16.260,motor sequence learning,,2025.1.1,None,2025-10-02 17h33.26.653033 +0530,
-50,x,85,85,22,z,0,0.34499370800040197,None,,,,,22,85,85,0,672.4178272919962,,672.4076850419951,672.4178272919962,673.4007310419984,673.4007310419984,673.4007310419984,673.4007310419984,673.4083066250023,674.401182333997,674.401182333997,674.7521984999912,,,,,z,0,0.34499370800040197,None,2,001,2025-10-02_17h33.16.260,motor sequence learning,,2025.1.1,None,2025-10-02 17h33.26.653033 +0530,
-50,x,86,86,23,x,1,0.43625649900059216,None,,,,,23,86,86,0,674.7569214999967,,674.7525997499906,674.7569214999967,675.7430424170016,675.7430424170016,675.7430424170016,675.7430424170016,675.7502299589978,676.7509374590009,676.7509374590009,677.1918620840006,,,,,x,1,0.43625649900059216,None,2,001,2025-10-02_17h33.16.260,motor sequence learning,,2025.1.1,None,2025-10-02 17h33.26.653033 +0530,
-50,x,87,87,24,x,1,0.3616068749979604,None,,,,,24,87,87,0,677.2004142090009,,677.1923254589929,677.2004142090009,678.1835544999922,678.1835544999922,678.1835544999922,678.1835544999922,678.1910722920002,679.1925166250003,679.1925166250003,679.5593537090026,,,,,x,1,0.3616068749979604,None,2,001,2025-10-02_17h33.16.260,motor sequence learning,,2025.1.1,None,2025-10-02 17h33.26.653033 +0530,
150,v,88,88,20,v,1,0.575857415999053,None,,,,,20,88,88,1,679.5679852089961,,679.5598044169892,679.5679852089961,680.5599647499912,680.5599647499912,680.5599647499912,680.5599647499912,680.5599647499912,681.559128916997,681.559128916997,682.1365617089905,,,,,v,1,0.575857415999053,None,2,001,2025-10-02_17h33.16.260,motor sequence learning,,2025.1.1,None,2025-10-02 17h33.26.653033 +0530,
-150,z,89,89,18,z,1,0.4707633740035817,None,,,,,18,89,89,3,682.14700141699,,682.1371332919953,682.14700141699,683.134630667002,683.134630667002,683.134630667002,683.134630667002,683.1420451669983,684.1333351669891,684.1333351669891,684.6061433339928,,,,,z,1,0.4707633740035817,None,2,001,2025-10-02_17h33.16.260,motor sequence learning,,2025.1.1,None,2025-10-02 17h33.26.653033 +0530,
-150,z,90,90,19,z,1,0.5158307909878204,None,,,,,19,90,90,3,684.6185045839957,,684.606485708995,684.6185045839957,685.6012599590031,685.6012599590031,685.6012599590031,685.6012599590031,685.6089472089952,686.6011648339918,686.6011648339918,687.1193060419901,,,,,z,1,0.5158307909878204,None,2,001,2025-10-02_17h33.16.260,motor sequence learning,,2025.1.1,None,2025-10-02 17h33.26.653033 +0530,
150,v,91,91,21,v,1,0.34799483299138956,None,,,,,21,91,91,1,687.1235943749925,,687.1198008749925,687.1235943749925,688.1178793339932,688.1178793339932,688.1178793339932,688.1178793339932,688.1178793339932,689.1169964169967,689.1169964169967,689.4692134169891,,,,,v,1,0.34799483299138956,None,2,001,2025-10-02_17h33.16.260,motor sequence learning,,2025.1.1,None,2025-10-02 17h33.26.653033 +0530,
50,c,92,92,25,c,1,0.34558245800144505,None,,,,,25,92,92,2,689.478209791996,,689.4696631249972,689.478209791996,690.4679491669958,690.4679491669958,690.4679491669958,690.4679491669958,690.4754445419967,691.4682711249916,691.4682711249916,691.8190193749906,,,,,c,1,0.34558245800144505,None,2,001,2025-10-02_17h33.16.260,motor sequence learning,,2025.1.1,None,2025-10-02 17h33.26.653033 +0530,
50,c,93,93,26,v,0,0.37920458300504833,None,,,,,26,93,93,2,691.8284517499997,,691.8195180420007,691.8284517499997,692.8179576249968,692.8179576249968,692.8179576249968,692.8179576249968,692.8240412919986,693.8086654590006,693.8086654590006,694.1922059170029,,,,,v,0,0.37920458300504833,None,2,001,2025-10-02_17h33.16.260,motor sequence learning,,2025.1.1,None,2025-10-02 17h33.26.653033 +0530,
150,v,94,94,22,v,1,0.36832483299076557,None,,,,,22,94,94,1,694.2003350419982,,694.1925612499908,694.2003350419982,695.1836574170011,695.1836574170011,695.1836574170011,695.1836574170011,695.1913562499976,696.1834510839981,696.1834510839981,696.5528340000019,,,,,v,1,0.36832483299076557,None,2,001,2025-10-02_17h33.16.260,motor sequence learning,,2025.1.1,None,2025-10-02 17h33.26.653033 +0530,
-50,x,95,95,25,x,1,0.6618410410010256,None,,,,,25,95,95,0,696.561388874994,,696.5532769589918,696.561388874994,697.5501533749921,697.5501533749921,697.5501533749921,697.5501533749921,697.5574894169986,698.5519119169912,698.5519119169912,699.2184377499943,,,,,x,1,0.6618410410010256,None,2,001,2025-10-02_17h33.16.260,motor sequence learning,,2025.1.1,None,2025-10-02 17h33.26.653033 +0530,
150,v,96,96,23,v,1,0.39214279199950397,None,,,,,23,96,96,1,699.2257944169978,,699.2187860839913,699.2257944169978,700.2111601249926,700.2111601249926,700.2111601249926,700.2111601249926,700.235164999991,701.2184281669906,701.2184281669906,701.6194995839905,,,,,v,1,0.39214279199950397,None,2,001,2025-10-02_17h33.16.260,motor sequence learning,,2025.1.1,None,2025-10-02 17h33.26.653033 +0530,
-50,x,97,97,26,x,1,0.5035974579950562,None,,,,,26,97,97,0,701.6286052919895,,701.6199504169927,701.6286052919895,702.6105063339928,702.6105063339928,702.6105063339928,702.6105063339928,702.6251207089954,703.616846334,703.616846334,704.123885833993,,,,,x,1,0.5035974579950562,None,2,001,2025-10-02_17h33.16.260,motor sequence learning,,2025.1.1,None,2025-10-02 17h33.26.653033 +0530,
-150,z,98,98,20,z,1,0.4296293329971377,None,,,,,20,98,98,3,704.1334613340005,,704.1243248340033,704.1334613340005,705.1255827089917,705.1255827089917,705.1255827089917,705.1255827089917,705.1255827089917,706.1179288339918,706.1179288339918,706.5523255839944,,,,,z,1,0.4296293329971377,None,2,001,2025-10-02_17h33.16.260,motor sequence learning,,2025.1.1,None,2025-10-02 17h33.26.653033 +0530,
-150,z,99,99,21,z,1,0.5761296249984298,None,,,,,21,99,99,3,706.5575265840016,,706.5528279999999,706.5575265840016,707.5511091669905,707.5511091669905,707.5511091669905,707.5511091669905,707.5587659589946,708.5513753749983,708.5513753749983,709.1362667919893,,,,,z,1,0.5761296249984298,None,2,001,2025-10-02_17h33.16.260,motor sequence learning,,2025.1.1,None,2025-10-02 17h33.26.653033 +0530,
50,c,100,100,27,v,0,0.4368666660011513,None,,,,,27,100,100,2,709.1451602089946,,709.1367307920009,709.1451602089946,710.133524208999,710.133524208999,710.133524208999,710.133524208999,710.1409926670021,711.1346283750026,711.1346283750026,711.5764931669983,,,,,v,0,0.4368666660011513,None,2,001,2025-10-02_17h33.16.260,motor sequence learning,,2025.1.1,None,2025-10-02 17h33.26.653033 +0530,
150,v,101,101,24,v,1,0.5293849160079844,None,,,,,24,101,101,1,711.5853271249944,,711.5768771669973,711.5853271249944,712.5776747499913,712.5776747499913,712.5776747499913,712.5776747499913,712.5776747499913,713.5668861669983,713.5668861669983,714.1030094589951,,,,,v,1,0.5293849160079844,None,2,001,2025-10-02_17h33.16.260,motor sequence learning,,2025.1.1,None,2025-10-02 17h33.26.653033 +0530,
-50,x,102,102,27,x,1,0.5147912079992238,None,,,,,27,102,102,0,714.1118635419989,,714.1034640419966,714.1118635419989,715.100643999991,715.100643999991,715.100643999991,715.100643999991,715.1088037919981,716.1004704999941,716.1004704999941,716.6195357089891,,,,,x,1,0.5147912079992238,None,2,001,2025-10-02_17h33.16.260,motor sequence learning,,2025.1.1,None,2025-10-02 17h33.26.653033 +0530,
-50,x,103,103,28,x,1,0.3024803750013234,None,,,,,28,103,103,0,716.6278925840015,,716.6199498339993,716.6278925840015,717.610534499996,717.610534499996,717.610534499996,717.610534499996,717.6180933750002,718.6177930839913,718.6177930839913,718.9259642919933,,,,,x,1,0.3024803750013234,None,2,001,2025-10-02_17h33.16.260,motor sequence learning,,2025.1.1,None,2025-10-02 17h33.26.653033 +0530,
-150,z,104,104,22,z,1,0.49678320800012443,None,,,,,22,104,104,3,718.934415249998,,718.926399584001,718.934415249998,719.9272724999901,719.9272724999901,719.9272724999901,719.9272724999901,719.9272724999901,720.9255023339938,720.9255023339938,721.4247454589931,,,,,z,1,0.49678320800012443,None,2,001,2025-10-02_17h33.16.260,motor sequence learning,,2025.1.1,None,2025-10-02 17h33.26.653033 +0530,
-150,z,105,105,23,z,1,0.5244749170087744,None,,,,,23,105,105,3,721.4351370840013,,721.4251081669936,721.4351370840013,722.4259367499908,722.4259367499908,722.4259367499908,722.4259367499908,722.4259367499908,723.4237633339944,723.4237633339944,723.9524437090004,,,,,z,1,0.5244749170087744,None,2,001,2025-10-02_17h33.16.260,motor sequence learning,,2025.1.1,None,2025-10-02 17h33.26.653033 +0530,
50,c,106,106,28,c,1,0.42481091601075605,None,,,,,28,106,106,2,723.9570389589935,,723.9529501249926,723.9570389589935,724.9513434999972,724.9513434999972,724.9513434999972,724.9513434999972,724.9513434999972,725.9501880419994,725.9501880419994,726.3770072089974,,,,,c,1,0.42481091601075605,None,2,001,2025-10-02_17h33.16.260,motor sequence learning,,2025.1.1,None,2025-10-02 17h33.26.653033 +0530,
50,c,107,107,29,c,1,0.626573332992848,None,,,,,29,107,107,2,726.3852659999975,,726.3773726669897,726.3852659999975,727.3763400419994,727.3763400419994,727.3763400419994,727.3763400419994,727.3763400419994,728.3745372089907,728.3745372089907,729.002481167001,,,,,c,1,0.626573332992848,None,2,001,2025-10-02_17h33.16.260,motor sequence learning,,2025.1.1,None,2025-10-02 17h33.26.653033 +0530,
150,v,108,108,25,v,1,0.47614762499870267,None,,,,,25,108,108,1,729.0101219999924,,729.0028833339893,729.0101219999924,729.9943690419896,729.9943690419896,729.9943690419896,729.9943690419896,730.0020845419931,730.9928483749973,730.9928483749973,731.4747174999939,,,,,v,1,0.47614762499870267,None,2,001,2025-10-02_17h33.16.260,motor sequence learning,,2025.1.1,None,2025-10-02 17h33.26.653033 +0530,
-150,z,109,109,24,z,1,0.6739798749913462,None,,,,,24,109,109,3,731.4836467089917,,731.4751929170016,731.4836467089917,732.4752233749896,732.4752233749896,732.4752233749896,732.4752233749896,732.4752233749896,733.4669048749929,733.4669048749929,734.143148749994,,,,,z,1,0.6739798749913462,None,2,001,2025-10-02_17h33.16.260,motor sequence learning,,2025.1.1,None,2025-10-02 17h33.26.653033 +0530,
-150,z,110,110,25,x,0,0.5323604160075774,None,,,,,25,110,110,3,734.1515686249913,,734.1435504169931,734.1515686249913,735.1438622919959,735.1438622919959,735.1438622919959,735.1438622919959,735.1438622919959,736.1424263340014,736.1424263340014,736.6861915420013,,,,,x,0,0.5323604160075774,None,2,001,2025-10-02_17h33.16.260,motor sequence learning,,2025.1.1,None,2025-10-02 17h33.26.653033 +0530,
-50,x,111,111,29,x,1,0.41947320800682064,None,,,,,29,111,111,0,736.6946004170022,,736.6866632919991,736.6946004170022,737.6771013749967,737.6771013749967,737.6771013749967,737.6771013749967,737.6846024169936,738.6853357919899,738.6853357919899,739.1094635839981,,,,,x,1,0.41947320800682064,None,2,001,2025-10-02_17h33.16.260,motor sequence learning,,2025.1.1,None,2025-10-02 17h33.26.653033 +0530,
150,v,112,112,26,v,1,0.5206003740022425,None,,,,,26,112,112,1,739.1169502499979,,739.1097769999906,739.1169502499979,740.1003424999944,740.1003424999944,740.1003424999944,740.1003424999944,740.107851875,741.1092145000002,741.1092145000002,741.6355709589989,,,,,v,1,0.5206003740022425,None,2,001,2025-10-02_17h33.16.260,motor sequence learning,,2025.1.1,None,2025-10-02 17h33.26.653033 +0530,
-50,x,113,113,30,x,1,0.4967123749956954,None,,,,,30,113,113,0,741.6423517090006,,741.6358250420017,741.6423517090006,742.6273097090016,742.6273097090016,742.6273097090016,742.6273097090016,742.6346904169914,743.6260224589932,743.6260224589932,744.1241498750023,,,,,x,1,0.4967123749956954,None,2,001,2025-10-02_17h33.16.260,motor sequence learning,,2025.1.1,None,2025-10-02 17h33.26.653033 +0530,
-50,x,114,114,31,x,1,0.5455407080007717,None,,,,,31,114,114,0,744.1344713339931,,744.1243922499998,744.1344713339931,745.1181966669974,745.1181966669974,745.1181966669974,745.1181966669974,745.125197041998,746.1170412499923,746.1170412499923,746.6696225839987,,,,,x,1,0.5455407080007717,None,2,001,2025-10-02_17h33.16.260,motor sequence learning,,2025.1.1,None,2025-10-02 17h33.26.653033 +0530,
-150,z,115,115,26,z,1,0.40706791599222925,None,,,,,26,115,115,3,746.6782429589948,,746.6700546249922,746.6782429589948,747.6682978339959,747.6682978339959,747.6682978339959,747.6682978339959,747.6755752919998,748.6595871250029,748.6595871250029,749.06973212499,,,,,z,1,0.40706791599222925,None,2,001,2025-10-02_17h33.16.260,motor sequence learning,,2025.1.1,None,2025-10-02 17h33.26.653033 +0530,
-150,z,116,116,27,z,1,0.4992722080060048,None,,,,,27,116,116,3,749.0795810839918,,749.0702152919985,749.0795810839918,750.0684708339977,750.0684708339977,750.0684708339977,750.0684708339977,750.0756633339915,751.0671836249967,751.0671836249967,751.5703042499954,,,,,z,1,0.4992722080060048,None,2,001,2025-10-02_17h33.16.260,motor sequence learning,,2025.1.1,None,2025-10-02 17h33.26.653033 +0530,
150,v,117,117,27,v,1,0.4363569160050247,None,,,,,27,117,117,1,751.5786664170009,,751.5707767089916,751.5786664170009,752.5670854999917,752.5670854999917,752.5670854999917,752.5670854999917,752.5753417919914,753.5671291670005,753.5671291670005,754.0088126249902,,,,,v,1,0.4363569160050247,None,2,001,2025-10-02_17h33.16.260,motor sequence learning,,2025.1.1,None,2025-10-02 17h33.26.653033 +0530,
150,v,118,118,28,v,1,0.4766977079998469,None,,,,,28,118,118,1,754.0170184169983,,754.0091902919958,754.0170184169983,755.0004867090029,755.0004867090029,755.0004867090029,755.0004867090029,755.0077204169938,756.0008069169999,756.0008069169999,756.4846816249919,,,,,v,1,0.4766977079998469,None,2,001,2025-10-02_17h33.16.260,motor sequence learning,,2025.1.1,None,2025-10-02 17h33.26.653033 +0530,
-150,z,119,119,28,z,1,0.5165059169958113,None,,,,,28,119,119,3,756.4925475839991,,756.485055666999,756.4925475839991,757.4775861249946,757.4775861249946,757.4775861249946,757.4775861249946,757.4849727499968,758.4759185419971,758.4759185419971,759.0024778749939,,,,,z,1,0.5165059169958113,None,2,001,2025-10-02_17h33.16.260,motor sequence learning,,2025.1.1,None,2025-10-02 17h33.26.653033 +0530,
150,v,120,120,29,v,1,0.39156083299894817,None,,,,,29,120,120,1,759.0103397499915,,759.0028748749901,759.0103397499915,759.992494584003,759.992494584003,759.992494584003,759.992494584003,760.0077139170025,761.0016325420002,761.0016325420002,761.4029666669958,,,,,v,1,0.39156083299894817,None,2,001,2025-10-02_17h33.16.260,motor sequence learning,,2025.1.1,None,2025-10-02 17h33.26.653033 +0530,
50,c,121,121,30,c,1,0.7457647080009338,None,,,,,30,121,121,2,761.4126935840031,,761.4034302090004,761.4126935840031,762.4015803749935,762.4015803749935,762.4015803749935,762.4015803749935,762.4096612919966,763.4015699589945,763.4015699589945,764.152800041993,,,,,c,1,0.7457647080009338,None,2,001,2025-10-02_17h33.16.260,motor sequence learning,,2025.1.1,None,2025-10-02 17h33.26.653033 +0530,
-150,z,122,122,29,z,1,0.6434157079929719,None,,,,,29,122,122,3,764.1613143750001,,764.1533349999954,764.1613143750001,765.1515648339991,765.1515648339991,765.1515648339991,765.1515648339991,765.1588813339913,766.150642291992,766.150642291992,766.8019514589978,,,,,z,1,0.6434157079929719,None,2,001,2025-10-02_17h33.16.260,motor sequence learning,,2025.1.1,None,2025-10-02 17h33.26.653033 +0530,
50,c,123,123,31,c,1,0.5797195420018397,None,,,,,31,123,123,2,766.8107334590022,,766.8024344169971,766.8107334590022,767.7950144170027,767.7950144170027,767.7950144170027,767.7950144170027,767.8027375840029,768.7925241670018,768.7925241670018,769.3766184589913,,,,,c,1,0.5797195420018397,None,2,001,2025-10-02_17h33.16.260,motor sequence learning,,2025.1.1,None,2025-10-02 17h33.26.653033 +0530,
-150,z,124,124,30,z,1,0.5192973750090459,None,,,,,30,124,124,3,769.3849306249904,,769.3770269590023,769.3849306249904,770.3768407089956,770.3768407089956,770.3768407089956,770.3768407089956,770.3768407089956,771.3757409590035,771.3757409590035,771.9030483749957,,,,,z,1,0.5192973750090459,None,2,001,2025-10-02_17h33.16.260,motor sequence learning,,2025.1.1,None,2025-10-02 17h33.26.653033 +0530,
-50,x,125,125,32,x,1,0.37059441600285936,None,,,,,32,125,125,0,771.9110421249934,,771.9034134169924,771.9110421249934,772.8947584169946,772.8947584169946,772.8947584169946,772.8947584169946,772.9027919169894,773.9004017089901,773.9004017089901,774.273698584002,,,,,x,1,0.37059441600285936,None,2,001,2025-10-02_17h33.16.260,motor sequence learning,,2025.1.1,None,2025-10-02 17h33.26.653033 +0530,
150,v,126,126,30,v,1,0.3887743739906,None,,,,,30,126,126,1,774.2840982920025,,774.2740467919939,774.2840982920025,775.2678504999931,775.2678504999931,775.2678504999931,775.2678504999931,775.2751670419966,776.2671183749917,776.2671183749917,776.6590736249927,,,,,v,1,0.3887743739906,None,2,001,2025-10-02_17h33.16.260,motor sequence learning,,2025.1.1,None,2025-10-02 17h33.26.653033 +0530,
50,c,127,127,32,c,1,0.4371898330136901,None,,,,,32,127,127,2,776.6680197919923,,776.6595097499958,776.6680197919923,777.6600624169951,777.6600624169951,777.6600624169951,777.6600624169951,777.6600624169951,778.651692917003,778.651692917003,779.0921273749991,,,,,c,1,0.4371898330136901,None,2,001,2025-10-02_17h33.16.260,motor sequence learning,,2025.1.1,None,2025-10-02 17h33.26.653033 +0530,
-50,x,128,128,33,x,1,0.45389783299469855,None,,,,,33,128,128,0,779.1010900419933,,779.0925046249904,779.1010900419933,780.0925719999941,780.0925719999941,780.0925719999941,780.0925719999941,780.0925719999941,781.083987459002,781.083987459002,781.5406632499944,,,,,x,1,0.45389783299469855,None,2,001,2025-10-02_17h33.16.260,motor sequence learning,,2025.1.1,None,2025-10-02 17h33.26.653033 +0530,
50,c,129,129,33,c,1,0.4059887909970712,None,,,,,33,129,129,2,781.5507484169939,,781.541025958999,781.5507484169939,782.5344976249908,782.5344976249908,782.5344976249908,782.5344976249908,782.5421264999895,783.5348122089927,783.5348122089927,783.9528041669982,,,,,c,1,0.4059887909970712,None,2,001,2025-10-02_17h33.16.260,motor sequence learning,,2025.1.1,None,2025-10-02 17h33.26.653033 +0530,
50,c,130,130,34,c,1,0.3416321249969769,None,,,,,34,130,130,2,783.9613680420007,,783.95332375,783.9613680420007,784.9439942919998,784.9439942919998,784.9439942919998,784.9439942919998,784.9515554999962,785.9521473749919,785.9521473749919,786.3032585420005,,,,,c,1,0.3416321249969769,None,2,001,2025-10-02_17h33.16.260,motor sequence learning,,2025.1.1,None,2025-10-02 17h33.26.653033 +0530,
-50,x,131,131,34,x,1,0.4164755410020007,None,,,,,34,131,131,0,786.3120342089969,,786.3037398339948,786.3120342089969,787.295253749995,787.295253749995,787.295253749995,787.295253749995,787.3039879999997,788.3021635420009,788.3021635420009,788.7256653749937,,,,,x,1,0.4164755410020007,None,2,001,2025-10-02_17h33.16.260,motor sequence learning,,2025.1.1,None,2025-10-02 17h33.26.653033 +0530,
-50,x,132,132,35,x,1,0.3931255829957081,None,,,,,35,132,132,0,788.7350474169943,,788.7261114589928,788.7350474169943,789.7173416250007,789.7173416250007,789.7173416250007,789.7173416250007,789.7355154999968,790.7175152499985,790.7175152499985,791.1197738749906,,,,,x,1,0.3931255829957081,None,2,001,2025-10-02_17h33.16.260,motor sequence learning,,2025.1.1,None,2025-10-02 17h33.26.653033 +0530,
-150,z,133,133,31,z,1,0.5501387920085108,None,,,,,31,133,133,3,791.1293633339956,,791.1201933339908,791.1293633339956,792.1115610839915,792.1115610839915,792.1115610839915,792.1115610839915,792.1265909590002,793.1174771249935,793.1174771249935,793.6697490840015,,,,,z,1,0.5501387920085108,None,2,001,2025-10-02_17h33.16.260,motor sequence learning,,2025.1.1,None,2025-10-02 17h33.26.653033 +0530,
50,c,134,134,35,v,0,0.42176233300415333,None,,,,,35,134,134,2,793.6787622499978,,793.6701644999994,793.6787622499978,794.6611241670034,794.6611241670034,794.6611241670034,794.6611241670034,794.6686502919911,795.6678525839961,795.6678525839961,796.0913551669946,,,,,v,0,0.42176233300415333,None,2,001,2025-10-02_17h33.16.260,motor sequence learning,,2025.1.1,None,2025-10-02 17h33.26.653033 +0530,
150,v,135,135,31,v,1,0.3292609999916749,None,,,,,31,135,135,1,796.1004795420013,,796.0917023340007,796.1004795420013,797.0934263340023,797.0934263340023,797.0934263340023,797.0934263340023,797.0934263340023,798.084151499992,798.084151499992,798.4187690839899,,,,,v,1,0.3292609999916749,None,2,001,2025-10-02_17h33.16.260,motor sequence learning,,2025.1.1,None,2025-10-02 17h33.26.653033 +0530,
-150,z,136,136,32,z,1,0.4940647909970721,None,,,,,32,136,136,3,798.4246174169966,,798.419116709003,798.4246174169966,799.411373416995,799.411373416995,799.411373416995,799.411373416995,799.4189670839987,800.409289999996,800.409289999996,800.9098937499948,,,,,z,1,0.4940647909970721,None,2,001,2025-10-02_17h33.16.260,motor sequence learning,,2025.1.1,None,2025-10-02 17h33.26.653033 +0530,
-150,z,137,137,33,z,1,0.5757847909990232,None,,,,,33,137,137,3,800.9184955419914,,800.9103752090014,800.9184955419914,801.910449374991,801.910449374991,801.910449374991,801.910449374991,801.910449374991,802.9016396249935,802.9016396249935,803.4863282919978,,,,,z,1,0.5757847909990232,None,2,001,2025-10-02_17h33.16.260,motor sequence learning,,2025.1.1,None,2025-10-02 17h33.26.653033 +0530,
50,c,138,138,36,c,1,0.5225133750063833,None,,,,,36,138,138,2,803.494753084,,803.486768584,803.494753084,804.4778277500009,804.4778277500009,804.4778277500009,804.4778277500009,804.4854254169913,805.4758682919928,805.4758682919928,806.0033755839977,,,,,c,1,0.5225133750063833,None,2,001,2025-10-02_17h33.16.260,motor sequence learning,,2025.1.1,None,2025-10-02 17h33.26.653033 +0530,
-50,x,139,139,36,x,1,0.33289716600847896,None,,,,,36,139,139,0,806.0124127089948,,806.0038697089913,806.0124127089948,807.0007103340031,807.0007103340031,807.0007103340031,807.0007103340031,807.0084962919937,808.0022445840004,808.0022445840004,808.3406499999983,,,,,x,1,0.33289716600847896,None,2,001,2025-10-02_17h33.16.260,motor sequence learning,,2025.1.1,None,2025-10-02 17h33.26.653033 +0530,
150,v,140,140,32,v,1,0.23657208299846388,None,,,,,32,140,140,1,808.3519761670032,,808.3409944589948,808.3519761670032,809.3355069999961,809.3355069999961,809.3355069999961,809.3355069999961,809.3429750840005,810.3346487919916,810.3346487919916,810.5761602089915,,,,,v,1,0.23657208299846388,None,2,001,2025-10-02_17h33.16.260,motor sequence learning,,2025.1.1,None,2025-10-02 17h33.26.653033 +0530,
-50,x,141,141,37,x,1,0.5914770000090357,None,,,,,37,141,141,0,810.5839723749959,,810.5765465839941,810.5839723749959,811.5675951669982,811.5675951669982,811.5675951669982,811.5675951669982,811.574833791994,812.5677230419969,812.5677230419969,813.1699795000022,,,,,x,1,0.5914770000090357,None,2,001,2025-10-02_17h33.16.260,motor sequence learning,,2025.1.1,None,2025-10-02 17h33.26.653033 +0530,
-150,z,142,142,34,z,1,0.5116902080044383,None,,,,,34,142,142,3,813.1783686249983,,813.1704329589993,813.1783686249983,814.1683753339894,814.1683753339894,814.1683753339894,814.1683753339894,814.1760229999927,815.1684944589942,815.1684944589942,815.6862129590008,,,,,z,1,0.5116902080044383,None,2,001,2025-10-02_17h33.16.260,motor sequence learning,,2025.1.1,None,2025-10-02 17h33.26.653033 +0530,
-150,z,143,143,35,z,1,0.4227680829935707,None,,,,,35,143,143,3,815.6951432499918,,815.6867727089993,815.6951432499918,816.6851356249972,816.6851356249972,816.6851356249972,816.6851356249972,816.691812124991,817.6842749170028,817.6842749170028,818.1099137919955,,,,,z,1,0.4227680829935707,None,2,001,2025-10-02_17h33.16.260,motor sequence learning,,2025.1.1,None,2025-10-02 17h33.26.653033 +0530,
-50,x,144,144,38,x,1,0.5452243740000995,None,,,,,38,144,144,0,818.1191645840008,,818.1103377919935,818.1191645840008,819.1100777919928,819.1100777919928,819.1100777919928,819.1100777919928,819.1100777919928,820.1076612920006,820.1076612920006,820.6592771249998,,,,,x,1,0.5452243740000995,None,2,001,2025-10-02_17h33.16.260,motor sequence learning,,2025.1.1,None,2025-10-02 17h33.26.653033 +0530,
150,v,145,145,33,v,1,0.4651652080065105,None,,,,,33,145,145,1,820.6672862499981,,820.6596196669998,820.6672862499981,821.6507820839906,821.6507820839906,821.6507820839906,821.6507820839906,821.6582775839925,822.6597348340001,822.6597348340001,823.126807416993,,,,,v,1,0.4651652080065105,None,2,001,2025-10-02_17h33.16.260,motor sequence learning,,2025.1.1,None,2025-10-02 17h33.26.653033 +0530,
-150,z,146,146,36,z,1,0.45574716600822285,None,,,,,36,146,146,3,823.1357753749908,,823.1272233339987,823.1357753749908,824.1274482500012,824.1274482500012,824.1274482500012,824.1274482500012,824.1274482500012,825.1261912089976,825.1261912089976,825.5860158750002,,,,,z,1,0.45574716600822285,None,2,001,2025-10-02_17h33.16.260,motor sequence learning,,2025.1.1,None,2025-10-02 17h33.26.653033 +0530,
-150,z,147,147,37,z,1,0.41937554099422414,None,,,,,37,147,147,3,825.5946736249898,,825.5863991669903,825.5946736249898,826.5793031669891,826.5793031669891,826.5793031669891,826.5793031669891,826.5920554589975,827.5854567089991,827.5854567089991,828.0100620839949,,,,,z,1,0.41937554099422414,None,2,001,2025-10-02_17h33.16.260,motor sequence learning,,2025.1.1,None,2025-10-02 17h33.26.653033 +0530,
-150,z,148,148,38,z,1,0.6389789999957429,None,,,,,38,148,148,3,828.0186076249956,,828.0104275839985,828.0186076249956,829.010810916996,829.010810916996,829.010810916996,829.010810916996,829.010810916996,830.0097839999944,830.0097839999944,830.653187459,,,,,z,1,0.6389789999957429,None,2,001,2025-10-02_17h33.16.260,motor sequence learning,,2025.1.1,None,2025-10-02 17h33.26.653033 +0530,
-50,x,149,149,39,x,1,0.4209738740028115,None,,,,,39,149,149,0,830.6609996670013,,830.6535553339927,830.6609996670013,831.6509497919906,831.6509497919906,831.6509497919906,831.6509497919906,831.6570613340009,832.6517797499982,832.6517797499982,833.0755047499988,,,,,x,1,0.4209738740028115,None,2,001,2025-10-02_17h33.16.260,motor sequence learning,,2025.1.1,None,2025-10-02 17h33.26.653033 +0530,
-150,z,150,150,39,x,0,0.5137997080018977,None,,,,,39,150,150,3,833.0840315419919,,833.0758452500013,833.0840315419919,834.0678864169895,834.0678864169895,834.0678864169895,834.0678864169895,834.0752941669925,835.0748239999957,835.0748239999957,835.5921149170026,,,,,x,0,0.5137997080018977,None,2,001,2025-10-02_17h33.16.260,motor sequence learning,,2025.1.1,None,2025-10-02 17h33.26.653033 +0530,
150,v,151,151,34,v,1,0.41865695800515823,None,,,,,34,151,151,1,835.6007904169965,,835.5925197920005,835.6007904169965,836.592736791994,836.592736791994,836.592736791994,836.592736791994,836.592736791994,837.5919917919964,837.5919917919964,838.0188013750012,,,,,v,1,0.41865695800515823,None,2,001,2025-10-02_17h33.16.260,motor sequence learning,,2025.1.1,None,2025-10-02 17h33.26.653033 +0530,
-150,z,152,152,40,z,1,0.5554750000010245,None,,,,,40,152,152,3,838.0258757089905,,838.0191674999951,838.0258757089905,839.0103313339932,839.0103313339932,839.0103313339932,839.0103313339932,839.017629916998,840.0090000839991,840.0090000839991,840.5702180840017,,,,,z,1,0.5554750000010245,None,2,001,2025-10-02_17h33.16.260,motor sequence learning,,2025.1.1,None,2025-10-02 17h33.26.653033 +0530,
50,c,153,153,37,c,1,0.8354370419983752,None,,,,,37,153,153,2,840.5785762500018,,840.5706734169944,840.5785762500018,841.5690456250013,841.5690456250013,841.5690456250013,841.5690456250013,841.5776806249924,842.5690432089905,842.5690432089905,843.4089468339953,,,,,c,1,0.8354370419983752,None,2,001,2025-10-02_17h33.16.260,motor sequence learning,,2025.1.1,None,2025-10-02 17h33.26.653033 +0530,
50,c,154,154,38,c,1,0.4341742079996038,None,,,,,38,154,154,2,843.4173906669894,,843.4093809589976,843.4173906669894,844.4009695839923,844.4009695839923,844.4009695839923,844.4009695839923,844.4090670419973,845.4011531669967,845.4011531669967,845.8368197090022,,,,,c,1,0.4341742079996038,None,2,001,2025-10-02_17h33.16.260,motor sequence learning,,2025.1.1,None,2025-10-02 17h33.26.653033 +0530,
50,c,155,155,39,c,1,0.4271641249943059,None,,,,,39,155,155,2,845.8460522499954,,845.8372736250021,845.8460522499954,846.8357566249906,846.8357566249906,846.8357566249906,846.8357566249906,846.8439162089926,847.8343110419955,847.8343110419955,848.2695932499919,,,,,c,1,0.4271641249943059,None,2,001,2025-10-02_17h33.16.260,motor sequence learning,,2025.1.1,None,2025-10-02 17h33.26.653033 +0530,
50,c,156,156,40,c,1,0.3536166249978123,None,,,,,40,156,156,2,848.2785739999963,,848.2700099170033,848.2785739999963,849.2616049170028,849.2616049170028,849.2616049170028,849.2616049170028,849.2696916669956,850.268709875003,850.268709875003,850.6265802919952,,,,,c,1,0.3536166249978123,None,2,001,2025-10-02_17h33.16.260,motor sequence learning,,2025.1.1,None,2025-10-02 17h33.26.653033 +0530,
-50,x,157,157,40,z,0,0.3697643740015337,None,,,,,40,157,157,0,850.6355137919891,,850.6270272919937,850.6355137919891,851.6174884999928,851.6174884999928,851.6174884999928,851.6174884999928,851.635354625003,852.6174180419912,852.6174180419912,852.991318083994,,,,,z,0,0.3697643740015337,None,2,001,2025-10-02_17h33.16.260,motor sequence learning,,2025.1.1,None,2025-10-02 17h33.26.653033 +0530,
-50,x,158,158,41,x,1,0.6047107499907725,None,,,,,41,158,158,0,853.0007175840001,,852.9916767919931,853.0007175840001,853.9845597090025,853.9845597090025,853.9845597090025,853.9845597090025,853.9915043749934,854.9855113749945,854.9855113749945,855.6029899169953,,,,,x,1,0.6047107499907725,None,2,001,2025-10-02_17h33.16.260,motor sequence learning,,2025.1.1,None,2025-10-02 17h33.26.653033 +0530,
-150,z,159,159,41,z,1,0.5170764580107061,None,,,,,41,159,159,3,855.6111280839978,,855.6034249590011,855.6111280839978,856.5923510419962,856.5923510419962,856.5923510419962,856.5923510419962,856.6097218749928,857.6010545419995,857.6010545419995,858.1198704589915,,,,,z,1,0.5170764580107061,None,2,001,2025-10-02_17h33.16.260,motor sequence learning,,2025.1.1,None,2025-10-02 17h33.26.653033 +0530,
50,c,160,160,41,c,1,0.42010649999429006,None,,,,,41,160,160,2,858.1287848339998,,858.120291291998,858.1287848339998,859.1111916669906,859.1111916669906,859.1111916669906,859.1111916669906,859.1185626669903,860.118039583991,860.118039583991,860.542165833991,,,,,c,1,0.42010649999429006,None,2,001,2025-10-02_17h33.16.260,motor sequence learning,,2025.1.1,None,2025-10-02 17h33.26.653033 +0530,
50,c,161,161,42,v,0,0.3667786250007339,None,,,,,42,161,161,2,860.5507974170032,,860.5425029589969,860.5507974170032,861.5446654589905,861.5446654589905,861.5446654589905,861.5446654589905,861.5446654589905,862.5353127089911,862.5353127089911,862.9034564169997,,,,,v,0,0.3667786250007339,None,2,001,2025-10-02_17h33.16.260,motor sequence learning,,2025.1.1,None,2025-10-02 17h33.26.653033 +0530,
150,v,162,162,35,v,1,0.4132005410065176,None,,,,,35,162,162,1,862.9122430839925,,862.9039131669997,862.9122430839925,863.8946462500026,863.8946462500026,863.8946462500026,863.8946462500026,863.9021899999934,864.9008506669925,864.9008506669925,865.3196810840018,,,,,v,1,0.4132005410065176,None,2,001,2025-10-02_17h33.16.260,motor sequence learning,,2025.1.1,None,2025-10-02 17h33.26.653033 +0530,
150,v,163,163,36,v,1,0.5079309989960166,None,,,,,36,163,163,1,865.3290962500032,,865.3201284999959,865.3290962500032,866.3110493339918,866.3110493339918,866.3110493339918,866.3110493339918,866.325822874991,867.3190084999951,867.3190084999951,867.8367316249933,,,,,v,1,0.5079309989960166,None,2,001,2025-10-02_17h33.16.260,motor sequence learning,,2025.1.1,None,2025-10-02 17h33.26.653033 +0530,
50,c,164,164,43,c,1,0.37228387501090765,None,,,,,43,164,164,2,867.845179625001,,867.8371846669907,867.845179625001,868.8353554999921,868.8353554999921,868.8353554999921,868.8353554999921,868.8432130839938,869.835633249997,869.835633249997,870.219252541996,,,,,c,1,0.37228387501090765,None,2,001,2025-10-02_17h33.16.260,motor sequence learning,,2025.1.1,None,2025-10-02 17h33.26.653033 +0530,
-150,z,165,165,42,z,1,0.5088255830050912,None,,,,,42,165,165,3,870.2267533749982,,870.2196043750009,870.2267533749982,871.2103490419977,871.2103490419977,871.2103490419977,871.2103490419977,871.217548458997,872.2079620000004,872.2079620000004,872.719466124996,,,,,z,1,0.5088255830050912,None,2,001,2025-10-02_17h33.16.260,motor sequence learning,,2025.1.1,None,2025-10-02 17h33.26.653033 +0530,
150,v,166,166,37,v,1,0.8751077500055544,None,,,,,37,166,166,1,872.724329042001,,872.7198097090004,872.724329042001,873.7102558339975,873.7102558339975,873.7102558339975,873.7102558339975,873.7175585840014,874.709639749999,874.709639749999,875.5863054169895,,,,,v,1,0.8751077500055544,None,2,001,2025-10-02_17h33.16.260,motor sequence learning,,2025.1.1,None,2025-10-02 17h33.26.653033 +0530,
150,v,167,167,38,v,1,0.45804487499117386,None,,,,,38,167,167,1,875.5916209999996,,875.5868660419947,875.5916209999996,876.5782605839922,876.5782605839922,876.5782605839922,876.5782605839922,876.6025177089905,877.5766413340025,877.5766413340025,878.0366996669909,,,,,v,1,0.45804487499117386,None,2,001,2025-10-02_17h33.16.260,motor sequence learning,,2025.1.1,None,2025-10-02 17h33.26.653033 +0530,
150,v,168,168,39,v,1,0.413268958000117,None,,,,,39,168,168,1,878.0422021249979,,878.0371686669969,878.0422021249979,879.0274622089928,879.0274622089928,879.0274622089928,879.0274622089928,879.03453574999,880.0342890000029,880.0342890000029,880.452505084002,,,,,v,1,0.413268958000117,None,2,001,2025-10-02_17h33.16.260,motor sequence learning,,2025.1.1,None,2025-10-02 17h33.26.653033 +0530,
-50,x,169,169,42,x,1,0.9634680409944849,None,,,,,42,169,169,0,880.4604972499947,,880.4529092089942,880.4604972499947,881.4451074999961,881.4451074999961,881.4451074999961,881.4451074999961,881.4526147919969,882.4519635000033,882.4519635000033,883.4193669590022,,,,,x,1,0.9634680409944849,None,2,001,2025-10-02_17h33.16.260,motor sequence learning,,2025.1.1,None,2025-10-02 17h33.26.653033 +0530,
150,v,170,170,40,v,1,0.3643050829996355,None,,,,,40,170,170,1,883.4282652919937,,883.4198171250027,883.4282652919937,884.4195966249972,884.4195966249972,884.4195966249972,884.4195966249972,884.4273456669907,885.419237708993,885.419237708993,885.7869068750006,,,,,v,1,0.3643050829996355,None,2,001,2025-10-02_17h33.16.260,motor sequence learning,,2025.1.1,None,2025-10-02 17h33.26.653033 +0530,
-150,z,171,171,43,z,1,0.5114482909993967,None,,,,,43,171,171,3,885.7948567499989,,885.7873734589957,885.7948567499989,886.7850295419921,886.7850295419921,886.7850295419921,886.7850295419921,886.7921693340031,887.7849341249967,887.7849341249967,888.3027778749965,,,,,z,1,0.5114482909993967,None,2,001,2025-10-02_17h33.16.260,motor sequence learning,,2025.1.1,None,2025-10-02 17h33.26.653033 +0530,
150,v,172,172,41,v,1,0.3637418329890352,None,,,,,41,172,172,1,888.310367500002,,888.3031697919942,888.310367500002,889.2930527919962,889.2930527919962,889.2930527919962,889.2930527919962,889.3009347499901,890.3018222919927,890.3018222919927,890.6699242500035,,,,,v,1,0.3637418329890352,None,2,001,2025-10-02_17h33.16.260,motor sequence learning,,2025.1.1,None,2025-10-02 17h33.26.653033 +0530,
50,c,173,173,44,c,1,0.31661233300110325,None,,,,,44,173,173,2,890.678585333997,,890.6703509999934,890.678585333997,891.668206125003,891.668206125003,891.668206125003,891.668206125003,891.6754986669985,892.6687097499962,892.6687097499962,892.991989999995,,,,,c,1,0.31661233300110325,None,2,001,2025-10-02_17h33.16.260,motor sequence learning,,2025.1.1,None,2025-10-02 17h33.26.653033 +0530,
50,c,174,174,45,c,1,0.44577104099153075,None,,,,,45,174,174,2,893.0008859590016,,892.9923299590009,893.0008859590016,893.9915254999942,893.9915254999942,893.9915254999942,893.9915254999942,893.9915254999942,894.9844562090002,894.9844562090002,895.4370765420026,,,,,c,1,0.44577104099153075,None,2,001,2025-10-02_17h33.16.260,motor sequence learning,,2025.1.1,None,2025-10-02 17h33.26.653033 +0530,
-50,x,175,175,43,x,1,0.4649506659916369,None,,,,,43,175,175,0,895.4467252920003,,895.4375592919969,895.4467252920003,896.4343539999973,896.4343539999973,896.4343539999973,896.4343539999973,896.4419015000021,897.4353494169918,897.4353494169918,897.9034994169924,,,,,x,1,0.4649506659916369,None,2,001,2025-10-02_17h33.16.260,motor sequence learning,,2025.1.1,None,2025-10-02 17h33.26.653033 +0530,
150,v,176,176,42,v,1,0.39713704099995084,None,,,,,42,176,176,1,897.9120637919987,,897.9039294589893,897.9120637919987,898.8943877499987,898.8943877499987,898.8943877499987,898.8943877499987,898.9095421249949,899.9010259170027,899.9010259170027,900.303580791995,,,,,v,1,0.39713704099995084,None,2,001,2025-10-02_17h33.16.260,motor sequence learning,,2025.1.1,None,2025-10-02 17h33.26.653033 +0530,
50,c,177,177,46,c,1,0.3655525829963153,None,,,,,46,177,177,2,900.3126978340006,,900.3040495419991,900.3126978340006,901.2948206250003,901.2948206250003,901.2948206250003,901.2948206250003,901.3102424590033,902.2936679169943,902.2936679169943,902.6702410419966,,,,,c,1,0.3655525829963153,None,2,001,2025-10-02_17h33.16.260,motor sequence learning,,2025.1.1,None,2025-10-02 17h33.26.653033 +0530,
-150,z,178,178,44,z,1,0.45575091600767337,None,,,,,44,178,178,3,902.6791249590024,,902.6707021670009,902.6791249590024,903.6610737919982,903.6610737919982,903.6610737919982,903.6610737919982,903.6758879999979,904.6683165419963,904.6683165419963,905.1261244589987,,,,,z,1,0.45575091600767337,None,2,001,2025-10-02_17h33.16.260,motor sequence learning,,2025.1.1,None,2025-10-02 17h33.26.653033 +0530,
150,v,179,179,43,v,1,0.34354454099957366,None,,,,,43,179,179,1,905.1357599170005,,905.1264902919938,905.1357599170005,906.1269417089934,906.1269417089934,906.1269417089934,906.1269417089934,906.1269417089934,907.1245124589914,907.1245124589914,907.4704634169902,,,,,v,1,0.34354454099957366,None,2,001,2025-10-02_17h33.16.260,motor sequence learning,,2025.1.1,None,2025-10-02 17h33.26.653033 +0530,
-50,x,180,180,44,x,1,0.31261391600128263,None,,,,,44,180,180,0,907.4792416669952,,907.4709127919923,907.4792416669952,908.4687059169955,908.4687059169955,908.4687059169955,908.4687059169955,908.47594199999,909.4683185419999,909.4683185419999,909.7866785419901,,,,,x,1,0.31261391600128263,None,2,001,2025-10-02_17h33.16.260,motor sequence learning,,2025.1.1,None,2025-10-02 17h33.26.653033 +0530,
150,v,181,181,44,v,1,0.43542495799192693,None,,,,,44,181,181,1,909.7955223339959,,909.787161375003,909.7955223339959,910.785485083994,910.785485083994,910.785485083994,910.785485083994,910.7928593749966,911.7845073339995,911.7845073339995,912.2266854170011,,,,,v,1,0.43542495799192693,None,2,001,2025-10-02_17h33.16.260,motor sequence learning,,2025.1.1,None,2025-10-02 17h33.26.653033 +0530,
-50,x,182,182,45,x,1,0.4188267909921706,None,,,,,45,182,182,0,912.2351828749961,,912.2271215419896,912.2351828749961,913.2175988340023,913.2175988340023,913.2175988340023,913.2175988340023,913.2252700419922,914.227006000001,914.227006000001,914.6523526669916,,,,,x,1,0.4188267909921706,None,2,001,2025-10-02_17h33.16.260,motor sequence learning,,2025.1.1,None,2025-10-02 17h33.26.653033 +0530,
150,v,183,183,45,v,1,0.39817791599489283,None,,,,,45,183,183,1,914.6613720419991,,914.6528094999958,914.6613720419991,915.6444287920021,915.6444287920021,915.6444287920021,915.6444287920021,915.6519849589968,916.6426934170013,916.6426934170013,917.0538735839946,,,,,v,1,0.39817791599489283,None,2,001,2025-10-02_17h33.16.260,motor sequence learning,,2025.1.1,None,2025-10-02 17h33.26.653033 +0530,
-50,x,184,184,46,x,1,0.5567569999984698,None,,,,,46,184,184,0,917.0631887920026,,917.0542971249961,917.0631887920026,918.0510424999957,918.0510424999957,918.0510424999957,918.0510424999957,918.0583225419978,919.0510687089991,919.0510687089991,919.6092872089939,,,,,x,1,0.5567569999984698,None,2,001,2025-10-02_17h33.16.260,motor sequence learning,,2025.1.1,None,2025-10-02 17h33.26.653033 +0530,
-50,x,185,185,47,x,1,0.4756329160009045,None,,,,,47,185,185,0,919.6177185419947,,919.6096568339999,919.6177185419947,920.6011676670023,920.6011676670023,920.6011676670023,920.6011676670023,920.608765625002,921.6010546670004,921.6010546670004,922.0871287920017,,,,,x,1,0.4756329160009045,None,2,001,2025-10-02_17h33.16.260,motor sequence learning,,2025.1.1,None,2025-10-02 17h33.26.653033 +0530,
50,c,186,186,47,c,1,0.3862827079865383,None,,,,,47,186,186,2,922.0962092089903,,922.0875430000015,922.0962092089903,923.0856287089991,923.0856287089991,923.0856287089991,923.0856287089991,923.0937947499915,924.0854485000018,924.0854485000018,924.4758108340029,,,,,c,1,0.3862827079865383,None,2,001,2025-10-02_17h33.16.260,motor sequence learning,,2025.1.1,None,2025-10-02 17h33.26.653033 +0530,
-150,z,187,187,45,z,1,0.8287297500064597,None,,,,,45,187,187,3,924.4843313339952,,924.476172041992,924.4843313339952,925.4678203340009,925.4678203340009,925.4678203340009,925.4678203340009,925.4750770839892,926.4688961670035,926.4688961670035,927.3036826669995,,,,,z,1,0.8287297500064597,None,2,001,2025-10-02_17h33.16.260,motor sequence learning,,2025.1.1,None,2025-10-02 17h33.26.653033 +0530,
50,c,188,188,48,v,0,0.3514145829976769,None,,,,,48,188,188,2,927.312936916991,,927.3040977499913,927.312936916991,928.3020823749976,928.3020823749976,928.3020823749976,928.3020823749976,928.3097042089939,929.3021669589943,929.3021669589943,929.6580584999901,,,,,v,0,0.3514145829976769,None,2,001,2025-10-02_17h33.16.260,motor sequence learning,,2025.1.1,None,2025-10-02 17h33.26.653033 +0530,
150,v,189,189,46,v,1,0.4334509159962181,None,,,,,46,189,189,1,929.6688704589906,,929.6584300839895,929.6688704589906,930.6590199170023,930.6590199170023,930.6590199170023,930.6590199170023,930.6590199170023,931.6510496249975,931.6510496249975,932.0867777090025,,,,,v,1,0.4334509159962181,None,2,001,2025-10-02_17h33.16.260,motor sequence learning,,2025.1.1,None,2025-10-02 17h33.26.653033 +0530,
150,v,190,190,47,v,1,0.43731549999210984,None,,,,,47,190,190,1,932.0970605839975,,932.0872712499986,932.0970605839975,933.0860771669977,933.0860771669977,933.0860771669977,933.0860771669977,933.0936322499911,934.0860909170005,934.0860909170005,934.5268447919952,,,,,v,1,0.43731549999210984,None,2,001,2025-10-02_17h33.16.260,motor sequence learning,,2025.1.1,None,2025-10-02 17h33.26.653033 +0530,
-50,x,191,191,48,x,1,0.4339270829950692,None,,,,,48,191,191,0,934.5356814169936,,934.5273183340032,934.5356814169936,935.5282917089935,935.5282917089935,935.5282917089935,935.5282917089935,935.5282917089935,936.526514208992,936.526514208992,936.9704691249935,,,,,x,1,0.4339270829950692,None,2,001,2025-10-02_17h33.16.260,motor sequence learning,,2025.1.1,None,2025-10-02 17h33.26.653033 +0530,
-150,z,192,192,46,z,1,0.5663925409899093,None,,,,,46,192,192,3,936.9797268749971,,936.9709553339926,936.9797268749971,937.9617167919932,937.9617167919932,937.9617167919932,937.9617167919932,937.9763120839925,938.9680027089926,938.9680027089926,939.5366264999902,,,,,z,1,0.5663925409899093,None,2,001,2025-10-02_17h33.16.260,motor sequence learning,,2025.1.1,None,2025-10-02 17h33.26.653033 +0530,
50,c,193,193,49,c,1,0.49442508300126065,None,,,,,49,193,193,2,939.541925958998,,939.5370394589991,939.541925958998,940.5291664999968,940.5291664999968,940.5291664999968,940.5291664999968,940.5358650419948,941.5258773749956,941.5258773749956,942.0264582499949,,,,,c,1,0.49442508300126065,None,2,001,2025-10-02_17h33.16.260,motor sequence learning,,2025.1.1,None,2025-10-02 17h33.26.653033 +0530,
-50,x,194,194,49,x,1,0.44574391600326635,None,,,,,49,194,194,0,942.0351958749961,,942.0269127089996,942.0351958749961,943.0269687499967,943.0269687499967,943.0269687499967,943.0269687499967,943.0269687499967,944.0177680839988,944.0177680839988,944.4704848339898,,,,,x,1,0.44574391600326635,None,2,001,2025-10-02_17h33.16.260,motor sequence learning,,2025.1.1,None,2025-10-02 17h33.26.653033 +0530,
150,v,195,195,48,v,1,0.35418658300477546,None,,,,,48,195,195,1,944.4793399170012,,944.4710373339913,944.4793399170012,945.4677745840017,945.4677745840017,945.4677745840017,945.4677745840017,945.4751391669997,946.4689325419895,946.4689325419895,946.8260227919964,,,,,v,1,0.35418658300477546,None,2,001,2025-10-02_17h33.16.260,motor sequence learning,,2025.1.1,None,2025-10-02 17h33.26.653033 +0530,
-150,z,196,196,47,z,1,0.3541644159995485,None,,,,,47,196,196,3,946.8344374589942,,946.8263809170021,946.8344374589942,947.8269594589947,947.8269594589947,947.8269594589947,947.8269594589947,947.8269594589947,948.817853792003,948.817853792003,949.1765191669983,,,,,z,1,0.3541644159995485,None,2,001,2025-10-02_17h33.16.260,motor sequence learning,,2025.1.1,None,2025-10-02 17h33.26.653033 +0530,
-150,z,197,197,48,z,1,0.48903562399209477,None,,,,,48,197,197,3,949.1848299169942,,949.176897917001,949.1848299169942,950.1686214590009,950.1686214590009,950.1686214590009,950.1686214590009,950.1760187920008,951.1769724170008,951.1769724170008,951.6702663339966,,,,,z,1,0.48903562399209477,None,2,001,2025-10-02_17h33.16.260,motor sequence learning,,2025.1.1,None,2025-10-02 17h33.26.653033 +0530,
-150,z,198,198,49,z,1,0.3578127919899998,None,,,,,49,198,198,3,951.678737958995,,951.6707159999933,951.678737958995,952.6627082089981,952.6627082089981,952.6627082089981,952.6627082089981,952.670204708993,953.6681087920006,953.6681087920006,954.0273625839909,,,,,z,1,0.3578127919899998,None,2,001,2025-10-02_17h33.16.260,motor sequence learning,,2025.1.1,None,2025-10-02 17h33.26.653033 +0530,
150,v,199,199,49,v,1,0.3840330829989398,None,,,,,49,199,199,1,954.0344555839984,,954.0278023749997,954.0344555839984,955.0276612089947,955.0276612089947,955.0276612089947,955.0276612089947,955.0276612089947,956.0268784169893,956.0268784169893,956.4188632919977,,,,,v,1,0.3840330829989398,None,2,001,2025-10-02_17h33.16.260,motor sequence learning,,2025.1.1,None,2025-10-02 17h33.26.653033 +0530,
