pos,corr_resp,thisN,thisTrialN,thisRepN,key_resp.keys,key_resp.corr,key_resp.rt,key_resp.duration,trials.thisRepN,trials.thisTrialN,trials.thisN,trials.thisIndex,trials_2.thisRepN,trials_2.thisTrialN,trials_2.thisN,trials_2.thisIndex,thisRow.t,notes,trial.started,fixation.started,line1.started,line2.started,line3.started,line4.started,fixation.stopped,probe.started,key_resp.started,trial.stopped,trials.key_resp.keys,trials.key_resp.corr,trials.key_resp.rt,trials.key_resp.duration,trials_2.key_resp.keys,trials_2.key_resp.corr,trials_2.key_resp.rt,trials_2.key_resp.duration,participant,session,date,expName,expVersion,psychopyVersion,frameRate,expStart,
-50,x,0,0,0,x,1,0.6674360829929356,None,0,0,0,0,,,,,0.03456679100054316,,0.02454887500789482,0.03456679100054316,1.0006192500004545,1.0006192500004545,1.0006192500004545,1.0006192500004545,1.0328570830024546,1.9982731250056531,1.9982731250056531,2.8600898750009947,x,1,0.6674360829929356,None,,,,,4,001,2025-10-02_18h10.05.230,motor sequence learning,,2025.1.1,None,2025-10-02 18h10.20.060029 +0530,
150,v,1,1,0,v,1,0.31253266699786764,None,0,1,1,1,,,,,2.8685497080005007,,2.8603435830009403,2.8685497080005007,3.8588870410021627,3.8588870410021627,3.8588870410021627,3.8588870410021627,3.866361416003201,4.857662833004724,4.857662833004724,5.173896416003117,v,1,0.31253266699786764,None,,,,,4,001,2025-10-02_18h10.05.230,motor sequence learning,,2025.1.1,None,2025-10-02 18h10.20.060029 +0530,
50,c,2,2,0,c,1,0.7925259579933481,None,0,2,2,2,,,,,5.18166362500051,,5.17422220800654,5.18166362500051,6.17524341600074,6.17524341600074,6.17524341600074,6.17524341600074,6.17524341600074,7.166522750005242,7.166522750005242,7.96765495800355,c,1,0.7925259579933481,None,,,,,4,001,2025-10-02_18h10.05.230,motor sequence learning,,2025.1.1,None,2025-10-02 18h10.20.060029 +0530,
-150,z,3,3,0,z,1,0.40898216699133627,None,0,3,3,3,,,,,7.97606875000929,,7.968091540999012,7.97606875000929,8.958454874999006,8.958454874999006,8.958454874999006,8.958454874999006,8.966018416002044,9.96511004101194,9.96511004101194,10.384512000004179,z,1,0.40898216699133627,None,,,,,4,001,2025-10-02_18h10.05.230,motor sequence learning,,2025.1.1,None,2025-10-02 18h10.20.060029 +0530,
-50,x,4,0,1,x,1,0.36614758300129324,None,1,0,4,0,,,,,10.393675166007597,,10.384930208005244,10.393675166007597,11.382069458006299,11.382069458006299,11.382069458006299,11.382069458006299,11.389626415999373,12.382837124998332,12.382837124998332,12.750285583009827,x,1,0.36614758300129324,None,,,,,4,001,2025-10-02_18h10.05.230,motor sequence learning,,2025.1.1,None,2025-10-02 18h10.20.060029 +0530,
150,v,5,1,1,v,1,0.49052191599912476,None,1,1,5,1,,,,,12.754762958007632,,12.750648625005851,12.754762958007632,13.749226708008791,13.749226708008791,13.749226708008791,13.749226708008791,13.749226708008791,14.73948483300046,14.73948483300046,15.23368366601062,v,1,0.49052191599912476,None,,,,,4,001,2025-10-02_18h10.05.230,motor sequence learning,,2025.1.1,None,2025-10-02 18h10.20.060029 +0530,
50,c,6,2,1,c,1,0.31990374899760354,None,1,2,6,2,,,,,15.238524958011112,,15.234019166004146,15.238524958011112,16.224399416008964,16.224399416008964,16.224399416008964,16.224399416008964,16.23180933301046,17.22398266600794,17.22398266600794,17.550725583001622,c,1,0.31990374899760354,None,,,,,4,001,2025-10-02_18h10.05.230,motor sequence learning,,2025.1.1,None,2025-10-02 18h10.20.060029 +0530,
-150,z,7,3,1,z,1,0.3507364170072833,None,1,3,7,3,,,,,17.560070750012528,,17.551132625012542,17.560070750012528,18.543035291004344,18.543035291004344,18.543035291004344,18.543035291004344,18.55061225000827,19.541164958005538,19.541164958005538,19.900932583012036,z,1,0.3507364170072833,None,,,,,4,001,2025-10-02_18h10.05.230,motor sequence learning,,2025.1.1,None,2025-10-02 18h10.20.060029 +0530,
-50,x,8,0,2,x,1,1.1922904160019243,None,2,0,8,0,,,,,19.910225915999035,,19.901365625002654,19.910225915999035,20.892593041004147,20.892593041004147,20.892593041004147,20.892593041004147,20.899951958010206,21.898422375001246,21.898422375001246,23.101054958009627,x,1,1.1922904160019243,None,,,,,4,001,2025-10-02_18h10.05.230,motor sequence learning,,2025.1.1,None,2025-10-02 18h10.20.060029 +0530,
150,v,9,1,2,v,1,0.3930479999980889,None,2,1,9,1,,,,,23.110064000007696,,23.101462457998423,23.110064000007696,24.091849832999287,24.091849832999287,24.091849832999287,24.091849832999287,24.10680858300475,25.098682625000947,25.098682625000947,25.499980708002113,v,1,0.3930479999980889,None,,,,,4,001,2025-10-02_18h10.05.230,motor sequence learning,,2025.1.1,None,2025-10-02 18h10.20.060029 +0530,
50,c,10,2,2,c,1,0.37585720799688715,None,2,2,10,2,,,,,25.508730500005186,,25.500432458007708,25.508730500005186,26.492019958008314,26.492019958008314,26.492019958008314,26.492019958008314,26.499569208011962,27.490809416005504,27.490809416005504,27.873636166012147,c,1,0.37585720799688715,None,,,,,4,001,2025-10-02_18h10.05.230,motor sequence learning,,2025.1.1,None,2025-10-02 18h10.20.060029 +0530,
-150,z,11,3,2,z,1,0.4476398739934666,None,2,3,11,3,,,,,27.881771790998755,,27.873987250000937,27.881771790998755,28.87384508299874,28.87384508299874,28.87384508299874,28.87384508299874,28.87384508299874,29.865151291000075,29.865151291000075,30.317130875002476,z,1,0.4476398739934666,None,,,,,4,001,2025-10-02_18h10.05.230,motor sequence learning,,2025.1.1,None,2025-10-02 18h10.20.060029 +0530,
-50,x,12,0,3,x,1,0.3141092489968287,None,3,0,12,0,,,,,30.32176674999937,,30.317475916002877,30.32176674999937,31.30827562500781,31.30827562500781,31.30827562500781,31.30827562500781,31.31537375001062,32.31649225000001,32.31649225000001,32.63291620800737,x,1,0.3141092489968287,None,,,,,4,001,2025-10-02_18h10.05.230,motor sequence learning,,2025.1.1,None,2025-10-02 18h10.20.060029 +0530,
150,v,13,1,3,v,1,0.6754122499987716,None,3,1,13,1,,,,,32.63878195801226,,32.63327029100037,32.63878195801226,33.625113625006634,33.625113625006634,33.625113625006634,33.625113625006634,33.63269658300851,34.62417345801077,34.62417345801077,35.30090262500744,v,1,0.6754122499987716,None,,,,,4,001,2025-10-02_18h10.05.230,motor sequence learning,,2025.1.1,None,2025-10-02 18h10.20.060029 +0530,
50,c,14,2,3,c,1,0.4038060000020778,None,3,2,14,2,,,,,35.306004250000115,,35.301392833003774,35.306004250000115,36.29173987499962,36.29173987499962,36.29173987499962,36.29173987499962,36.29932158300653,37.29073833300208,37.29073833300208,37.699768083009985,c,1,0.4038060000020778,None,,,,,4,001,2025-10-02_18h10.05.230,motor sequence learning,,2025.1.1,None,2025-10-02 18h10.20.060029 +0530,
-150,z,15,3,3,z,1,0.6064185409923084,None,3,3,15,3,,,,,37.70818875000987,,37.70018162501219,37.70818875000987,38.69255245800014,38.69255245800014,38.69255245800014,38.69255245800014,38.70047133300977,39.69095712499984,39.69095712499984,40.29952716600383,z,1,0.6064185409923084,None,,,,,4,001,2025-10-02_18h10.05.230,motor sequence learning,,2025.1.1,None,2025-10-02 18h10.20.060029 +0530,
-50,x,16,0,4,x,1,0.25857799900404643,None,4,0,16,0,,,,,40.30718970800808,,40.29996029099857,40.30718970800808,41.29092508301255,41.29092508301255,41.29092508301255,41.29092508301255,41.29846566601191,42.29079816601006,42.29079816601006,42.55079162500624,x,1,0.25857799900404643,None,,,,,4,001,2025-10-02_18h10.05.230,motor sequence learning,,2025.1.1,None,2025-10-02 18h10.20.060029 +0530,
150,v,17,1,4,v,1,0.401268292000168,None,4,1,17,1,,,,,42.556071583007,,42.55122945801122,42.556071583007,43.54294829101127,43.54294829101127,43.54294829101127,43.54294829101127,43.55055770800391,44.55004875001032,44.55004875001032,44.95781095800339,v,1,0.401268292000168,None,,,,,4,001,2025-10-02_18h10.05.230,motor sequence learning,,2025.1.1,None,2025-10-02 18h10.20.060029 +0530,
50,c,18,2,4,c,1,0.31740304100094363,None,4,2,18,2,,,,,44.965931791011826,,44.958130583007005,44.965931791011826,45.95919108300586,45.95919108300586,45.95919108300586,45.95919108300586,45.95919108300586,46.95744199999899,46.95744199999899,47.284023083004286,c,1,0.31740304100094363,None,,,,,4,001,2025-10-02_18h10.05.230,motor sequence learning,,2025.1.1,None,2025-10-02 18h10.20.060029 +0530,
-150,z,19,3,4,z,1,0.5670633330009878,None,4,3,19,3,,,,,47.291982791008195,,47.284446916004526,47.291982791008195,48.28304125000432,48.28304125000432,48.28304125000432,48.28304125000432,48.29070983300335,49.28305895801168,49.28305895801168,49.85999554100272,z,1,0.5670633330009878,None,,,,,4,001,2025-10-02_18h10.05.230,motor sequence learning,,2025.1.1,None,2025-10-02 18h10.20.060029 +0530,
-50,x,20,0,5,x,1,0.2847896250023041,None,5,0,20,0,,,,,49.86519829100871,,49.860350583010586,49.86519829100871,50.857301374999224,50.857301374999224,50.857301374999224,50.857301374999224,50.857301374999224,51.8555765409983,51.8555765409983,52.15064037500997,x,1,0.2847896250023041,None,,,,,4,001,2025-10-02_18h10.05.230,motor sequence learning,,2025.1.1,None,2025-10-02 18h10.20.060029 +0530,
150,v,21,1,5,v,1,0.4455835830012802,None,5,1,21,1,,,,,52.158435375007684,,52.15098241600208,52.158435375007684,53.14220783300698,53.14220783300698,53.14220783300698,53.14220783300698,53.14941145799821,54.1395817080047,54.1395817080047,54.59201704100997,v,1,0.4455835830012802,None,,,,,4,001,2025-10-02_18h10.05.230,motor sequence learning,,2025.1.1,None,2025-10-02 18h10.20.060029 +0530,
50,c,22,2,5,c,1,0.7239515000110259,None,5,2,22,2,,,,,54.60063379100757,,54.592373999999836,54.60063379100757,55.59186383300403,55.59186383300403,55.59186383300403,55.59186383300403,55.59186383300403,56.590276708011515,56.590276708011515,57.317116916005034,c,1,0.7239515000110259,None,,,,,4,001,2025-10-02_18h10.05.230,motor sequence learning,,2025.1.1,None,2025-10-02 18h10.20.060029 +0530,
-150,z,23,3,5,z,1,0.6087734169996111,None,5,3,23,3,,,,,57.32237629100564,,57.317504833001294,57.32237629100564,58.30891283300298,58.30891283300298,58.30891283300298,58.30891283300298,58.31639712500328,59.306164375011576,59.306164375011576,59.91685691601015,z,1,0.6087734169996111,None,,,,,4,001,2025-10-02_18h10.05.230,motor sequence learning,,2025.1.1,None,2025-10-02 18h10.20.060029 +0530,
-50,x,24,0,6,x,1,0.4077847080043284,None,6,0,24,0,,,,,59.9252254160092,,59.91727158300637,59.9252254160092,60.909355083000264,60.909355083000264,60.909355083000264,60.909355083000264,60.91685658300412,61.90721408301033,61.90721408301033,62.31796270800987,x,1,0.4077847080043284,None,,,,,4,001,2025-10-02_18h10.05.230,motor sequence learning,,2025.1.1,None,2025-10-02 18h10.20.060029 +0530,
150,v,25,1,6,v,1,0.2838224159931997,None,6,1,25,1,,,,,62.32682233300875,,62.31841350000468,62.32682233300875,63.3098352500092,63.3098352500092,63.3098352500092,63.3098352500092,63.31743933301186,64.31522504100576,64.31522504100576,64.6041602500045,v,1,0.2838224159931997,None,,,,,4,001,2025-10-02_18h10.05.230,motor sequence learning,,2025.1.1,None,2025-10-02 18h10.20.060029 +0530,
50,c,26,2,6,c,1,0.3059958330122754,None,6,2,26,2,,,,,64.61676362500293,,64.60449825000251,64.61676362500293,65.5989500410069,65.5989500410069,65.5989500410069,65.5989500410069,65.61539300000004,66.5997888330021,66.5997888330021,66.91737362500862,c,1,0.3059958330122754,None,,,,,4,001,2025-10-02_18h10.05.230,motor sequence learning,,2025.1.1,None,2025-10-02 18h10.20.060029 +0530,
-150,z,27,3,6,z,1,0.44821533300273586,None,6,3,27,3,,,,,66.9252904580062,,66.91772645800665,66.9252904580062,67.90737108301255,67.90737108301255,67.90737108301255,67.90737108301255,67.92284704100166,68.9165492910106,68.9165492910106,69.367677000002,z,1,0.44821533300273586,None,,,,,4,001,2025-10-02_18h10.05.230,motor sequence learning,,2025.1.1,None,2025-10-02 18h10.20.060029 +0530,
-50,x,28,0,7,x,1,0.3719504579930799,None,7,0,28,0,,,,,69.37252558300679,,69.36839416599832,69.37252558300679,70.36644454101042,70.36644454101042,70.36644454101042,70.36644454101042,70.37311916600447,71.36547045801126,71.36547045801126,71.7403153750056,x,1,0.3719504579930799,None,,,,,4,001,2025-10-02_18h10.05.230,motor sequence learning,,2025.1.1,None,2025-10-02 18h10.20.060029 +0530,
150,v,29,1,7,v,1,0.40645887500431854,None,7,1,29,1,,,,,71.74881504100631,,71.7406750000082,71.74881504100631,72.73205858300207,72.73205858300207,72.73205858300207,72.73205858300207,72.73999304100289,73.73203079101222,73.73203079101222,74.14173645801202,v,1,0.40645887500431854,None,,,,,4,001,2025-10-02_18h10.05.230,motor sequence learning,,2025.1.1,None,2025-10-02 18h10.20.060029 +0530,
50,c,30,2,7,c,1,0.34207424899796024,None,7,2,30,2,,,,,74.15078087500297,,74.14218970799993,74.15078087500297,75.14070158300456,75.14070158300456,75.14070158300456,75.14070158300456,75.14070158300456,76.14103804100887,76.14103804100887,76.48458537500119,c,1,0.34207424899796024,None,,,,,4,001,2025-10-02_18h10.05.230,motor sequence learning,,2025.1.1,None,2025-10-02 18h10.20.060029 +0530,
-150,z,31,3,7,z,1,0.3381446249986766,None,7,3,31,3,,,,,76.49258991600072,,76.48503154100035,76.49258991600072,77.47614358300052,77.47614358300052,77.47614358300052,77.47614358300052,77.48365791600372,78.48247883300064,78.48247883300064,78.82194300000265,z,1,0.3381446249986766,None,,,,,4,001,2025-10-02_18h10.05.230,motor sequence learning,,2025.1.1,None,2025-10-02 18h10.20.060029 +0530,
-50,x,32,0,8,x,1,0.37324062499101274,None,8,0,32,0,,,,,78.83344966600998,,78.8222800000076,78.83344966600998,79.81638533300429,79.81638533300429,79.81638533300429,79.81638533300429,79.82462891600153,80.81634237500839,80.81634237500839,81.20144379101112,x,1,0.37324062499101274,None,,,,,4,001,2025-10-02_18h10.05.230,motor sequence learning,,2025.1.1,None,2025-10-02 18h10.20.060029 +0530,
150,v,33,1,8,v,1,0.36903679100214504,None,8,1,33,1,,,,,81.21049700000731,,81.2019350410119,81.21049700000731,82.19306616600079,82.19306616600079,82.19306616600079,82.19306616600079,82.20071595800982,83.19929233301082,83.19929233301082,83.57433495800069,v,1,0.36903679100214504,None,,,,,4,001,2025-10-02_18h10.05.230,motor sequence learning,,2025.1.1,None,2025-10-02 18h10.20.060029 +0530,
50,c,34,2,8,c,1,0.48618420799903106,None,8,2,34,2,,,,,83.58285216600052,,83.57481233301223,83.58285216600052,84.5740775000013,84.5740775000013,84.5740775000013,84.5740775000013,84.5740775000013,85.57216529099969,85.57216529099969,86.06756591600424,c,1,0.48618420799903106,None,,,,,4,001,2025-10-02_18h10.05.230,motor sequence learning,,2025.1.1,None,2025-10-02 18h10.20.060029 +0530,
-150,z,35,3,8,z,1,0.41487112500180956,None,8,3,35,3,,,,,86.07539633300621,,86.06807741599914,86.07539633300621,87.06651479100401,87.06651479100401,87.06651479100401,87.06651479100401,87.07436129100097,88.06638679100433,88.06638679100433,88.48408720800944,z,1,0.41487112500180956,None,,,,,4,001,2025-10-02_18h10.05.230,motor sequence learning,,2025.1.1,None,2025-10-02 18h10.20.060029 +0530,
-50,x,36,0,9,x,1,0.30965654099418316,None,9,0,36,0,,,,,88.48889562500699,,88.48451875000319,88.48889562500699,89.47449600000982,89.47449600000982,89.47449600000982,89.47449600000982,89.48201487500046,90.48267329100054,90.48267329100054,90.80127870800789,x,1,0.30965654099418316,None,,,,,4,001,2025-10-02_18h10.05.230,motor sequence learning,,2025.1.1,None,2025-10-02 18h10.20.060029 +0530,
150,v,37,1,9,v,1,0.3002025409950875,None,9,1,37,1,,,,,90.81083079100063,,90.80171833300847,90.81083079100063,91.80037433300458,91.80037433300458,91.80037433300458,91.80037433300458,91.80825104100222,92.79114179100725,92.79114179100725,93.10086370800855,v,1,0.3002025409950875,None,,,,,4,001,2025-10-02_18h10.05.230,motor sequence learning,,2025.1.1,None,2025-10-02 18h10.20.060029 +0530,
50,c,38,2,9,c,1,0.3810682490002364,None,9,2,38,2,,,,,93.10934212501161,,93.10127675000695,93.10934212501161,94.09336137500941,94.09336137500941,94.09336137500941,94.09336137500941,94.10095154101145,95.09020650001185,95.09020650001185,95.47460466600023,c,1,0.3810682490002364,None,,,,,4,001,2025-10-02_18h10.05.230,motor sequence learning,,2025.1.1,None,2025-10-02 18h10.20.060029 +0530,
-150,z,39,3,9,z,1,0.4593120419885963,None,9,3,39,3,,,,,95.48210795799969,,95.47494137501053,95.48210795799969,96.47564375000366,96.47564375000366,96.47564375000366,96.47564375000366,96.47564375000366,97.47388941601093,97.47388941601093,97.93472541600931,z,1,0.4593120419885963,None,,,,,4,001,2025-10-02_18h10.05.230,motor sequence learning,,2025.1.1,None,2025-10-02 18h10.20.060029 +0530,
-50,x,40,0,10,x,1,0.34213770799397025,None,10,0,40,0,,,,,97.94305954100855,,97.93516783299856,97.94305954100855,98.9257815000019,98.9257815000019,98.9257815000019,98.9257815000019,98.93370079100714,99.93285162500979,99.93285162500979,100.28437895800744,x,1,0.34213770799397025,None,,,,,4,001,2025-10-02_18h10.05.230,motor sequence learning,,2025.1.1,None,2025-10-02 18h10.20.060029 +0530,
150,v,41,1,10,v,1,0.28255895800248254,None,10,1,41,1,,,,,100.29217262500606,,100.28479750000406,100.29217262500606,101.28304854100861,101.28304854100861,101.28304854100861,101.28304854100861,101.29048675000377,102.28341695800191,102.28341695800191,102.56781408299867,v,1,0.28255895800248254,None,,,,,4,001,2025-10-02_18h10.05.230,motor sequence learning,,2025.1.1,None,2025-10-02 18h10.20.060029 +0530,
50,c,42,2,10,c,1,0.4503367079887539,None,10,2,42,2,,,,,102.57225495800958,,102.56834958300169,102.57225495800958,103.56683162500849,103.56683162500849,103.56683162500849,103.56683162500849,103.56683162500849,104.56651583300845,104.56651583300845,105.02341425001214,c,1,0.4503367079887539,None,,,,,4,001,2025-10-02_18h10.05.230,motor sequence learning,,2025.1.1,None,2025-10-02 18h10.20.060029 +0530,
-150,z,43,3,10,z,1,0.46235674900526647,None,10,3,43,3,,,,,105.03203495799971,,105.02388750000682,105.03203495799971,106.02482254100323,106.02482254100323,106.02482254100323,106.02482254100323,106.02482254100323,107.02462458300579,107.02462458300579,107.49081899999874,z,1,0.46235674900526647,None,,,,,4,001,2025-10-02_18h10.05.230,motor sequence learning,,2025.1.1,None,2025-10-02 18h10.20.060029 +0530,
-50,x,44,0,11,x,1,0.3067789990018355,None,11,0,44,0,,,,,107.49868725000124,,107.49115562500083,107.49868725000124,108.4917339579988,108.4917339579988,108.4917339579988,108.4917339579988,108.4917339579988,109.4820254160004,109.4820254160004,109.80160387500655,x,1,0.3067789990018355,None,,,,,4,001,2025-10-02_18h10.05.230,motor sequence learning,,2025.1.1,None,2025-10-02 18h10.20.060029 +0530,
150,v,45,1,11,v,1,0.3147550829889951,None,11,1,45,1,,,,,109.81146520801121,,109.8020900410047,109.81146520801121,110.79888400000345,110.79888400000345,110.79888400000345,110.79888400000345,110.80641362500319,111.80023012500897,111.80023012500897,112.1170471660007,v,1,0.3147550829889951,None,,,,,4,001,2025-10-02_18h10.05.230,motor sequence learning,,2025.1.1,None,2025-10-02 18h10.20.060029 +0530,
50,c,46,2,11,c,1,0.7101447080058279,None,11,2,46,2,,,,,112.12602925000829,,112.11744608300796,112.12602925000829,113.10949295799946,113.10949295799946,113.10949295799946,113.10949295799946,113.11698158300715,114.10752133300412,114.10752133300412,114.82382416600012,c,1,0.7101447080058279,None,,,,,4,001,2025-10-02_18h10.05.230,motor sequence learning,,2025.1.1,None,2025-10-02 18h10.20.060029 +0530,
-150,z,47,3,11,z,1,0.44761804198788013,None,11,3,47,3,,,,,114.83206595800584,,114.82425862501259,114.83206595800584,115.81638295800076,115.81638295800076,115.81638295800076,115.81638295800076,115.8245452500123,116.82414941600291,116.82414941600291,117.27506316600193,z,1,0.44761804198788013,None,,,,,4,001,2025-10-02_18h10.05.230,motor sequence learning,,2025.1.1,None,2025-10-02 18h10.20.060029 +0530,
-50,x,48,0,12,x,1,0.7338872499967692,None,12,0,48,0,,,,,117.28399925000849,,117.27552512500552,117.28399925000849,118.27552975001163,118.27552975001163,118.27552975001163,118.27552975001163,118.27552975001163,119.27371712500462,119.27371712500462,120.01788083300926,x,1,0.7338872499967692,None,,,,,4,001,2025-10-02_18h10.05.230,motor sequence learning,,2025.1.1,None,2025-10-02 18h10.20.060029 +0530,
150,v,49,1,12,v,1,0.7714517499989597,None,12,1,49,1,,,,,120.02692400000524,,120.01831416600908,120.02692400000524,121.01549066600273,121.01549066600273,121.01549066600273,121.01549066600273,121.02362537500449,122.0165725830011,122.0165725830011,122.78990462500951,v,1,0.7714517499989597,None,,,,,4,001,2025-10-02_18h10.05.230,motor sequence learning,,2025.1.1,None,2025-10-02 18h10.20.060029 +0530,
50,c,50,2,12,c,1,0.25120383300236426,None,12,2,50,2,,,,,122.79904016600631,,122.79030475000036,122.79904016600631,123.79186637500243,123.79186637500243,123.79186637500243,123.79186637500243,123.79186637500243,124.78338041600364,124.78338041600364,125.040415416006,c,1,0.25120383300236426,None,,,,,4,001,2025-10-02_18h10.05.230,motor sequence learning,,2025.1.1,None,2025-10-02 18h10.20.060029 +0530,
-150,z,51,3,12,z,1,0.32069916700129397,None,12,3,51,3,,,,,125.04880416599917,,125.04075687500881,125.04880416599917,126.04083508301119,126.04083508301119,126.04083508301119,126.04083508301119,126.04083508301119,127.0397112500068,127.0397112500068,127.3681255410047,z,1,0.32069916700129397,None,,,,,4,001,2025-10-02_18h10.05.230,motor sequence learning,,2025.1.1,None,2025-10-02 18h10.20.060029 +0530,
-50,x,52,0,13,x,1,0.34820016598678194,None,13,0,52,0,,,,,127.37663395800337,,127.36856216601154,127.37663395800337,128.35913087500376,128.35913087500376,128.35913087500376,128.35913087500376,128.36671266600024,129.35830729101144,129.35830729101144,129.71816512499936,x,1,0.34820016598678194,None,,,,,4,001,2025-10-02_18h10.05.230,motor sequence learning,,2025.1.1,None,2025-10-02 18h10.20.060029 +0530,
150,v,53,1,13,v,1,1.4459921670058975,None,13,1,53,1,,,,,129.72663995801122,,129.71861641600844,129.72663995801122,130.7093112910079,130.7093112910079,130.7093112910079,130.7093112910079,130.71687595800904,131.7174160410068,131.7174160410068,133.16776054100774,v,1,1.4459921670058975,None,,,,,4,001,2025-10-02_18h10.05.230,motor sequence learning,,2025.1.1,None,2025-10-02 18h10.20.060029 +0530,
50,c,54,2,13,c,1,0.28311083299922757,None,13,2,54,2,,,,,133.1764067910117,,133.16818837499886,133.1764067910117,134.15903895800875,134.15903895800875,134.15903895800875,134.15903895800875,134.1673219580116,135.15709400000924,135.15709400000924,135.45096804101195,c,1,0.28311083299922757,None,,,,,4,001,2025-10-02_18h10.05.230,motor sequence learning,,2025.1.1,None,2025-10-02 18h10.20.060029 +0530,
-150,z,55,3,13,z,1,0.3318289159942651,None,13,3,55,3,,,,,135.45611550001195,,135.45134216600854,135.45611550001195,136.4429556660034,136.4429556660034,136.4429556660034,136.4429556660034,136.45041812500858,137.4503719159984,137.4503719159984,137.7847917080071,z,1,0.3318289159942651,None,,,,,4,001,2025-10-02_18h10.05.230,motor sequence learning,,2025.1.1,None,2025-10-02 18h10.20.060029 +0530,
-50,x,56,0,14,x,1,0.3798636660067132,None,14,0,56,0,,,,,137.7938308330049,,137.785208375004,137.7938308330049,138.78327925001213,138.78327925001213,138.78327925001213,138.78327925001213,138.7909180830029,139.78340483301145,139.78340483301145,140.16769625000597,x,1,0.3798636660067132,None,,,,,4,001,2025-10-02_18h10.05.230,motor sequence learning,,2025.1.1,None,2025-10-02 18h10.20.060029 +0530,
150,v,57,1,14,v,1,0.32839966598839965,None,14,1,57,1,,,,,140.17235516601068,,140.1682039580046,140.17235516601068,141.16670687501028,141.16670687501028,141.16670687501028,141.16670687501028,141.16670687501028,142.16666087500926,142.16666087500926,142.5013112500019,v,1,0.32839966598839965,None,,,,,4,001,2025-10-02_18h10.05.230,motor sequence learning,,2025.1.1,None,2025-10-02 18h10.20.060029 +0530,
50,c,58,2,14,c,1,0.8261541670071892,None,14,2,58,2,,,,,142.50982000000658,,142.501790291004,142.50982000000658,143.5001037500042,143.5001037500042,143.5001037500042,143.5001037500042,143.5075700830057,144.49896837500273,144.49896837500273,145.33351200001198,c,1,0.8261541670071892,None,,,,,4,001,2025-10-02_18h10.05.230,motor sequence learning,,2025.1.1,None,2025-10-02 18h10.20.060029 +0530,
-150,z,59,3,14,z,1,0.3922027490043547,None,14,3,59,3,,,,,145.3404258750088,,145.33389004100172,145.3404258750088,146.32561208300467,146.32561208300467,146.32561208300467,146.32561208300467,146.33354325000255,147.32479008300288,147.32479008300288,147.72220020800887,z,1,0.3922027490043547,None,,,,,4,001,2025-10-02_18h10.05.230,motor sequence learning,,2025.1.1,None,2025-10-02 18h10.20.060029 +0530,
-50,x,60,0,15,x,1,0.8583810829877621,None,15,0,60,0,,,,,147.73228008300066,,147.72263991599903,147.73228008300066,148.71556024999882,148.71556024999882,148.71556024999882,148.71556024999882,148.72303787501005,149.7156130830117,149.7156130830117,150.5852672500041,x,1,0.8583810829877621,None,,,,,4,001,2025-10-02_18h10.05.230,motor sequence learning,,2025.1.1,None,2025-10-02 18h10.20.060029 +0530,
150,v,61,1,15,v,1,0.22202825000567827,None,15,1,61,1,,,,,150.5937343330006,,150.5856962500111,150.5937343330006,151.58368941600202,151.58368941600202,151.58368941600202,151.58368941600202,151.59101895800268,152.5837642080005,152.5837642080005,152.80724704101158,v,1,0.22202825000567827,None,,,,,4,001,2025-10-02_18h10.05.230,motor sequence learning,,2025.1.1,None,2025-10-02 18h10.20.060029 +0530,
50,c,62,2,15,c,1,0.2728036670014262,None,15,2,62,2,,,,,152.81568850000622,,152.80764533299953,152.81568850000622,153.79888954100898,153.79888954100898,153.79888954100898,153.79888954100898,153.8064261660038,154.79909600000246,154.79909600000246,155.07341829100915,c,1,0.2728036670014262,None,,,,,4,001,2025-10-02_18h10.05.230,motor sequence learning,,2025.1.1,None,2025-10-02 18h10.20.060029 +0530,
-150,z,63,3,15,z,1,0.33242270798655227,None,15,3,63,3,,,,,155.08374958300556,,155.07375562500965,155.08374958300556,156.0740968750033,156.0740968750033,156.0740968750033,156.0740968750033,156.0740968750033,157.07340912500513,157.07340912500513,157.40697479101073,z,1,0.33242270798655227,None,,,,,4,001,2025-10-02_18h10.05.230,motor sequence learning,,2025.1.1,None,2025-10-02 18h10.20.060029 +0530,
-50,x,64,0,16,x,1,0.27048862499941606,None,16,0,64,0,,,,,157.41694166600064,,157.40732829101034,157.41694166600064,158.4075983750081,158.4075983750081,158.4075983750081,158.4075983750081,158.4075983750081,159.39925670799857,159.39925670799857,159.67373816600593,x,1,0.27048862499941606,None,,,,,4,001,2025-10-02_18h10.05.230,motor sequence learning,,2025.1.1,None,2025-10-02 18h10.20.060029 +0530,
150,v,65,1,16,v,1,0.2642332920077024,None,16,1,65,1,,,,,159.68224216600356,,159.67405825000606,159.68224216600356,160.6742441660026,160.6742441660026,160.6742441660026,160.6742441660026,160.6742441660026,161.6655516660103,161.6655516660103,161.9345126660046,v,1,0.2642332920077024,None,,,,,4,001,2025-10-02_18h10.05.230,motor sequence learning,,2025.1.1,None,2025-10-02 18h10.20.060029 +0530,
50,c,66,2,16,c,1,0.3053382079961011,None,16,2,66,2,,,,,161.9395202910091,,161.93492691600113,161.9395202910091,162.9334985410096,162.9334985410096,162.9334985410096,162.9334985410096,162.9407348750101,163.93262875000073,163.93262875000073,164.24010487500345,c,1,0.3053382079961011,None,,,,,4,001,2025-10-02_18h10.05.230,motor sequence learning,,2025.1.1,None,2025-10-02 18h10.20.060029 +0530,
-150,z,67,3,16,z,1,0.3974173750029877,None,16,3,67,3,,,,,164.24887862500327,,164.24044966600195,164.24887862500327,165.2325802080013,165.2325802080013,165.2325802080013,165.2325802080013,165.24019250000129,166.2322222500079,166.2322222500079,166.63351529100328,z,1,0.3974173750029877,None,,,,,4,001,2025-10-02_18h10.05.230,motor sequence learning,,2025.1.1,None,2025-10-02 18h10.20.060029 +0530,
-50,x,68,0,17,x,1,0.31406670800060965,None,17,0,68,0,,,,,166.63779683300527,,166.63385770800232,166.63779683300527,167.62622504100727,167.62622504100727,167.62622504100727,167.62622504100727,167.6343173750065,168.62446879100753,168.62446879100753,168.94212808299926,x,1,0.31406670800060965,None,,,,,4,001,2025-10-02_18h10.05.230,motor sequence learning,,2025.1.1,None,2025-10-02 18h10.20.060029 +0530,
150,v,69,1,17,v,1,0.2596655829984229,None,17,1,69,1,,,,,168.96691016601108,,168.94254779101175,168.96691016601108,169.9426365410036,169.9426365410036,169.9426365410036,169.9426365410036,169.95764787500957,170.93886350000685,170.93886350000685,171.20170633299858,v,1,0.2596655829984229,None,,,,,4,001,2025-10-02_18h10.05.230,motor sequence learning,,2025.1.1,None,2025-10-02 18h10.20.060029 +0530,
50,c,70,2,17,c,1,0.28546762399491854,None,17,2,70,2,,,,,171.2118940000073,,171.20211733299948,171.2118940000073,172.19900537500507,172.19900537500507,172.19900537500507,172.19900537500507,172.20635608299926,173.1990592910006,173.1990592910006,173.48975887500274,c,1,0.28546762399491854,None,,,,,4,001,2025-10-02_18h10.05.230,motor sequence learning,,2025.1.1,None,2025-10-02 18h10.20.060029 +0530,
-150,z,71,3,17,z,1,0.2449029999988852,None,17,3,71,3,,,,,173.4989760830067,,173.490188708005,173.4989760830067,174.49188916600542,174.49188916600542,174.49188916600542,174.49188916600542,174.49188916600542,175.48344716599968,175.48344716599968,175.73470616601116,z,1,0.2449029999988852,None,,,,,4,001,2025-10-02_18h10.05.230,motor sequence learning,,2025.1.1,None,2025-10-02 18h10.20.060029 +0530,
-50,x,72,0,18,x,1,0.7788859989959747,None,18,0,72,0,,,,,175.7434221660078,,175.73520529099915,175.7434221660078,176.7334195410076,176.7334195410076,176.7334195410076,176.7334195410076,176.74007145799987,177.7334716250043,177.7334716250043,178.51774345801095,x,1,0.7788859989959747,None,,,,,4,001,2025-10-02_18h10.05.230,motor sequence learning,,2025.1.1,None,2025-10-02 18h10.20.060029 +0530,
150,v,73,1,18,v,1,0.4744268330105115,None,18,1,73,1,,,,,178.5257127500081,,178.51809075000347,178.5257127500081,179.50802716601174,179.50802716601174,179.50802716601174,179.50802716601174,179.52296875001048,180.50695504101168,180.50695504101168,180.98431712501042,v,1,0.4744268330105115,None,,,,,4,001,2025-10-02_18h10.05.230,motor sequence learning,,2025.1.1,None,2025-10-02 18h10.20.060029 +0530,
50,c,74,2,18,c,1,0.29276691599807236,None,18,2,74,2,,,,,180.9886613330018,,180.9846329580032,180.9886613330018,181.97512766600994,181.97512766600994,181.97512766600994,181.97512766600994,181.9823757080012,182.9744897500059,182.9744897500059,183.2715872080007,c,1,0.29276691599807236,None,,,,,4,001,2025-10-02_18h10.05.230,motor sequence learning,,2025.1.1,None,2025-10-02 18h10.20.060029 +0530,
-150,z,75,3,18,z,1,0.5050699159910437,None,18,3,75,3,,,,,183.28380854100396,,183.27193533300306,183.28380854100396,184.26572920801118,184.26572920801118,184.26572920801118,184.26572920801118,184.28356333301053,185.2671789580054,185.2671789580054,185.77455187500163,z,1,0.5050699159910437,None,,,,,4,001,2025-10-02_18h10.05.230,motor sequence learning,,2025.1.1,None,2025-10-02 18h10.20.060029 +0530,
-50,x,76,0,19,x,1,0.28847304100054316,None,19,0,76,0,,,,,185.78391433300567,,185.77493987500202,185.78391433300567,186.76585537500796,186.76585537500796,186.76585537500796,186.76585537500796,186.78378100000555,187.76571095800318,187.76571095800318,188.05725062500278,x,1,0.28847304100054316,None,,,,,4,001,2025-10-02_18h10.05.230,motor sequence learning,,2025.1.1,None,2025-10-02 18h10.20.060029 +0530,
150,v,77,1,19,v,1,0.249766582986922,None,19,1,77,1,,,,,188.0658364580013,,188.05771616600396,188.0658364580013,189.04916404100368,189.04916404100368,189.04916404100368,189.04916404100368,189.05702504100918,190.05829258300946,190.05829258300946,190.31834833300672,v,1,0.249766582986922,None,,,,,4,001,2025-10-02_18h10.05.230,motor sequence learning,,2025.1.1,None,2025-10-02 18h10.20.060029 +0530,
50,c,78,2,19,c,1,0.4523857079911977,None,19,2,78,2,,,,,190.32661262500915,,190.31877783300297,190.32661262500915,191.30937112501124,191.30937112501124,191.30937112501124,191.30937112501124,191.31676466600038,192.31566741599818,192.31566741599818,192.7733792910003,c,1,0.4523857079911977,None,,,,,4,001,2025-10-02_18h10.05.230,motor sequence learning,,2025.1.1,None,2025-10-02 18h10.20.060029 +0530,
-150,z,79,3,19,z,1,0.2711356240033638,None,19,3,79,3,,,,,192.78236508301052,,192.7737302500027,192.78236508301052,193.77502283301146,193.77502283301146,193.77502283301146,193.77502283301146,193.77502283301146,194.76678975000686,194.76678975000686,195.0407076660049,z,1,0.2711356240033638,None,,,,,4,001,2025-10-02_18h10.05.230,motor sequence learning,,2025.1.1,None,2025-10-02 18h10.20.060029 +0530,
-50,x,80,0,20,x,1,0.3065596250089584,None,20,0,80,0,,,,,195.0490277909994,,195.04110300001048,195.0490277909994,196.04109904100187,196.04109904100187,196.04109904100187,196.04109904100187,196.04109904100187,197.0404470830108,197.0404470830108,197.3510787080013,x,1,0.3065596250089584,None,,,,,4,001,2025-10-02_18h10.05.230,motor sequence learning,,2025.1.1,None,2025-10-02 18h10.20.060029 +0530,
150,v,81,1,20,v,1,0.37860149900370743,None,20,1,81,1,,,,,197.3557978750032,,197.35147366599995,197.3557978750032,198.34166120800364,198.34166120800364,198.34166120800364,198.34166120800364,198.34918350000225,199.3501916660025,199.3501916660025,199.73488675001136,v,1,0.37860149900370743,None,,,,,4,001,2025-10-02_18h10.05.230,motor sequence learning,,2025.1.1,None,2025-10-02 18h10.20.060029 +0530,
50,c,82,2,20,c,1,0.24147262499900535,None,20,2,82,2,,,,,199.7434435000032,,199.7353553330031,199.7434435000032,200.72643875000358,200.72643875000358,200.72643875000358,200.72643875000358,200.73466512501182,201.73426208300225,201.73426208300225,201.98459691600874,c,1,0.24147262499900535,None,,,,,4,001,2025-10-02_18h10.05.230,motor sequence learning,,2025.1.1,None,2025-10-02 18h10.20.060029 +0530,
-150,z,83,3,20,z,1,0.27806766600406263,None,20,3,83,3,,,,,201.99203495800612,,201.98502658300276,201.99203495800612,202.97622783300176,202.97622783300176,202.97622783300176,202.97622783300176,202.98392800000147,203.97475070800283,203.97475070800283,204.25724904100935,z,1,0.27806766600406263,None,,,,,4,001,2025-10-02_18h10.05.230,motor sequence learning,,2025.1.1,None,2025-10-02 18h10.20.060029 +0530,
-50,x,84,0,21,x,1,0.2782504580100067,None,21,0,84,0,,,,,204.26575004099868,,204.25759404100245,204.26575004099868,205.24913133301015,205.24913133301015,205.24913133301015,205.24913133301015,205.25649958300346,206.25046541600022,206.25046541600022,206.5333972080116,x,1,0.2782504580100067,None,,,,,4,001,2025-10-02_18h10.05.230,motor sequence learning,,2025.1.1,None,2025-10-02 18h10.20.060029 +0530,
150,v,85,1,21,v,1,0.2642926660046214,None,21,1,85,1,,,,,206.54100637500233,,206.53378458300722,206.54100637500233,207.5266360000096,207.5266360000096,207.5266360000096,207.5266360000096,207.5344307500054,208.52553170800093,208.52553170800093,208.79217620800773,v,1,0.2642926660046214,None,,,,,4,001,2025-10-02_18h10.05.230,motor sequence learning,,2025.1.1,None,2025-10-02 18h10.20.060029 +0530,
50,c,86,2,21,c,1,0.4289798739919206,None,21,2,86,2,,,,,208.79991600000358,,208.79260608300683,208.79991600000358,209.79257087501173,209.79257087501173,209.79257087501173,209.79257087501173,209.79257087501173,210.79158841600292,210.79158841600292,211.22417220800708,c,1,0.4289798739919206,None,,,,,4,001,2025-10-02_18h10.05.230,motor sequence learning,,2025.1.1,None,2025-10-02 18h10.20.060029 +0530,
-150,z,87,3,21,z,1,0.34668674899148755,None,21,3,87,3,,,,,211.23250108301,,211.22451441601152,211.23250108301,212.2257095410023,212.2257095410023,212.2257095410023,212.2257095410023,212.2257095410023,213.22494525001093,213.22494525001093,213.57446591601183,z,1,0.34668674899148755,None,,,,,4,001,2025-10-02_18h10.05.230,motor sequence learning,,2025.1.1,None,2025-10-02 18h10.20.060029 +0530,
-50,x,88,0,22,x,1,0.4377142500015907,None,22,0,88,0,,,,,213.58280225000635,,213.5748981659999,213.58280225000635,214.57475362499827,214.57475362499827,214.57475362499827,214.57475362499827,214.57475362499827,215.5658354160114,215.5658354160114,216.00678379100282,x,1,0.4377142500015907,None,,,,,4,001,2025-10-02_18h10.05.230,motor sequence learning,,2025.1.1,None,2025-10-02 18h10.20.060029 +0530,
150,v,89,1,22,v,1,0.2779457500000717,None,22,1,89,1,,,,,216.01579341600882,,216.00722550001228,216.01579341600882,217.0081634579983,217.0081634579983,217.0081634579983,217.0081634579983,217.0081634579983,217.99948245800624,217.99948245800624,218.28486054101086,v,1,0.2779457500000717,None,,,,,4,001,2025-10-02_18h10.05.230,motor sequence learning,,2025.1.1,None,2025-10-02 18h10.20.060029 +0530,
50,c,90,2,22,c,1,0.2612369580019731,None,22,2,90,2,,,,,218.29333520799992,,218.28527729101188,218.29333520799992,219.27643566600455,219.27643566600455,219.27643566600455,219.27643566600455,219.2838104160037,220.27518445800524,220.27518445800524,220.54050920800364,c,1,0.2612369580019731,None,,,,,4,001,2025-10-02_18h10.05.230,motor sequence learning,,2025.1.1,None,2025-10-02 18h10.20.060029 +0530,
-150,z,91,3,22,z,1,0.47697820799658075,None,22,3,91,3,,,,,220.54954104100761,,220.54091641600826,220.54954104100761,221.54313195800933,221.54313195800933,221.54313195800933,221.54313195800933,221.54313195800933,222.53245491599955,222.53245491599955,223.01830687500478,z,1,0.47697820799658075,None,,,,,4,001,2025-10-02_18h10.05.230,motor sequence learning,,2025.1.1,None,2025-10-02 18h10.20.060029 +0530,
-50,x,92,0,23,x,1,0.28830429099616595,None,23,0,92,0,,,,,223.02680295800383,,223.01875375000236,223.02680295800383,224.00915304099908,224.00915304099908,224.00915304099908,224.00915304099908,224.0173381659988,225.01607941600378,225.01607941600378,225.30837883301137,x,1,0.28830429099616595,None,,,,,4,001,2025-10-02_18h10.05.230,motor sequence learning,,2025.1.1,None,2025-10-02 18h10.20.060029 +0530,
150,v,93,1,23,v,1,0.3951550409983611,None,23,1,93,1,,,,,225.31666666601086,,225.30878966599994,225.31666666601086,226.30905841600907,226.30905841600907,226.30905841600907,226.30905841600907,226.30905841600907,227.308207375012,227.308207375012,227.70708900000318,v,1,0.3951550409983611,None,,,,,4,001,2025-10-02_18h10.05.230,motor sequence learning,,2025.1.1,None,2025-10-02 18h10.20.060029 +0530,
50,c,94,2,23,c,1,0.4329946240031859,None,23,2,94,2,,,,,227.71659879101207,,227.7074916660058,227.71659879101207,228.69923229100823,228.69923229100823,228.69923229100823,228.69923229100823,228.7065725410066,229.69925458299986,229.69925458299986,230.13358962500934,c,1,0.4329946240031859,None,,,,,4,001,2025-10-02_18h10.05.230,motor sequence learning,,2025.1.1,None,2025-10-02 18h10.20.060029 +0530,
-150,z,95,3,23,z,1,0.49136995800654404,None,23,3,95,3,,,,,230.13968425001076,,230.1339332080097,230.13968425001076,231.12566720800532,231.12566720800532,231.12566720800532,231.12566720800532,231.13331087501138,232.12483070800954,232.12483070800954,232.61844566601212,z,1,0.49136995800654404,None,,,,,4,001,2025-10-02_18h10.05.230,motor sequence learning,,2025.1.1,None,2025-10-02 18h10.20.060029 +0530,
-50,x,96,0,24,x,1,0.28937045800557826,None,24,0,96,0,,,,,232.62752804100455,,232.61885058300686,232.62752804100455,233.61600158301007,233.61600158301007,233.61600158301007,233.61600158301007,233.62374799999816,234.6171680000116,234.6171680000116,234.9184885410068,x,1,0.28937045800557826,None,,,,,4,001,2025-10-02_18h10.05.230,motor sequence learning,,2025.1.1,None,2025-10-02 18h10.20.060029 +0530,
150,v,97,1,24,v,1,0.29128291600500233,None,24,1,97,1,,,,,234.9267550000077,,234.9188981250045,234.9267550000077,235.91697154100984,235.91697154100984,235.91697154100984,235.91697154100984,235.9245200830046,236.9159276249993,236.9159276249993,237.2091447499988,v,1,0.29128291600500233,None,,,,,4,001,2025-10-02_18h10.05.230,motor sequence learning,,2025.1.1,None,2025-10-02 18h10.20.060029 +0530,
50,c,98,2,24,c,1,0.24952208300237544,None,24,2,98,2,,,,,237.21588837500894,,237.20958891601185,237.21588837500894,238.20994912501192,238.20994912501192,238.20994912501192,238.20994912501192,238.20994912501192,239.20840000000317,239.20840000000317,239.4669515830028,c,1,0.24952208300237544,None,,,,,4,001,2025-10-02_18h10.05.230,motor sequence learning,,2025.1.1,None,2025-10-02 18h10.20.060029 +0530,
-150,z,99,3,24,z,1,0.3196422079927288,None,24,3,99,3,,,,,239.47440054100298,,239.4672827910108,239.47440054100298,240.46023529100057,240.46023529100057,240.46023529100057,240.46023529100057,240.4677844580001,241.45833429100458,241.45833429100458,241.7852257080085,z,1,0.3196422079927288,None,,,,,4,001,2025-10-02_18h10.05.230,motor sequence learning,,2025.1.1,None,2025-10-02 18h10.20.060029 +0530,
-50,x,100,0,25,x,1,0.27068050000525545,None,25,0,100,0,,,,,241.79346287500812,,241.7856493750005,241.79346287500812,242.783726958005,242.783726958005,242.783726958005,242.783726958005,242.79111674999876,243.7752819580055,243.7752819580055,244.05216225000913,x,1,0.27068050000525545,None,,,,,4,001,2025-10-02_18h10.05.230,motor sequence learning,,2025.1.1,None,2025-10-02 18h10.20.060029 +0530,
150,v,101,1,25,v,1,0.30446937499800697,None,25,1,101,1,,,,,244.06055358301091,,244.05262012500316,244.06055358301091,245.05072479099908,245.05072479099908,245.05072479099908,245.05072479099908,245.05821829100023,246.04943791600817,246.04943791600817,246.35724950001168,v,1,0.30446937499800697,None,,,,,4,001,2025-10-02_18h10.05.230,motor sequence learning,,2025.1.1,None,2025-10-02 18h10.20.060029 +0530,
50,c,102,2,25,c,1,0.29844374999811407,None,25,2,102,2,,,,,246.36589487500896,,246.35770212500938,246.36589487500896,247.35024091599917,247.35024091599917,247.35024091599917,247.35024091599917,247.35763162501098,248.3503537910001,248.3503537910001,248.65162020800926,c,1,0.29844374999811407,None,,,,,4,001,2025-10-02_18h10.05.230,motor sequence learning,,2025.1.1,None,2025-10-02 18h10.20.060029 +0530,
-150,z,103,3,25,z,1,0.356978292009444,None,25,3,103,3,,,,,248.65995712501172,,248.65204333300062,248.65995712501172,249.64203012500366,249.64203012500366,249.64203012500366,249.64203012500366,249.65689333299815,250.65074525000819,250.65074525000819,251.01847520800948,z,1,0.356978292009444,None,,,,,4,001,2025-10-02_18h10.05.230,motor sequence learning,,2025.1.1,None,2025-10-02 18h10.20.060029 +0530,
-50,x,104,0,26,x,1,0.3593054990051314,None,26,0,104,0,,,,,251.02722804099903,,251.01888729100756,251.02722804099903,252.01610720800818,252.01610720800818,252.01610720800818,252.01610720800818,252.02384179100045,253.01747795801202,253.01747795801202,253.3845634580066,x,1,0.3593054990051314,None,,,,,4,001,2025-10-02_18h10.05.230,motor sequence learning,,2025.1.1,None,2025-10-02 18h10.20.060029 +0530,
150,v,105,1,26,v,1,0.6985087079956429,None,26,1,105,1,,,,,253.39222387500922,,253.38493725001172,253.39222387500922,254.37462570800562,254.37462570800562,254.37462570800562,254.37462570800562,254.38262937500258,255.37420341600955,255.37420341600955,256.0748237910011,v,1,0.6985087079956429,None,,,,,4,001,2025-10-02_18h10.05.230,motor sequence learning,,2025.1.1,None,2025-10-02 18h10.20.060029 +0530,
50,c,106,2,26,c,1,0.3872893330117222,None,26,2,106,2,,,,,256.08450695801,,256.07525066600647,256.08450695801,257.07710591600335,257.07710591600335,257.07710591600335,257.07710591600335,257.07710591600335,258.067385250004,258.067385250004,258.4575093750027,c,1,0.3872893330117222,None,,,,,4,001,2025-10-02_18h10.05.230,motor sequence learning,,2025.1.1,None,2025-10-02 18h10.20.060029 +0530,
-150,z,107,3,26,z,1,0.2930105000123149,None,26,3,107,3,,,,,258.4660281660035,,258.45794979100174,258.4660281660035,259.4493359160115,259.4493359160115,259.4493359160115,259.4493359160115,259.45678558301006,260.4504473749985,260.4504473749985,260.75187454100524,z,1,0.2930105000123149,None,,,,,4,001,2025-10-02_18h10.05.230,motor sequence learning,,2025.1.1,None,2025-10-02 18h10.20.060029 +0530,
-50,x,108,0,27,x,1,1.191644124002778,None,27,0,108,0,,,,,260.75952604100166,,260.7522685830045,260.75952604100166,261.7430434160051,261.7430434160051,261.7430434160051,261.7430434160051,261.7504615830112,262.7418202500121,262.7418202500121,263.9352478330111,x,1,1.191644124002778,None,,,,,4,001,2025-10-02_18h10.05.230,motor sequence learning,,2025.1.1,None,2025-10-02 18h10.20.060029 +0530,
150,v,109,1,27,v,1,0.9676027909881668,None,27,1,109,1,,,,,263.94081095801084,,263.9356817910011,263.94081095801084,264.9257999160036,264.9257999160036,264.9257999160036,264.9257999160036,264.93433925000136,265.93383583299874,265.93383583299874,266.90788800000155,v,1,0.9676027909881668,None,,,,,4,001,2025-10-02_18h10.05.230,motor sequence learning,,2025.1.1,None,2025-10-02 18h10.20.060029 +0530,
50,c,110,2,27,c,1,0.28828254200925585,None,27,2,110,2,,,,,266.9161052499985,,266.90823725001246,266.9161052499985,267.90810054101166,267.90810054101166,267.90810054101166,267.90810054101166,267.90810054101166,268.90814341600344,268.90814341600344,269.2017002909997,c,1,0.28828254200925585,None,,,,,4,001,2025-10-02_18h10.05.230,motor sequence learning,,2025.1.1,None,2025-10-02 18h10.20.060029 +0530,
-150,z,111,3,27,z,1,0.2513062920043012,None,27,3,111,3,,,,,269.2107604160119,,269.20230291600456,269.2107604160119,270.2000521660084,270.2000521660084,270.2000521660084,270.2000521660084,270.20698000000266,271.2009165000054,271.2009165000054,271.4589664160012,z,1,0.2513062920043012,None,,,,,4,001,2025-10-02_18h10.05.230,motor sequence learning,,2025.1.1,None,2025-10-02 18h10.20.060029 +0530,
-50,x,112,0,28,x,1,0.7235611249925569,None,28,0,112,0,,,,,271.46750183300173,,271.4594060829986,271.46750183300173,272.4588780000049,272.4588780000049,272.4588780000049,272.4588780000049,272.4588780000049,273.4567530409986,273.4567530409986,274.18554266600404,x,1,0.7235611249925569,None,,,,,4,001,2025-10-02_18h10.05.230,motor sequence learning,,2025.1.1,None,2025-10-02 18h10.20.060029 +0530,
150,v,113,1,28,v,1,0.28207795800699387,None,28,1,113,1,,,,,274.1942405000009,,274.1859694580053,274.1942405000009,275.18277825000405,275.18277825000405,275.18277825000405,275.18277825000405,275.1904019580106,276.18314695800655,276.18314695800655,276.4686879159999,v,1,0.28207795800699387,None,,,,,4,001,2025-10-02_18h10.05.230,motor sequence learning,,2025.1.1,None,2025-10-02 18h10.20.060029 +0530,
50,c,114,2,28,c,1,0.25839841600100044,None,28,2,114,2,,,,,276.47727320800186,,276.4691272909986,276.47727320800186,277.4603364580107,277.4603364580107,277.4603364580107,277.4603364580107,277.4678957910073,278.4677556250099,278.4677556250099,278.7350072910049,c,1,0.25839841600100044,None,,,,,4,001,2025-10-02_18h10.05.230,motor sequence learning,,2025.1.1,None,2025-10-02 18h10.20.060029 +0530,
-150,z,115,3,28,z,1,2.1030780829896685,None,28,3,115,3,,,,,278.74415116599994,,278.7354475410102,278.74415116599994,279.72719225000765,279.72719225000765,279.72719225000765,279.72719225000765,279.75097220799944,280.7249087500095,280.7249087500095,282.835375708004,z,1,2.1030780829896685,None,,,,,4,001,2025-10-02_18h10.05.230,motor sequence learning,,2025.1.1,None,2025-10-02 18h10.20.060029 +0530,
-50,x,116,0,29,x,1,0.47516883299977053,None,29,0,116,0,,,,,282.84386729101243,,282.83580883299874,282.84386729101243,283.82651208300376,283.82651208300376,283.82651208300376,283.82651208300376,283.8344022500096,284.8327905830083,284.8327905830083,285.31813433300704,x,1,0.47516883299977053,None,,,,,4,001,2025-10-02_18h10.05.230,motor sequence learning,,2025.1.1,None,2025-10-02 18h10.20.060029 +0530,
150,v,117,1,29,v,1,0.29830683300679084,None,29,1,117,1,,,,,285.3260067910014,,285.3185158330016,285.3260067910014,286.3095350000076,286.3095350000076,286.3095350000076,286.3095350000076,286.316665833001,287.3166900409997,287.3166900409997,287.6187494580081,v,1,0.29830683300679084,None,,,,,4,001,2025-10-02_18h10.05.230,motor sequence learning,,2025.1.1,None,2025-10-02 18h10.20.060029 +0530,
50,c,118,2,29,c,1,0.34883229099796154,None,29,2,118,2,,,,,287.6275040830078,,287.61924949999957,287.6275040830078,288.61728545800725,288.61728545800725,288.61728545800725,288.61728545800725,288.625247916003,289.61771962500643,289.61771962500643,289.96850291600276,c,1,0.34883229099796154,None,,,,,4,001,2025-10-02_18h10.05.230,motor sequence learning,,2025.1.1,None,2025-10-02 18h10.20.060029 +0530,
-150,z,119,3,29,z,1,0.34773275000043213,None,29,3,119,3,,,,,289.9736590829998,,289.96904520801036,289.9736590829998,290.96720825000375,290.96720825000375,290.96720825000375,290.96720825000375,290.9748546250048,291.9662113330123,291.9662113330123,292.3177423330053,z,1,0.34773275000043213,None,,,,,4,001,2025-10-02_18h10.05.230,motor sequence learning,,2025.1.1,None,2025-10-02 18h10.20.060029 +0530,
-50,x,120,0,30,x,1,0.4039125419949414,None,30,0,120,0,,,,,292.32293816600577,,292.3181003750069,292.32293816600577,293.3103077499982,293.3103077499982,293.3103077499982,293.3103077499982,293.31790916599857,294.30787154100835,294.30787154100835,294.71825004101265,x,1,0.4039125419949414,None,,,,,4,001,2025-10-02_18h10.05.230,motor sequence learning,,2025.1.1,None,2025-10-02 18h10.20.060029 +0530,
150,v,121,1,30,v,1,0.5918731660058256,None,30,1,121,1,,,,,294.7257257080055,,294.7185608330037,294.7257257080055,295.71051412500674,295.71051412500674,295.71051412500674,295.71051412500674,295.71809008299897,296.7088603750017,296.7088603750017,297.3066850830073,v,1,0.5918731660058256,None,,,,,4,001,2025-10-02_18h10.05.230,motor sequence learning,,2025.1.1,None,2025-10-02 18h10.20.060029 +0530,
50,c,122,2,30,c,1,0.26739224899210967,None,30,2,122,2,,,,,297.3167565410113,,297.3070367080072,297.3167565410113,298.29960525000934,298.29960525000934,298.29960525000934,298.29960525000934,298.3069070000056,299.30117670800246,299.30117670800246,299.57539116599946,c,1,0.26739224899210967,None,,,,,4,001,2025-10-02_18h10.05.230,motor sequence learning,,2025.1.1,None,2025-10-02 18h10.20.060029 +0530,
-150,z,123,3,30,z,1,0.6450429999968037,None,30,3,123,3,,,,,299.5835263330082,,299.57579579101,299.5835263330082,300.5767041660001,300.5767041660001,300.5767041660001,300.5767041660001,300.5767041660001,301.57558541600883,301.57558541600883,302.2248365830019,z,1,0.6450429999968037,None,,,,,4,001,2025-10-02_18h10.05.230,motor sequence learning,,2025.1.1,None,2025-10-02 18h10.20.060029 +0530,
-50,x,124,0,31,x,1,0.3505996660096571,None,31,0,124,0,,,,,302.2327185830072,,302.2251302910008,302.2327185830072,303.22672474999854,303.22672474999854,303.22672474999854,303.22672474999854,303.22672474999854,304.22502437500225,304.22502437500225,304.5854505410098,x,1,0.3505996660096571,None,,,,,4,001,2025-10-02_18h10.05.230,motor sequence learning,,2025.1.1,None,2025-10-02 18h10.20.060029 +0530,
150,v,125,1,31,v,1,0.3340474579890724,None,31,1,125,1,,,,,304.5940223330108,,304.5859227500041,304.5940223330108,305.58402300000307,305.58402300000307,305.58402300000307,305.58402300000307,305.59163529099897,306.58379041599983,306.58379041599983,306.92306645801,v,1,0.3340474579890724,None,,,,,4,001,2025-10-02_18h10.05.230,motor sequence learning,,2025.1.1,None,2025-10-02 18h10.20.060029 +0530,
50,c,126,2,31,c,1,0.30421266600023955,None,31,2,126,2,,,,,306.9330959580111,,306.9234262910031,306.9330959580111,307.9173426660127,307.9173426660127,307.9173426660127,307.9173426660127,307.9251571250061,308.91725991600833,308.91725991600833,309.225597208002,c,1,0.30421266600023955,None,,,,,4,001,2025-10-02_18h10.05.230,motor sequence learning,,2025.1.1,None,2025-10-02 18h10.20.060029 +0530,
-150,z,127,3,31,z,1,0.49894233301165514,None,31,3,127,3,,,,,309.2337675000017,,309.2259622080019,309.2337675000017,310.22705691600277,310.22705691600277,310.22705691600277,310.22705691600277,310.22705691600277,311.2255198750063,311.2255198750063,311.7256741250021,z,1,0.49894233301165514,None,,,,,4,001,2025-10-02_18h10.05.230,motor sequence learning,,2025.1.1,None,2025-10-02 18h10.20.060029 +0530,
-50,x,128,0,32,x,1,0.33437729100114666,None,32,0,128,0,,,,,311.7331035410025,,311.7261003330059,311.7331035410025,312.7247292910033,312.7247292910033,312.7247292910033,312.7247292910033,312.7247292910033,313.72506141600024,313.72506141600024,314.0688145410095,x,1,0.33437729100114666,None,,,,,4,001,2025-10-02_18h10.05.230,motor sequence learning,,2025.1.1,None,2025-10-02 18h10.20.060029 +0530,
150,v,129,1,32,v,1,0.4786138750059763,None,32,1,129,1,,,,,314.0771153329988,,314.0692309580045,314.0771153329988,315.06050745800894,315.06050745800894,315.06050745800894,315.06050745800894,315.06803841600777,316.0677205410029,316.0677205410029,316.55173945800925,v,1,0.4786138750059763,None,,,,,4,001,2025-10-02_18h10.05.230,motor sequence learning,,2025.1.1,None,2025-10-02 18h10.20.060029 +0530,
50,c,130,2,32,c,1,0.6019923330022721,None,32,2,130,2,,,,,316.55710595801065,,316.55215779101127,316.55710595801065,317.5436383750057,317.5436383750057,317.5436383750057,317.5436383750057,317.5513555409998,318.55130137500237,318.55130137500237,319.1552635410044,c,1,0.6019923330022721,None,,,,,4,001,2025-10-02_18h10.05.230,motor sequence learning,,2025.1.1,None,2025-10-02 18h10.20.060029 +0530,
-150,z,131,3,32,z,1,0.2935271250025835,None,32,3,131,3,,,,,319.1679414579994,,319.1555858750071,319.1679414579994,320.14966891601216,320.14966891601216,320.14966891601216,320.14966891601216,320.1678912080097,321.1506070410105,321.1506070410105,321.45227445800265,z,1,0.2935271250025835,None,,,,,4,001,2025-10-02_18h10.05.230,motor sequence learning,,2025.1.1,None,2025-10-02 18h10.20.060029 +0530,
-50,x,132,0,33,x,1,0.6192647489951923,None,33,0,132,0,,,,,321.4608126660023,,321.4526747500058,321.4608126660023,322.45059608299925,322.45059608299925,322.45059608299925,322.45059608299925,322.45838220800215,323.4508111250034,323.4508111250034,324.07422779100307,x,1,0.6192647489951923,None,,,,,4,001,2025-10-02_18h10.05.230,motor sequence learning,,2025.1.1,None,2025-10-02 18h10.20.060029 +0530,
150,v,133,1,33,v,1,0.3035715000005439,None,33,1,133,1,,,,,324.0829259160091,,324.07457491601235,324.0829259160091,325.07557458301017,325.07557458301017,325.07557458301017,325.07557458301017,325.07557458301017,326.06680791600957,326.06680791600957,326.3749142910092,v,1,0.3035715000005439,None,,,,,4,001,2025-10-02_18h10.05.230,motor sequence learning,,2025.1.1,None,2025-10-02 18h10.20.060029 +0530,
50,c,134,2,33,c,1,0.257707748998655,None,33,2,134,2,,,,,326.383441708007,,326.3752695000003,326.383441708007,327.37535770800605,327.37535770800605,327.37535770800605,327.37535770800605,327.37535770800605,328.3663293749996,328.3663293749996,328.62609208301,c,1,0.257707748998655,None,,,,,4,001,2025-10-02_18h10.05.230,motor sequence learning,,2025.1.1,None,2025-10-02 18h10.20.060029 +0530,
-150,z,135,3,33,z,1,0.36208454199368134,None,33,3,135,3,,,,,328.6336980000051,,328.6265255410108,328.6336980000051,329.62639129100717,329.62639129100717,329.62639129100717,329.62639129100717,329.62639129100717,330.6258917910018,330.6258917910018,330.9922550830088,z,1,0.36208454199368134,None,,,,,4,001,2025-10-02_18h10.05.230,motor sequence learning,,2025.1.1,None,2025-10-02 18h10.20.060029 +0530,
-50,x,136,0,34,x,1,0.5220790000021225,None,34,0,136,0,,,,,331.00053400000616,,330.99256641601096,331.00053400000616,331.99337429100706,331.99337429100706,331.99337429100706,331.99337429100706,331.99337429100706,332.98292083300475,332.98292083300475,333.50924241601024,x,1,0.5220790000021225,None,,,,,4,001,2025-10-02_18h10.05.230,motor sequence learning,,2025.1.1,None,2025-10-02 18h10.20.060029 +0530,
150,v,137,1,34,v,1,0.35850324999773875,None,34,1,137,1,,,,,333.5184419580037,,333.5096977080102,333.5184419580037,334.510262833006,334.510262833006,334.510262833006,334.510262833006,334.510262833006,335.5083983330114,335.5083983330114,335.87324987500324,v,1,0.35850324999773875,None,,,,,4,001,2025-10-02_18h10.05.230,motor sequence learning,,2025.1.1,None,2025-10-02 18h10.20.060029 +0530,
50,c,138,2,34,c,1,0.2846594169968739,None,34,2,138,2,,,,,335.8845526250079,,335.8735593330057,335.8845526250079,336.86641587500344,336.86641587500344,336.86641587500344,336.86641587500344,336.8841810830054,337.8662167080038,337.8662167080038,338.15687495800375,c,1,0.2846594169968739,None,,,,,4,001,2025-10-02_18h10.05.230,motor sequence learning,,2025.1.1,None,2025-10-02 18h10.20.060029 +0530,
-150,z,139,3,34,z,1,0.25795491600001696,None,34,3,139,3,,,,,338.1662997079984,,338.1572908750095,338.1662997079984,339.1509602080041,339.1509602080041,339.1509602080041,339.1509602080041,339.1586512500071,340.15077695800574,340.15077695800574,340.4183618750103,z,1,0.25795491600001696,None,,,,,4,001,2025-10-02_18h10.05.230,motor sequence learning,,2025.1.1,None,2025-10-02 18h10.20.060029 +0530,
-50,x,140,0,35,x,1,0.5085578749858541,None,35,0,140,0,,,,,340.4267450410116,,340.41883112500363,340.4267450410116,341.40812516601,341.40812516601,341.40812516601,341.40812516601,341.4247147499991,342.41704570800357,342.41704570800357,342.9348900830082,x,1,0.5085578749858541,None,,,,,4,001,2025-10-02_18h10.05.230,motor sequence learning,,2025.1.1,None,2025-10-02 18h10.20.060029 +0530,
150,v,141,1,35,v,1,0.34870249999221414,None,35,1,141,1,,,,,342.9419226660102,,342.9352412500011,342.9419226660102,343.9263831249991,343.9263831249991,343.9263831249991,343.9263831249991,343.93374466600653,344.92589445800695,344.92589445800695,345.2848148750054,v,1,0.34870249999221414,None,,,,,4,001,2025-10-02_18h10.05.230,motor sequence learning,,2025.1.1,None,2025-10-02 18h10.20.060029 +0530,
50,c,142,2,35,c,1,0.31743416699464433,None,35,2,142,2,,,,,345.2920615410112,,345.2851287910016,345.2920615410112,346.27628779099905,346.27628779099905,346.27628779099905,346.27628779099905,346.2830457500095,347.2752437080053,347.2752437080053,347.60241675,c,1,0.31743416699464433,None,,,,,4,001,2025-10-02_18h10.05.230,motor sequence learning,,2025.1.1,None,2025-10-02 18h10.20.060029 +0530,
-150,z,143,3,35,z,1,0.5060572910006158,None,35,3,143,3,,,,,347.61111725000956,,347.60280954100017,347.61111725000956,348.59399712500453,348.59399712500453,348.59399712500453,348.59399712500453,348.6018196250079,349.59249879101117,349.59249879101117,350.1014127910021,z,1,0.5060572910006158,None,,,,,4,001,2025-10-02_18h10.05.230,motor sequence learning,,2025.1.1,None,2025-10-02 18h10.20.060029 +0530,
-50,x,144,0,36,x,1,0.4787125830043806,None,36,0,144,0,,,,,350.1068576250109,,350.101854833003,350.1068576250109,351.09324720800214,351.09324720800214,351.09324720800214,351.09324720800214,351.1008122080093,352.09085166599834,352.09085166599834,352.5764692500088,x,1,0.4787125830043806,None,,,,,4,001,2025-10-02_18h10.05.230,motor sequence learning,,2025.1.1,None,2025-10-02 18h10.20.060029 +0530,
150,v,145,1,36,v,1,0.30015258298953995,None,36,1,145,1,,,,,352.5863693749998,,352.57689691601263,352.5863693749998,353.57724266601144,353.57724266601144,353.57724266601144,353.57724266601144,353.5850036250049,354.5753250000125,354.5753250000125,354.8858030410047,v,1,0.30015258298953995,None,,,,,4,001,2025-10-02_18h10.05.230,motor sequence learning,,2025.1.1,None,2025-10-02 18h10.20.060029 +0530,
50,c,146,2,36,c,1,0.2627017080085352,None,36,2,146,2,,,,,354.8940787080064,,354.88626037500217,354.8940787080064,355.88315337500535,355.88315337500535,355.88315337500535,355.88315337500535,355.8908308750106,356.8847754160088,356.8847754160088,357.1521698330034,c,1,0.2627017080085352,None,,,,,4,001,2025-10-02_18h10.05.230,motor sequence learning,,2025.1.1,None,2025-10-02 18h10.20.060029 +0530,
-150,z,147,3,36,z,1,0.5494664580037352,None,36,3,147,3,,,,,357.1607230410009,,357.1525824160053,357.1607230410009,358.15007808301016,358.15007808301016,358.15007808301016,358.15007808301016,358.1576682080049,359.1508110410068,359.1508110410068,359.701591791003,z,1,0.5494664580037352,None,,,,,4,001,2025-10-02_18h10.05.230,motor sequence learning,,2025.1.1,None,2025-10-02 18h10.20.060029 +0530,
-50,x,148,0,37,x,1,0.33033358299871907,None,37,0,148,0,,,,,359.7064848750015,,359.70193083300546,359.7064848750015,360.6924478330038,360.6924478330038,360.6924478330038,360.6924478330038,360.6997527909989,361.6920669579995,361.6920669579995,362.0234995409992,x,1,0.33033358299871907,None,,,,,4,001,2025-10-02_18h10.05.230,motor sequence learning,,2025.1.1,None,2025-10-02 18h10.20.060029 +0530,
150,v,149,1,37,v,1,0.26862824900308624,None,37,1,149,1,,,,,362.03423883300275,,362.0238310410059,362.03423883300275,363.01700558300945,363.01700558300945,363.01700558300945,363.01700558300945,363.02496354100003,364.01751983301074,364.01751983301074,364.290375083001,v,1,0.26862824900308624,None,,,,,4,001,2025-10-02_18h10.05.230,motor sequence learning,,2025.1.1,None,2025-10-02 18h10.20.060029 +0530,
50,c,150,2,37,c,1,0.3141307079931721,None,37,2,150,2,,,,,364.29976624999836,,364.29070537500957,364.29976624999836,365.28323995800747,365.28323995800747,365.28323995800747,365.28323995800747,365.290904458001,366.2830978330021,366.2830978330021,366.6022847080021,c,1,0.3141307079931721,None,,,,,4,001,2025-10-02_18h10.05.230,motor sequence learning,,2025.1.1,None,2025-10-02 18h10.20.060029 +0530,
-150,z,151,3,37,z,1,0.3299578740115976,None,37,3,151,3,,,,,366.6106185000099,,366.60269266601244,366.6106185000099,367.59310941600415,367.59310941600415,367.59310941600415,367.59310941600415,367.6006167500018,368.6001969580102,368.6001969580102,368.935280375008,z,1,0.3299578740115976,None,,,,,4,001,2025-10-02_18h10.05.230,motor sequence learning,,2025.1.1,None,2025-10-02 18h10.20.060029 +0530,
-50,x,152,0,38,x,1,0.414679082998191,None,38,0,152,0,,,,,368.9408094579994,,368.9357102500071,368.9408094579994,369.9264731660078,369.9264731660078,369.9264731660078,369.9264731660078,369.93453116599994,370.9254720000026,370.9254720000026,371.3425471250084,x,1,0.414679082998191,None,,,,,4,001,2025-10-02_18h10.05.230,motor sequence learning,,2025.1.1,None,2025-10-02 18h10.20.060029 +0530,
150,v,153,1,38,v,1,0.34729191599763,None,38,1,153,1,,,,,371.3513179580041,,371.3429660410038,371.3513179580041,372.34418158300105,372.34418158300105,372.34418158300105,372.34418158300105,372.34418158300105,373.3337879580067,373.3337879580067,373.6857877910079,v,1,0.34729191599763,None,,,,,4,001,2025-10-02_18h10.05.230,motor sequence learning,,2025.1.1,None,2025-10-02 18h10.20.060029 +0530,
50,c,154,2,38,c,1,0.6336395419930341,None,38,2,154,2,,,,,373.6944075830106,,373.68617341600475,373.6944075830106,374.67682058300124,374.67682058300124,374.67682058300124,374.67682058300124,374.6842170000018,375.6843099580001,375.6843099580001,376.3239275829983,c,1,0.6336395419930341,None,,,,,4,001,2025-10-02_18h10.05.230,motor sequence learning,,2025.1.1,None,2025-10-02 18h10.20.060029 +0530,
-150,z,155,3,38,z,1,0.7212752920022467,None,38,3,155,3,,,,,376.33312245800334,,376.3242686660087,376.33312245800334,377.3174304580025,377.3174304580025,377.3174304580025,377.3174304580025,377.32499295800517,378.3175713750097,378.3175713750097,379.0409128330066,z,1,0.7212752920022467,None,,,,,4,001,2025-10-02_18h10.05.230,motor sequence learning,,2025.1.1,None,2025-10-02 18h10.20.060029 +0530,
-50,x,156,0,39,x,1,0.35659608300193213,None,39,0,156,0,,,,,379.049823666006,,379.04132350000145,379.049823666006,380.0424678749987,380.0424678749987,380.0424678749987,380.0424678749987,380.0424678749987,381.0342405830015,381.0342405830015,381.39212333300384,x,1,0.35659608300193213,None,,,,,4,001,2025-10-02_18h10.05.230,motor sequence learning,,2025.1.1,None,2025-10-02 18h10.20.060029 +0530,
150,v,157,1,39,v,1,0.28664795799704734,None,39,1,157,1,,,,,381.40069824999955,,381.3925952910067,381.40069824999955,382.392931082999,382.392931082999,382.392931082999,382.392931082999,382.392931082999,383.38320612499956,383.38320612499956,383.67542837500514,v,1,0.28664795799704734,None,,,,,4,001,2025-10-02_18h10.05.230,motor sequence learning,,2025.1.1,None,2025-10-02 18h10.20.060029 +0530,
50,c,158,2,39,c,1,0.3104667079896899,None,39,2,158,2,,,,,383.68487520801136,,383.67585100000724,383.68487520801136,384.66650504100835,384.66650504100835,384.66650504100835,384.66650504100835,384.6845754160022,385.66635783300444,385.66635783300444,385.98422550001123,c,1,0.3104667079896899,None,,,,,4,001,2025-10-02_18h10.05.230,motor sequence learning,,2025.1.1,None,2025-10-02 18h10.20.060029 +0530,
-150,z,159,3,39,z,1,0.543448916010675,None,39,3,159,3,,,,,385.9917776660004,,385.984681041009,385.9917776660004,386.97691358299926,386.97691358299926,386.97691358299926,386.97691358299926,386.9844775829988,387.97558679099893,387.97558679099893,388.52470750000793,z,1,0.543448916010675,None,,,,,4,001,2025-10-02_18h10.05.230,motor sequence learning,,2025.1.1,None,2025-10-02 18h10.20.060029 +0530,
-50,x,160,0,40,x,1,0.3310748749936465,None,40,0,160,0,,,,,388.5331644160033,,388.5251205829991,388.5331644160033,389.5166332910012,389.5166332910012,389.5166332910012,389.5166332910012,389.52426987500803,390.51756104100787,390.51756104100787,390.8520235830074,x,1,0.3310748749936465,None,,,,,4,001,2025-10-02_18h10.05.230,motor sequence learning,,2025.1.1,None,2025-10-02 18h10.20.060029 +0530,
150,v,161,1,40,v,1,0.30017983300786,None,40,1,161,1,,,,,390.8567562500102,,390.85233129101107,390.8567562500102,391.84387341600086,391.84387341600086,391.84387341600086,391.84387341600086,391.8515593750053,392.84236345801037,392.84236345801037,393.1524922079989,v,1,0.30017983300786,None,,,,,4,001,2025-10-02_18h10.05.230,motor sequence learning,,2025.1.1,None,2025-10-02 18h10.20.060029 +0530,
50,c,162,2,40,c,1,0.2765271669923095,None,40,2,162,2,,,,,393.16165637499944,,393.152899875,393.16165637499944,394.15007137499924,394.15007137499924,394.15007137499924,394.15007137499924,394.1579432080034,395.15096416600863,395.15096416600863,395.43534933299816,c,1,0.2765271669923095,None,,,,,4,001,2025-10-02_18h10.05.230,motor sequence learning,,2025.1.1,None,2025-10-02 18h10.20.060029 +0530,
-150,z,163,3,40,z,1,0.36086475000774954,None,40,3,163,3,,,,,395.4430830409983,,395.4357727500028,395.4430830409983,396.43442775000585,396.43442775000585,396.43442775000585,396.43442775000585,396.4411970000074,397.4337254160055,397.4337254160055,397.8023304160015,z,1,0.36086475000774954,None,,,,,4,001,2025-10-02_18h10.05.230,motor sequence learning,,2025.1.1,None,2025-10-02 18h10.20.060029 +0530,
-50,x,164,0,41,x,1,0.2974302910006372,None,41,0,164,0,,,,,397.81048450000526,,397.802860708005,397.81048450000526,398.8010350830009,398.8010350830009,398.8010350830009,398.8010350830009,398.8080184999999,399.80098608300614,399.80098608300614,400.10223225000664,x,1,0.2974302910006372,None,,,,,4,001,2025-10-02_18h10.05.230,motor sequence learning,,2025.1.1,None,2025-10-02 18h10.20.060029 +0530,
150,v,165,1,41,v,1,0.5031392499950016,None,41,1,165,1,,,,,400.1072014579986,,400.10273500000767,400.1072014579986,401.10124112501217,401.10124112501217,401.10124112501217,401.10124112501217,401.1080239580042,402.0922723750118,402.0922723750118,402.60231937500066,v,1,0.5031392499950016,None,,,,,4,001,2025-10-02_18h10.05.230,motor sequence learning,,2025.1.1,None,2025-10-02 18h10.20.060029 +0530,
50,c,166,2,41,c,1,0.31839233299251646,None,41,2,166,2,,,,,402.61083375000453,,402.60276633300236,402.61083375000453,403.59346979101247,403.59346979101247,403.59346979101247,403.59346979101247,403.6010765000101,404.59205587500765,404.59205587500765,404.9194292500033,c,1,0.31839233299251646,None,,,,,4,001,2025-10-02_18h10.05.230,motor sequence learning,,2025.1.1,None,2025-10-02 18h10.20.060029 +0530,
-150,z,167,3,41,z,1,0.30915525001182687,None,41,3,167,3,,,,,404.92806075001135,,404.9198767909984,404.92806075001135,405.9165934580087,405.9165934580087,405.9165934580087,405.9165934580087,405.9241786250059,406.91810283300583,406.91810283300583,407.23524404100317,z,1,0.30915525001182687,None,,,,,4,001,2025-10-02_18h10.05.230,motor sequence learning,,2025.1.1,None,2025-10-02 18h10.20.060029 +0530,
-50,x,168,0,42,x,1,0.49687233299482614,None,42,0,168,0,,,,,407.24319708300754,,407.2356293750054,407.24319708300754,408.2272723750066,408.2272723750066,408.2272723750066,408.2272723750066,408.2352206659998,409.2333825000096,409.2333825000096,409.7361648750084,x,1,0.49687233299482614,None,,,,,4,001,2025-10-02_18h10.05.230,motor sequence learning,,2025.1.1,None,2025-10-02 18h10.20.060029 +0530,
150,v,169,1,42,v,1,0.27206645799742546,None,42,1,169,1,,,,,409.74495116600883,,409.7365937910072,409.74495116600883,410.73365187500895,410.73365187500895,410.73365187500895,410.73365187500895,410.74102741600655,411.7331481250003,411.7331481250003,412.0087335410062,v,1,0.27206645799742546,None,,,,,4,001,2025-10-02_18h10.05.230,motor sequence learning,,2025.1.1,None,2025-10-02 18h10.20.060029 +0530,
50,c,170,2,42,c,1,0.5409484999981942,None,42,2,170,2,,,,,412.0174754160107,,412.009195000006,412.0174754160107,413.00888879100967,413.00888879100967,413.00888879100967,413.00888879100967,413.00888879100967,414.0002462500124,414.0002462500124,414.5525208330073,c,1,0.5409484999981942,None,,,,,4,001,2025-10-02_18h10.05.230,motor sequence learning,,2025.1.1,None,2025-10-02 18h10.20.060029 +0530,
-150,z,171,3,42,z,1,0.9629525420023128,None,42,3,171,3,,,,,414.56124687500414,,414.55295470800775,414.56124687500414,415.5507033330068,415.5507033330068,415.5507033330068,415.5507033330068,415.55792608299816,416.55103408300783,416.55103408300783,417.5191610000038,z,1,0.9629525420023128,None,,,,,4,001,2025-10-02_18h10.05.230,motor sequence learning,,2025.1.1,None,2025-10-02 18h10.20.060029 +0530,
-50,x,172,0,43,x,1,0.27999991600518115,None,43,0,172,0,,,,,417.5275580830057,,417.51953775000584,417.5275580830057,418.51699554100924,418.51699554100924,418.51699554100924,418.51699554100924,418.5249840000033,419.51802458301245,419.51802458301245,419.80296470801113,x,1,0.27999991600518115,None,,,,,4,001,2025-10-02_18h10.05.230,motor sequence learning,,2025.1.1,None,2025-10-02 18h10.20.060029 +0530,
150,v,173,1,43,v,1,0.26699962400016375,None,43,1,173,1,,,,,419.81270824999956,,419.80343512500986,419.81270824999956,420.80000016601116,420.80000016601116,420.80000016601116,420.80000016601116,420.8073603330122,421.8000191660103,421.8000191660103,422.0693510830024,v,1,0.26699962400016375,None,,,,,4,001,2025-10-02_18h10.05.230,motor sequence learning,,2025.1.1,None,2025-10-02 18h10.20.060029 +0530,
50,c,174,2,43,c,1,0.2805772080027964,None,43,2,174,2,,,,,422.0780266250076,,422.0697897909995,422.0780266250076,423.06086383300135,423.06086383300135,423.06086383300135,423.06086383300135,423.068478583009,424.06727250000404,424.06727250000404,424.35226779100776,c,1,0.2805772080027964,None,,,,,4,001,2025-10-02_18h10.05.230,motor sequence learning,,2025.1.1,None,2025-10-02 18h10.20.060029 +0530,
-150,z,175,3,43,z,1,0.31188675000157673,None,43,3,175,3,,,,,424.36131370801013,,424.35267074999865,424.36131370801013,425.34411337500205,425.34411337500205,425.34411337500205,425.34411337500205,425.35168208301184,426.3419509160012,426.3419509160012,426.65655337501084,z,1,0.31188675000157673,None,,,,,4,001,2025-10-02_18h10.05.230,motor sequence learning,,2025.1.1,None,2025-10-02 18h10.20.060029 +0530,
-50,x,176,0,44,x,1,0.6097325830050977,None,44,0,176,0,,,,,426.6682874160033,,426.65692887500336,426.6682874160033,427.6517622079991,427.6517622079991,427.6517622079991,427.6517622079991,427.65908804100764,428.6521382909996,428.6521382909996,429.26810570800444,x,1,0.6097325830050977,None,,,,,4,001,2025-10-02_18h10.05.230,motor sequence learning,,2025.1.1,None,2025-10-02 18h10.20.060029 +0530,
150,v,177,1,44,v,1,0.31090641701302957,None,44,1,177,1,,,,,429.2767133330053,,429.2685084580007,429.2767133330053,430.2599892080034,430.2599892080034,430.2599892080034,430.2599892080034,430.2679062910029,431.2577787080081,431.2577787080081,431.57383270800347,v,1,0.31090641701302957,None,,,,,4,001,2025-10-02_18h10.05.230,motor sequence learning,,2025.1.1,None,2025-10-02 18h10.20.060029 +0530,
50,c,178,2,44,c,1,0.26711929199518636,None,44,2,178,2,,,,,431.58357829099987,,431.5741753330076,431.58357829099987,432.57518033300585,432.57518033300585,432.57518033300585,432.57518033300585,432.57518033300585,433.56667133299925,433.56667133299925,433.83551825000905,c,1,0.26711929199518636,None,,,,,4,001,2025-10-02_18h10.05.230,motor sequence learning,,2025.1.1,None,2025-10-02 18h10.20.060029 +0530,
-150,z,179,3,44,z,1,0.2182564579998143,None,44,3,179,3,,,,,433.8409882910055,,433.83585141600634,433.8409882910055,434.8346835830016,434.8346835830016,434.8346835830016,434.8346835830016,434.8418278750032,435.82544866600074,435.82544866600074,436.0521111249982,z,1,0.2182564579998143,None,,,,,4,001,2025-10-02_18h10.05.230,motor sequence learning,,2025.1.1,None,2025-10-02 18h10.20.060029 +0530,
-50,x,180,0,45,x,1,0.43469629100582097,None,45,0,180,0,,,,,436.0599284580094,,436.0524675830093,436.0599284580094,437.04294845800905,437.04294845800905,437.04294845800905,437.04294845800905,437.0501611660002,438.0428984580067,438.0428984580067,438.4861045410071,x,1,0.43469629100582097,None,,,,,4,001,2025-10-02_18h10.05.230,motor sequence learning,,2025.1.1,None,2025-10-02 18h10.20.060029 +0530,
150,v,181,1,45,v,1,0.29063637400395237,None,45,1,181,1,,,,,438.4945164160017,,438.4865827080066,438.4945164160017,439.48344512500626,439.48344512500626,439.48344512500626,439.48344512500626,439.4912898330076,440.48482895801135,440.48482895801135,440.78605441600666,v,1,0.29063637400395237,None,,,,,4,001,2025-10-02_18h10.05.230,motor sequence learning,,2025.1.1,None,2025-10-02 18h10.20.060029 +0530,
50,c,182,2,45,c,1,0.21702362499490846,None,45,2,182,2,,,,,440.7946549580083,,440.78648650000105,440.7946549580083,441.7770790830109,441.7770790830109,441.7770790830109,441.7770790830109,441.7844855000003,442.78386654100905,442.78386654100905,443.00266254101007,c,1,0.21702362499490846,None,,,,,4,001,2025-10-02_18h10.05.230,motor sequence learning,,2025.1.1,None,2025-10-02 18h10.20.060029 +0530,
-150,z,183,3,45,z,1,0.29203504099859856,None,45,3,183,3,,,,,443.01133866600867,,443.0030692500004,443.01133866600867,443.994345375002,443.994345375002,443.994345375002,443.994345375002,444.0018707499985,444.9924162910029,444.9924162910029,445.2857119580003,z,1,0.29203504099859856,None,,,,,4,001,2025-10-02_18h10.05.230,motor sequence learning,,2025.1.1,None,2025-10-02 18h10.20.060029 +0530,
-50,x,184,0,46,x,1,0.40451795799890533,None,46,0,184,0,,,,,445.2910067910125,,445.28612037500716,445.2910067910125,446.2772050409985,446.2772050409985,446.2772050409985,446.2772050409985,446.28480858300463,447.27593329100637,447.27593329100637,447.68469616600487,x,1,0.40451795799890533,None,,,,,4,001,2025-10-02_18h10.05.230,motor sequence learning,,2025.1.1,None,2025-10-02 18h10.20.060029 +0530,
150,v,185,1,46,v,1,0.6138140830007615,None,46,1,185,1,,,,,447.6917453750066,,447.685128875004,447.6917453750066,448.675694458012,448.675694458012,448.675694458012,448.675694458012,448.6834408750001,449.67453820801165,449.67453820801165,450.2928771660081,v,1,0.6138140830007615,None,,,,,4,001,2025-10-02_18h10.05.230,motor sequence learning,,2025.1.1,None,2025-10-02 18h10.20.060029 +0530,
50,c,186,2,46,c,1,0.06144158300594427,None,46,2,186,2,,,,,450.3014430000039,,450.29330945800757,450.3014430000039,451.29273500001,451.29273500001,451.29273500001,451.29273500001,451.29273500001,452.2898895410035,452.2898895410035,452.36051750001207,c,1,0.06144158300594427,None,,,,,4,001,2025-10-02_18h10.05.230,motor sequence learning,,2025.1.1,None,2025-10-02 18h10.20.060029 +0530,
-150,z,187,3,46,z,1,0.33708170799945947,None,46,3,187,3,,,,,452.3667257909983,,452.36088262499834,452.3667257909983,453.35984891600674,453.35984891600674,453.35984891600674,453.35984891600674,453.35984891600674,454.3592593330104,454.3592593330104,454.7019609160052,z,1,0.33708170799945947,None,,,,,4,001,2025-10-02_18h10.05.230,motor sequence learning,,2025.1.1,None,2025-10-02 18h10.20.060029 +0530,
-50,x,188,0,47,x,1,0.26548025000374764,None,47,0,188,0,,,,,454.7063101250096,,454.70229266599927,454.7063101250096,455.69298037500994,455.69298037500994,455.69298037500994,455.69298037500994,455.70018925001204,456.69173650001176,456.69173650001176,456.9598994160042,x,1,0.26548025000374764,None,,,,,4,001,2025-10-02_18h10.05.230,motor sequence learning,,2025.1.1,None,2025-10-02 18h10.20.060029 +0530,
150,v,189,1,47,v,1,0.28223275000345893,None,47,1,189,1,,,,,456.9669895410043,,456.96023591600533,456.9669895410043,457.96134591600276,457.96134591600276,457.96134591600276,457.96134591600276,457.96134591600276,458.9579377910122,458.9579377910122,459.24110791600833,v,1,0.28223275000345893,None,,,,,4,001,2025-10-02_18h10.05.230,motor sequence learning,,2025.1.1,None,2025-10-02 18h10.20.060029 +0530,
50,c,190,2,47,c,1,0.2506982920021983,None,47,2,190,2,,,,,459.2515746249992,,459.2414412500075,459.2515746249992,460.2338653750048,460.2338653750048,460.2338653750048,460.2338653750048,460.25025529100094,461.2336079579982,461.2336079579982,461.48576537500776,c,1,0.2506982920021983,None,,,,,4,001,2025-10-02_18h10.05.230,motor sequence learning,,2025.1.1,None,2025-10-02 18h10.20.060029 +0530,
-150,z,191,3,47,z,1,0.17546241600939538,None,47,3,191,3,,,,,461.4937892080052,,461.4862264160038,461.4937892080052,462.4773162909987,462.4773162909987,462.4773162909987,462.4773162909987,462.4847116660094,463.4756456250034,463.4756456250034,463.65284062499995,z,1,0.17546241600939538,None,,,,,4,001,2025-10-02_18h10.05.230,motor sequence learning,,2025.1.1,None,2025-10-02 18h10.20.060029 +0530,
-50,x,192,0,48,x,1,0.23780245799571276,None,48,0,192,0,,,,,463.6622183330037,,463.6532835830003,463.6622183330037,464.6502851250116,464.6502851250116,464.6502851250116,464.6502851250116,464.65822875000595,465.6501267910062,465.6501267910062,465.88992237500497,x,1,0.23780245799571276,None,,,,,4,001,2025-10-02_18h10.05.230,motor sequence learning,,2025.1.1,None,2025-10-02 18h10.20.060029 +0530,
150,v,193,1,48,v,1,0.3610151239990955,None,48,1,193,1,,,,,465.9017337080004,,465.89032991600106,465.9017337080004,466.88347333300044,466.88347333300044,466.88347333300044,466.88347333300044,466.90128258299956,467.8850037910015,467.8850037910015,468.2523447499989,v,1,0.3610151239990955,None,,,,,4,001,2025-10-02_18h10.05.230,motor sequence learning,,2025.1.1,None,2025-10-02 18h10.20.060029 +0530,
50,c,194,2,48,c,1,0.2325278329954017,None,48,2,194,2,,,,,468.2607751250034,,468.2527687080001,468.2607751250034,469.24365558300633,469.24365558300633,469.24365558300633,469.24365558300633,469.25088420799875,470.2514024999982,470.2514024999982,470.48579741601134,c,1,0.2325278329954017,None,,,,,4,001,2025-10-02_18h10.05.230,motor sequence learning,,2025.1.1,None,2025-10-02 18h10.20.060029 +0530,
-150,z,195,3,48,z,1,0.31778174999635667,None,48,3,195,3,,,,,470.49267937500554,,470.4862300829991,470.49267937500554,471.4847197080089,471.4847197080089,471.4847197080089,471.4847197080089,471.4924224999995,472.4761424580065,472.4761424580065,472.8027157500037,z,1,0.31778174999635667,None,,,,,4,001,2025-10-02_18h10.05.230,motor sequence learning,,2025.1.1,None,2025-10-02 18h10.20.060029 +0530,
-50,x,196,0,49,x,1,0.6073017500020796,None,49,0,196,0,,,,,472.8112686250097,,472.80321883301076,472.8112686250097,473.8012874999986,473.8012874999986,473.8012874999986,473.8012874999986,473.8080092910095,474.80048862499825,474.80048862499825,475.4196148750052,x,1,0.6073017500020796,None,,,,,4,001,2025-10-02_18h10.05.230,motor sequence learning,,2025.1.1,None,2025-10-02 18h10.20.060029 +0530,
150,v,197,1,49,v,1,0.30285954200371634,None,49,1,197,1,,,,,475.42868525000813,,475.4200640830095,475.42868525000813,476.4112217500078,476.4112217500078,476.4112217500078,476.4112217500078,476.4186062080116,477.41685350000625,477.41685350000625,477.7264166660025,v,1,0.30285954200371634,None,,,,,4,001,2025-10-02_18h10.05.230,motor sequence learning,,2025.1.1,None,2025-10-02 18h10.20.060029 +0530,
50,c,198,2,49,c,1,0.3280101659911452,None,49,2,198,2,,,,,477.73512854101136,,477.7267845000024,477.73512854101136,478.72717179100437,478.72717179100437,478.72717179100437,478.72717179100437,478.72717179100437,479.72571920799965,479.72571920799965,480.0598063750076,c,1,0.3280101659911452,None,,,,,4,001,2025-10-02_18h10.05.230,motor sequence learning,,2025.1.1,None,2025-10-02 18h10.20.060029 +0530,
-150,z,199,3,49,z,1,0.35568670800421387,None,49,3,199,3,,,,,480.0687083330122,,480.0602225000039,480.0687083330122,481.06018725001195,481.06018725001195,481.06018725001195,481.06018725001195,481.06018725001195,482.0589289160125,482.0589289160125,482.41844395799853,z,1,0.35568670800421387,None,,,,,4,001,2025-10-02_18h10.05.230,motor sequence learning,,2025.1.1,None,2025-10-02 18h10.20.060029 +0530,
50,c,0,0,0,x,0,0.4230631660029758,None,,,,,0,0,0,2,482.43737595800485,,482.43009970799903,482.43737595800485,483.4109016250004,483.4109016250004,483.4109016250004,483.4109016250004,483.4338307910075,484.40960458300833,484.40960458300833,484.8360605830094,,,,,x,0,0.4230631660029758,None,4,001,2025-10-02_18h10.05.230,motor sequence learning,,2025.1.1,None,2025-10-02 18h10.20.060029 +0530,
150,v,1,1,0,v,1,0.4098498329985887,None,,,,,0,1,1,1,484.84461108301184,,484.8364915830025,484.84461108301184,485.8346504580113,485.8346504580113,485.8346504580113,485.8346504580113,485.84230016601214,486.83471579100296,486.83471579100296,487.2520696660067,,,,,v,1,0.4098498329985887,None,4,001,2025-10-02_18h10.05.230,motor sequence learning,,2025.1.1,None,2025-10-02 18h10.20.060029 +0530,
50,c,2,2,1,c,1,0.40116854100779165,None,,,,,1,2,2,2,487.261044208004,,487.2525283330033,487.261044208004,488.2433632500033,488.2433632500033,488.2433632500033,488.2433632500033,488.25917687499896,489.24236162500165,489.24236162500165,489.6522079580027,,,,,c,1,0.40116854100779165,None,4,001,2025-10-02_18h10.05.230,motor sequence learning,,2025.1.1,None,2025-10-02 18h10.20.060029 +0530,
-50,x,3,3,0,c,0,0.5495394159952411,None,,,,,0,3,3,0,489.6598885830026,,489.65256025000417,489.6598885830026,490.64348900000914,490.64348900000914,490.64348900000914,490.64348900000914,490.6683092500025,491.63994212500984,491.63994212500984,492.19141225000203,,,,,c,0,0.5495394159952411,None,4,001,2025-10-02_18h10.05.230,motor sequence learning,,2025.1.1,None,2025-10-02 18h10.20.060029 +0530,
-50,x,4,4,1,x,1,0.4937104580021696,None,,,,,1,4,4,0,492.20124637499976,,492.19163616601145,492.20124637499976,493.1846804579982,493.1846804579982,493.1846804579982,493.1846804579982,493.1921551250125,494.18359275000694,494.18359275000694,494.68618162500206,,,,,x,1,0.4937104580021696,None,4,001,2025-10-02_18h10.05.230,motor sequence learning,,2025.1.1,None,2025-10-02 18h10.20.060029 +0530,
150,v,5,5,1,v,1,0.4689399159979075,None,,,,,1,5,5,1,494.6946275000082,,494.6866261660034,494.6946275000082,495.6852437500056,495.6852437500056,495.6852437500056,495.6852437500056,495.6934290000063,496.68539141600195,496.68539141600195,497.1599221659999,,,,,v,1,0.4689399159979075,None,4,001,2025-10-02_18h10.05.230,motor sequence learning,,2025.1.1,None,2025-10-02 18h10.20.060029 +0530,
-150,z,6,6,0,z,1,0.42978145799133927,None,,,,,0,6,6,3,497.16907950000314,,497.1603344580071,497.16907950000314,498.16031966599985,498.16031966599985,498.16031966599985,498.16031966599985,498.16031966599985,499.1586032500054,499.1586032500054,499.59300458300277,,,,,z,1,0.42978145799133927,None,4,001,2025-10-02_18h10.05.230,motor sequence learning,,2025.1.1,None,2025-10-02 18h10.20.060029 +0530,
150,v,7,7,2,v,1,0.32874350000929553,None,,,,,2,7,7,1,499.6021057910111,,499.5934164580103,499.6021057910111,500.5937828330061,500.5937828330061,500.5937828330061,500.5937828330061,500.5937828330061,501.592548790999,501.592548790999,501.92660933300795,,,,,v,1,0.32874350000929553,None,4,001,2025-10-02_18h10.05.230,motor sequence learning,,2025.1.1,None,2025-10-02 18h10.20.060029 +0530,
150,v,8,8,3,v,1,0.37342770799295977,None,,,,,3,8,8,1,501.9350703329983,,501.92705170800036,501.9350703329983,502.92481750001025,502.92481750001025,502.92481750001025,502.92481750001025,502.93396049999865,503.9247189160087,503.9247189160087,504.30237012500584,,,,,v,1,0.37342770799295977,None,4,001,2025-10-02_18h10.05.230,motor sequence learning,,2025.1.1,None,2025-10-02 18h10.20.060029 +0530,
-50,x,9,9,2,x,1,0.41128358300193213,None,,,,,2,9,9,0,504.30766412500816,,504.30284025000583,504.30766412500816,505.29342537499906,505.29342537499906,505.29342537499906,505.29342537499906,505.3004130410118,506.3018165829999,506.3018165829999,506.71904604100564,,,,,x,1,0.41128358300193213,None,4,001,2025-10-02_18h10.05.230,motor sequence learning,,2025.1.1,None,2025-10-02 18h10.20.060029 +0530,
-50,x,10,10,3,x,1,0.410595708002802,None,,,,,3,10,10,0,506.7260166250053,,506.7194728330069,506.7260166250053,507.7181796250079,507.7181796250079,507.7181796250079,507.7181796250079,507.72691945800034,508.70837220799876,508.70837220799876,509.12414525001077,,,,,x,1,0.410595708002802,None,4,001,2025-10-02_18h10.05.230,motor sequence learning,,2025.1.1,None,2025-10-02 18h10.20.060029 +0530,
150,v,11,11,4,v,1,0.337520790999406,None,,,,,4,11,11,1,509.1336943750066,,509.1245055410109,509.1336943750066,510.12573704100214,510.12573704100214,510.12573704100214,510.12573704100214,510.12573704100214,511.11854920801125,511.11854920801125,511.45904729100585,,,,,v,1,0.337520790999406,None,4,001,2025-10-02_18h10.05.230,motor sequence learning,,2025.1.1,None,2025-10-02 18h10.20.060029 +0530,
150,v,12,12,5,v,1,0.6136442080023699,None,,,,,5,12,12,1,511.4680322080094,,511.45948895800393,511.4680322080094,512.4503090409999,512.4503090409999,512.4503090409999,512.4503090409999,512.4686152080103,513.4593451250112,513.4593451250112,514.0755146660085,,,,,v,1,0.6136442080023699,None,4,001,2025-10-02_18h10.05.230,motor sequence learning,,2025.1.1,None,2025-10-02 18h10.20.060029 +0530,
-50,x,13,13,4,x,1,0.3156324580049841,None,,,,,4,13,13,0,514.0851553329994,,514.0758641249995,514.0851553329994,515.0760647499992,515.0760647499992,515.0760647499992,515.0760647499992,515.0760647499992,516.0762927910109,516.0762927910109,516.4028300830105,,,,,x,1,0.3156324580049841,None,4,001,2025-10-02_18h10.05.230,motor sequence learning,,2025.1.1,None,2025-10-02 18h10.20.060029 +0530,
-50,x,14,14,5,x,1,0.4014489999972284,None,,,,,5,14,14,0,516.4107042500109,,516.403254875011,516.4107042500109,517.3944351250102,517.3944351250102,517.3944351250102,517.3944351250102,517.4019507500052,518.3925050000107,518.3925050000107,518.8029241250042,,,,,x,1,0.4014489999972284,None,4,001,2025-10-02_18h10.05.230,motor sequence learning,,2025.1.1,None,2025-10-02 18h10.20.060029 +0530,
150,v,15,15,6,v,1,0.40826575001119636,None,,,,,6,15,15,1,518.8112058330007,,518.8033668330027,518.8112058330007,519.7937355830072,519.7937355830072,519.7937355830072,519.7937355830072,519.8012214160117,520.8004466249986,520.8004466249986,521.2192789580004,,,,,v,1,0.40826575001119636,None,4,001,2025-10-02_18h10.05.230,motor sequence learning,,2025.1.1,None,2025-10-02 18h10.20.060029 +0530,
-50,x,16,16,6,x,1,0.32695841598615516,None,,,,,6,16,16,0,521.2274081250071,,521.2197829159995,521.2274081250071,522.2182250000042,522.2182250000042,522.2182250000042,522.2182250000042,522.2255483330082,523.2177415410115,523.2177415410115,523.5524565000087,,,,,x,1,0.32695841598615516,None,4,001,2025-10-02_18h10.05.230,motor sequence learning,,2025.1.1,None,2025-10-02 18h10.20.060029 +0530,
50,c,17,17,2,c,1,0.38614212500397116,None,,,,,2,17,17,2,523.5606788330042,,523.5529166660126,523.5606788330042,524.5513740410097,524.5513740410097,524.5513740410097,524.5513740410097,524.5582022080052,525.5514559160074,525.5514559160074,525.9405230830016,,,,,c,1,0.38614212500397116,None,4,001,2025-10-02_18h10.05.230,motor sequence learning,,2025.1.1,None,2025-10-02 18h10.20.060029 +0530,
50,c,18,18,3,c,1,0.47677670800476335,None,,,,,3,18,18,2,525.9508692080126,,525.9408676660096,525.9508692080126,526.9347768750013,526.9347768750013,526.9347768750013,526.9347768750013,526.942460833001,527.9348765410105,527.9348765410105,528.4193632079987,,,,,c,1,0.47677670800476335,None,4,001,2025-10-02_18h10.05.230,motor sequence learning,,2025.1.1,None,2025-10-02 18h10.20.060029 +0530,
-50,x,19,19,7,x,1,0.3793029999942519,None,,,,,7,19,19,0,528.4280661250086,,528.419876541011,528.4280661250086,529.4112514580047,529.4112514580047,529.4112514580047,529.4112514580047,529.4187647500075,530.4092364579992,530.4092364579992,530.7917468330124,,,,,x,1,0.3793029999942519,None,4,001,2025-10-02_18h10.05.230,motor sequence learning,,2025.1.1,None,2025-10-02 18h10.20.060029 +0530,
50,c,20,20,4,c,1,0.32312429099692963,None,,,,,4,20,20,2,530.8003801250015,,530.7921003330121,530.8003801250015,531.7939624160063,531.7939624160063,531.7939624160063,531.7939624160063,531.7939624160063,532.7847112500021,532.7847112500021,533.1196260830038,,,,,c,1,0.32312429099692963,None,4,001,2025-10-02_18h10.05.230,motor sequence learning,,2025.1.1,None,2025-10-02 18h10.20.060029 +0530,
50,c,21,21,5,c,1,0.33917270800156984,None,,,,,5,21,21,2,533.128084750002,,533.1200785410037,533.128084750002,534.1106638330093,534.1106638330093,534.1106638330093,534.1106638330093,534.1182806660072,535.1173331250029,535.1173331250029,535.459158416008,,,,,c,1,0.33917270800156984,None,4,001,2025-10-02_18h10.05.230,motor sequence learning,,2025.1.1,None,2025-10-02 18h10.20.060029 +0530,
-50,x,22,22,8,x,1,0.3597606240073219,None,,,,,8,22,22,0,535.4670520830114,,535.4595530000079,535.4670520830114,536.4504804580065,536.4504804580065,536.4504804580065,536.4504804580065,536.4579451660102,537.4506360829982,537.4506360829982,537.8198013330111,,,,,x,1,0.3597606240073219,None,4,001,2025-10-02_18h10.05.230,motor sequence learning,,2025.1.1,None,2025-10-02 18h10.20.060029 +0530,
150,v,23,23,7,c,0,0.30225487500138115,None,,,,,7,23,23,1,537.8279970830044,,537.8202219580126,537.8279970830044,538.8171003750031,538.8171003750031,538.8171003750031,538.8171003750031,538.8248034580029,539.8170252499986,539.8170252499986,540.1253127910022,,,,,c,0,0.30225487500138115,None,4,001,2025-10-02_18h10.05.230,motor sequence learning,,2025.1.1,None,2025-10-02 18h10.20.060029 +0530,
150,v,24,24,8,v,1,0.5411083750077523,None,,,,,8,24,24,1,540.1337442080112,,540.1257514580066,540.1337442080112,541.1264099580003,541.1264099580003,541.1264099580003,541.1264099580003,541.1264099580003,542.1182143330079,542.1182143330079,542.669265375007,,,,,v,1,0.5411083750077523,None,4,001,2025-10-02_18h10.05.230,motor sequence learning,,2025.1.1,None,2025-10-02 18h10.20.060029 +0530,
150,v,25,25,9,v,1,0.406023625007947,None,,,,,9,25,25,1,542.6770412910118,,542.6697621659987,542.6770412910118,543.6681341250078,543.6681341250078,543.6681341250078,543.6681341250078,543.6759960830095,544.6682178750052,544.6682178750052,545.0765084160084,,,,,v,1,0.406023625007947,None,4,001,2025-10-02_18h10.05.230,motor sequence learning,,2025.1.1,None,2025-10-02 18h10.20.060029 +0530,
-150,z,26,26,1,z,1,0.5255854990100488,None,,,,,1,26,26,3,545.0857760830113,,545.0769179580093,545.0857760830113,546.0768757500045,546.0768757500045,546.0768757500045,546.0768757500045,546.0768757500045,547.0756217080052,547.0756217080052,547.6026952910033,,,,,z,1,0.5255854990100488,None,4,001,2025-10-02_18h10.05.230,motor sequence learning,,2025.1.1,None,2025-10-02 18h10.20.060029 +0530,
-50,x,27,27,9,x,1,0.4033047910052119,None,,,,,9,27,27,0,547.6115239580104,,547.6031318750029,547.6115239580104,548.5946543750033,548.5946543750033,548.5946543750033,548.5946543750033,548.6019754160079,549.5928797500092,549.5928797500092,550.0019563329988,,,,,x,1,0.4033047910052119,None,4,001,2025-10-02_18h10.05.230,motor sequence learning,,2025.1.1,None,2025-10-02 18h10.20.060029 +0530,
150,v,28,28,10,v,1,0.4088515409966931,None,,,,,10,28,28,1,550.0102221660054,,550.0023903330002,550.0102221660054,550.9946426660026,550.9946426660026,550.9946426660026,550.9946426660026,551.0022037080053,551.9922245000052,551.9922245000052,552.4029017080029,,,,,v,1,0.4088515409966931,None,4,001,2025-10-02_18h10.05.230,motor sequence learning,,2025.1.1,None,2025-10-02 18h10.20.060029 +0530,
50,c,29,29,6,c,1,0.3435134160099551,None,,,,,6,29,29,2,552.4079300410085,,552.4032534160069,552.4079300410085,553.3944182080013,553.3944182080013,553.3944182080013,553.3944182080013,553.4020579159987,554.392922708008,554.392922708008,554.7406180830003,,,,,c,1,0.3435134160099551,None,4,001,2025-10-02_18h10.05.230,motor sequence learning,,2025.1.1,None,2025-10-02 18h10.20.060029 +0530,
-50,x,30,30,10,x,1,0.30418970799655654,None,,,,,10,30,30,0,554.7511480829999,,554.7409575830097,554.7511480829999,555.7338710410113,555.7338710410113,555.7338710410113,555.7338710410113,555.7414644579985,556.7337418750103,556.7337418750103,557.0421517080104,,,,,x,1,0.30418970799655654,None,4,001,2025-10-02_18h10.05.230,motor sequence learning,,2025.1.1,None,2025-10-02 18h10.20.060029 +0530,
-50,x,31,31,11,c,0,0.4198590419982793,None,,,,,11,31,31,0,557.0506020410103,,557.0425602500036,557.0506020410103,558.0339582910092,558.0339582910092,558.0339582910092,558.0339582910092,558.0418892080052,559.0401251250005,559.0401251250005,559.469691708,,,,,c,0,0.4198590419982793,None,4,001,2025-10-02_18h10.05.230,motor sequence learning,,2025.1.1,None,2025-10-02 18h10.20.060029 +0530,
50,c,32,32,7,c,1,0.39268708300369326,None,,,,,7,32,32,2,559.4785386660078,,559.470102457999,559.4785386660078,560.4681226250104,560.4681226250104,560.4681226250104,560.4681226250104,560.4757106660109,561.4682765000034,561.4682765000034,561.8695721250115,,,,,c,1,0.39268708300369326,None,4,001,2025-10-02_18h10.05.230,motor sequence learning,,2025.1.1,None,2025-10-02 18h10.20.060029 +0530,
50,c,33,33,8,c,1,0.338705290996586,None,,,,,8,33,33,2,561.8780660410121,,561.8700150000077,561.8780660410121,562.8686368330091,562.8686368330091,562.8686368330091,562.8686368330091,562.8764190410002,563.8682018330001,563.8682018330001,564.2193907910114,,,,,c,1,0.338705290996586,None,4,001,2025-10-02_18h10.05.230,motor sequence learning,,2025.1.1,None,2025-10-02 18h10.20.060029 +0530,
-150,z,34,34,2,z,1,0.4885587500029942,None,,,,,2,34,34,3,564.2268460830091,,564.2198217500118,564.2268460830091,565.2179074160085,565.2179074160085,565.2179074160085,565.2179074160085,565.2245500830031,566.2083108330116,566.2083108330116,566.7018652910047,,,,,z,1,0.4885587500029942,None,4,001,2025-10-02_18h10.05.230,motor sequence learning,,2025.1.1,None,2025-10-02 18h10.20.060029 +0530,
-150,z,35,35,3,z,1,0.42211549999774434,None,,,,,3,35,35,3,566.7099627499992,,566.7022814160009,566.7099627499992,567.6942481250007,567.6942481250007,567.6942481250007,567.6942481250007,567.7016047500074,568.6927455000114,568.6927455000114,569.1195874160039,,,,,z,1,0.42211549999774434,None,4,001,2025-10-02_18h10.05.230,motor sequence learning,,2025.1.1,None,2025-10-02 18h10.20.060029 +0530,
50,c,36,36,9,c,1,0.3991137080010958,None,,,,,9,36,36,2,569.1285384160001,,569.1200323330122,569.1285384160001,570.1110695000098,570.1110695000098,570.1110695000098,570.1110695000098,570.1184951660107,571.1094386660116,571.1094386660116,571.5174378750089,,,,,c,1,0.3991137080010958,None,4,001,2025-10-02_18h10.05.230,motor sequence learning,,2025.1.1,None,2025-10-02 18h10.20.060029 +0530,
150,v,37,37,11,v,1,0.4381598329928238,None,,,,,11,37,37,1,571.5247798750061,,571.5178383330058,571.5247798750061,572.5111396249995,572.5111396249995,572.5111396249995,572.5111396249995,572.5185595830117,573.5085119580035,573.5085119580035,573.9528557080048,,,,,v,1,0.4381598329928238,None,4,001,2025-10-02_18h10.05.230,motor sequence learning,,2025.1.1,None,2025-10-02 18h10.20.060029 +0530,
-150,z,38,38,4,z,1,0.4408527499908814,None,,,,,4,38,38,3,573.9606707080093,,573.9531977910083,573.9606707080093,574.9446162500099,574.9446162500099,574.9446162500099,574.9446162500099,574.9521920830011,575.9508009580022,575.9508009580022,576.402703291009,,,,,z,1,0.4408527499908814,None,4,001,2025-10-02_18h10.05.230,motor sequence learning,,2025.1.1,None,2025-10-02 18h10.20.060029 +0530,
-150,z,39,39,5,z,1,0.5548318329965696,None,,,,,5,39,39,3,576.4105505830084,,576.4030575830111,576.4105505830084,577.4016382500122,577.4016382500122,577.4016382500122,577.4016382500122,577.4090793750074,578.4017641250102,578.4017641250102,578.9585524580034,,,,,z,1,0.5548318329965696,None,4,001,2025-10-02_18h10.05.230,motor sequence learning,,2025.1.1,None,2025-10-02 18h10.20.060029 +0530,
150,v,40,40,12,v,1,0.5738080410083057,None,,,,,12,40,40,1,578.9686135830125,,578.9588928330049,578.9686135830125,579.9602254580095,579.9602254580095,579.9602254580095,579.9602254580095,579.9602254580095,580.9516757079982,580.9516757079982,581.5358542910108,,,,,v,1,0.5738080410083057,None,4,001,2025-10-02_18h10.05.230,motor sequence learning,,2025.1.1,None,2025-10-02 18h10.20.060029 +0530,
-50,x,41,41,12,x,1,0.3766554169997107,None,,,,,12,41,41,0,581.5445227910095,,581.5363188750052,581.5445227910095,582.5263735830085,582.5263735830085,582.5263735830085,582.5263735830085,582.5412940829992,583.5247723330103,583.5247723330103,583.9029594160093,,,,,x,1,0.3766554169997107,None,4,001,2025-10-02_18h10.05.230,motor sequence learning,,2025.1.1,None,2025-10-02 18h10.20.060029 +0530,
150,v,42,42,13,v,1,0.5201176239934284,None,,,,,13,42,42,1,583.9085199160036,,583.9034305000096,583.9085199160036,584.894297625011,584.894297625011,584.894297625011,584.894297625011,584.9018435410107,585.9021618750121,585.9021618750121,586.425631791004,,,,,v,1,0.5201176239934284,None,4,001,2025-10-02_18h10.05.230,motor sequence learning,,2025.1.1,None,2025-10-02 18h10.20.060029 +0530,
-150,z,43,43,6,z,1,0.6171464990038658,None,,,,,6,43,43,3,586.4338944160118,,586.4259485000075,586.4338944160118,587.42727229101,587.42727229101,587.42727229101,587.42727229101,587.42727229101,588.4181651660037,588.4181651660037,589.0399864580104,,,,,z,1,0.6171464990038658,None,4,001,2025-10-02_18h10.05.230,motor sequence learning,,2025.1.1,None,2025-10-02 18h10.20.060029 +0530,
-50,x,44,44,13,x,1,0.4130027909995988,None,,,,,13,44,44,0,589.0521742080018,,589.0403980830015,589.0521742080018,590.0340983330098,590.0340983330098,590.0340983330098,590.0340983330098,590.051704166006,591.0351792910078,591.0351792910078,591.4526449580007,,,,,x,1,0.4130027909995988,None,4,001,2025-10-02_18h10.05.230,motor sequence learning,,2025.1.1,None,2025-10-02 18h10.20.060029 +0530,
-150,z,45,45,7,z,1,0.4729913740011398,None,,,,,7,45,45,3,591.4576464999991,,591.4529575410124,591.4576464999991,592.4443537500047,592.4443537500047,592.4443537500047,592.4443537500047,592.4518859160016,593.443294208002,593.443294208002,593.9201186249993,,,,,z,1,0.4729913740011398,None,4,001,2025-10-02_18h10.05.230,motor sequence learning,,2025.1.1,None,2025-10-02 18h10.20.060029 +0530,
150,v,46,46,14,v,1,0.2757155419967603,None,,,,,14,46,46,1,593.929090125006,,593.9205920410022,593.929090125006,594.9185886660125,594.9185886660125,594.9185886660125,594.9185886660125,594.9261536250124,595.9174531250028,595.9174531250028,596.2030312910065,,,,,v,1,0.2757155419967603,None,4,001,2025-10-02_18h10.05.230,motor sequence learning,,2025.1.1,None,2025-10-02 18h10.20.060029 +0530,
150,v,47,47,15,v,1,0.45123054200666957,None,,,,,15,47,47,1,596.2118068749987,,596.2034632080031,596.2118068749987,597.201897750012,597.201897750012,597.201897750012,597.201897750012,597.2095840410038,598.2018249579996,598.2018249579996,598.659754791006,,,,,v,1,0.45123054200666957,None,4,001,2025-10-02_18h10.05.230,motor sequence learning,,2025.1.1,None,2025-10-02 18h10.20.060029 +0530,
-150,z,48,48,8,z,1,0.3694189579982776,None,,,,,8,48,48,3,598.6689640000113,,598.6602488750068,598.6689640000113,599.6598016659991,599.6598016659991,599.6598016659991,599.6598016659991,599.6598016659991,600.6506284159987,600.6506284159987,601.0253621250013,,,,,z,1,0.3694189579982776,None,4,001,2025-10-02_18h10.05.230,motor sequence learning,,2025.1.1,None,2025-10-02 18h10.20.060029 +0530,
-50,x,49,49,14,x,1,0.42750108300242573,None,,,,,14,49,49,0,601.0340092080005,,601.0256907500006,601.0340092080005,602.0248061250022,602.0248061250022,602.0248061250022,602.0248061250022,602.0248061250022,603.0174602500047,603.0174602500047,603.4523784160119,,,,,x,1,0.42750108300242573,None,4,001,2025-10-02_18h10.05.230,motor sequence learning,,2025.1.1,None,2025-10-02 18h10.20.060029 +0530,
50,c,50,50,10,c,1,0.38361120800254866,None,,,,,10,50,50,2,603.4613894580107,,603.4528007910121,603.4613894580107,604.4446812910028,604.4446812910028,604.4446812910028,604.4446812910028,604.4522143330105,605.4432110830094,605.4432110830094,605.836662791,,,,,c,1,0.38361120800254866,None,4,001,2025-10-02_18h10.05.230,motor sequence learning,,2025.1.1,None,2025-10-02 18h10.20.060029 +0530,
150,v,51,51,16,v,1,0.3649325830047019,None,,,,,16,51,51,1,605.845538833004,,605.8371011249983,605.845538833004,606.8283694580023,606.8283694580023,606.8283694580023,606.8283694580023,606.8361884580081,607.8339279580105,607.8339279580105,608.2031911250087,,,,,v,1,0.3649325830047019,None,4,001,2025-10-02_18h10.05.230,motor sequence learning,,2025.1.1,None,2025-10-02 18h10.20.060029 +0530,
-150,z,52,52,9,z,1,0.8574841660010861,None,,,,,9,52,52,3,608.211582791002,,608.2036404579994,608.211582791002,609.1942792500049,609.1942792500049,609.1942792500049,609.1942792500049,609.2018613330001,610.2023390000104,610.2023390000104,611.0688265000063,,,,,z,1,0.8574841660010861,None,4,001,2025-10-02_18h10.05.230,motor sequence learning,,2025.1.1,None,2025-10-02 18h10.20.060029 +0530,
-150,z,53,53,10,z,1,0.5249015409935964,None,,,,,10,53,53,3,611.0763496660074,,611.0691640830046,611.0763496660074,612.0598452080012,612.0598452080012,612.0598452080012,612.0598452080012,612.0673796250048,613.0678914580058,613.0678914580058,613.6033277910028,,,,,z,1,0.5249015409935964,None,4,001,2025-10-02_18h10.05.230,motor sequence learning,,2025.1.1,None,2025-10-02 18h10.20.060029 +0530,
50,c,54,54,11,c,1,0.8006536659959238,None,,,,,11,54,54,2,613.6114576250111,,613.6037482910033,613.6114576250111,614.6013264580106,614.6013264580106,614.6013264580106,614.6013264580106,614.6089301660104,615.6019201660092,615.6019201660092,616.4086493330105,,,,,c,1,0.8006536659959238,None,4,001,2025-10-02_18h10.05.230,motor sequence learning,,2025.1.1,None,2025-10-02 18h10.20.060029 +0530,
-150,z,55,55,11,z,1,0.8217903750046389,None,,,,,11,55,55,3,616.4173488330125,,616.4089929580077,616.4173488330125,617.4094279580022,617.4094279580022,617.4094279580022,617.4094279580022,617.4094279580022,618.4018997910025,618.4018997910025,619.2260889580066,,,,,z,1,0.8217903750046389,None,4,001,2025-10-02_18h10.05.230,motor sequence learning,,2025.1.1,None,2025-10-02 18h10.20.060029 +0530,
150,v,56,56,17,v,1,0.381053332996089,None,,,,,17,56,56,1,619.2347359999985,,619.2265202910057,619.2347359999985,620.2273177500028,620.2273177500028,620.2273177500028,620.2273177500028,620.2273177500028,621.2174347079999,621.2174347079999,621.6020560410107,,,,,v,1,0.381053332996089,None,4,001,2025-10-02_18h10.05.230,motor sequence learning,,2025.1.1,None,2025-10-02 18h10.20.060029 +0530,
50,c,57,57,12,c,1,0.3449905830057105,None,,,,,12,57,57,2,621.6109114999999,,621.6025114580116,621.6109114999999,622.5945523750124,622.5945523750124,622.5945523750124,622.5945523750124,622.6020804160071,623.5930378330086,623.5930378330086,623.9425825409999,,,,,c,1,0.3449905830057105,None,4,001,2025-10-02_18h10.05.230,motor sequence learning,,2025.1.1,None,2025-10-02 18h10.20.060029 +0530,
150,v,58,58,18,v,1,0.35047470800054725,None,,,,,18,58,58,1,623.9510289160098,,623.943033375006,623.9510289160098,624.9341051250085,624.9341051250085,624.9341051250085,624.9341051250085,624.9415586660034,625.9340726250084,625.9340726250084,626.2859039160103,,,,,v,1,0.35047470800054725,None,4,001,2025-10-02_18h10.05.230,motor sequence learning,,2025.1.1,None,2025-10-02 18h10.20.060029 +0530,
150,v,59,59,19,v,1,0.5354763750074198,None,,,,,19,59,59,1,626.2938625410025,,626.2863074160123,626.2938625410025,627.2783310829982,627.2783310829982,627.2783310829982,627.2783310829982,627.2858035410027,628.2759011250018,628.2759011250018,628.8185876250063,,,,,v,1,0.5354763750074198,None,4,001,2025-10-02_18h10.05.230,motor sequence learning,,2025.1.1,None,2025-10-02 18h10.20.060029 +0530,
-150,z,60,60,12,z,1,0.7737368329981109,None,,,,,12,60,60,3,628.8264044579992,,628.8189610830013,628.8264044579992,629.8118887910096,629.8118887910096,629.8118887910096,629.8118887910096,629.8194524999999,630.8097170410038,630.8097170410038,631.5867185829993,,,,,z,1,0.7737368329981109,None,4,001,2025-10-02_18h10.05.230,motor sequence learning,,2025.1.1,None,2025-10-02 18h10.20.060029 +0530,
50,c,61,61,13,c,1,0.36508087400579825,None,,,,,13,61,61,2,631.5915364160028,,631.5873432910012,631.5915364160028,632.5852588330017,632.5852588330017,632.5852588330017,632.5852588330017,632.5926742080046,633.5852784580056,633.5852784580056,633.953100416009,,,,,c,1,0.36508087400579825,None,4,001,2025-10-02_18h10.05.230,motor sequence learning,,2025.1.1,None,2025-10-02 18h10.20.060029 +0530,
-50,x,62,62,15,x,1,0.5409511250036303,None,,,,,15,62,62,0,633.9579802500084,,633.9535796249984,633.9579802500084,634.9437299580022,634.9437299580022,634.9437299580022,634.9437299580022,634.9509225830116,635.943368666005,635.943368666005,636.4861652500113,,,,,x,1,0.5409511250036303,None,4,001,2025-10-02_18h10.05.230,motor sequence learning,,2025.1.1,None,2025-10-02 18h10.20.060029 +0530,
50,c,63,63,14,c,1,0.5906075829989277,None,,,,,14,63,63,2,636.4906053330051,,636.4865202500077,636.4906053330051,637.4771128749999,637.4771128749999,637.4771128749999,637.4771128749999,637.4842010830034,638.4855681250046,638.4855681250046,639.086867416001,,,,,c,1,0.5906075829989277,None,4,001,2025-10-02_18h10.05.230,motor sequence learning,,2025.1.1,None,2025-10-02 18h10.20.060029 +0530,
-50,x,64,64,16,x,1,0.36324425000930205,None,,,,,16,64,64,0,639.0961510000052,,639.0873182500072,639.0961510000052,640.0782711659995,640.0782711659995,640.0782711659995,640.0782711659995,640.0931594160065,641.085778749999,641.085778749999,641.4534042080049,,,,,x,1,0.36324425000930205,None,4,001,2025-10-02_18h10.05.230,motor sequence learning,,2025.1.1,None,2025-10-02 18h10.20.060029 +0530,
150,v,65,65,20,v,1,0.3777285830001347,None,,,,,20,65,65,1,641.4620374580118,,641.453846458011,641.4620374580118,642.4444395410101,642.4444395410101,642.4444395410101,642.4444395410101,642.4520448330004,643.443327416011,643.443327416011,643.8271769999992,,,,,v,1,0.3777285830001347,None,4,001,2025-10-02_18h10.05.230,motor sequence learning,,2025.1.1,None,2025-10-02 18h10.20.060029 +0530,
-150,z,66,66,13,z,1,0.6745925420109415,None,,,,,13,66,66,3,643.8361967079982,,643.8276334160037,643.8361967079982,644.8283361250069,644.8283361250069,644.8283361250069,644.8283361250069,644.8283361250069,645.8264354160056,645.8264354160056,646.5031959160115,,,,,z,1,0.6745925420109415,None,4,001,2025-10-02_18h10.05.230,motor sequence learning,,2025.1.1,None,2025-10-02 18h10.20.060029 +0530,
-50,x,67,67,17,c,0,0.5766518330055987,None,,,,,17,67,67,0,646.5108480410127,,646.5036234580039,646.5108480410127,647.4946141250111,647.4946141250111,647.4946141250111,647.4946141250111,647.5021775000059,648.4933224580018,648.4933224580018,649.0769435000111,,,,,c,0,0.5766518330055987,None,4,001,2025-10-02_18h10.05.230,motor sequence learning,,2025.1.1,None,2025-10-02 18h10.20.060029 +0530,
-150,z,68,68,14,z,1,0.47761825000634417,None,,,,,14,68,68,3,649.0858885410125,,649.0774086250021,649.0858885410125,650.0771035000071,650.0771035000071,650.0771035000071,650.0771035000071,650.0771035000071,651.0762453330099,651.0762453330099,651.5598015830037,,,,,z,1,0.47761825000634417,None,4,001,2025-10-02_18h10.05.230,motor sequence learning,,2025.1.1,None,2025-10-02 18h10.20.060029 +0530,
-50,x,69,69,18,x,1,0.3378473749908153,None,,,,,18,69,69,0,651.5678257079999,,651.5601505000086,651.5678257079999,652.5591400000121,652.5591400000121,652.5591400000121,652.5591400000121,652.5591400000121,653.5509291659982,653.5509291659982,653.8926353330025,,,,,x,1,0.3378473749908153,None,4,001,2025-10-02_18h10.05.230,motor sequence learning,,2025.1.1,None,2025-10-02 18h10.20.060029 +0530,
150,v,70,70,21,v,1,0.34664429200347513,None,,,,,21,70,70,1,653.9014329159982,,653.8930976250122,653.9014329159982,654.8930674580042,654.8930674580042,654.8930674580042,654.8930674580042,654.8930674580042,655.8852124160039,655.8852124160039,656.2368013330124,,,,,v,1,0.34664429200347513,None,4,001,2025-10-02_18h10.05.230,motor sequence learning,,2025.1.1,None,2025-10-02 18h10.20.060029 +0530,
150,v,71,71,22,c,0,0.5485801250033546,None,,,,,22,71,71,1,656.245689000003,,656.2372145410045,656.245689000003,657.2282808750024,657.2282808750024,657.2282808750024,657.2282808750024,657.2358622080064,658.2341632080061,658.2341632080061,658.7869828750117,,,,,c,0,0.5485801250033546,None,4,001,2025-10-02_18h10.05.230,motor sequence learning,,2025.1.1,None,2025-10-02 18h10.20.060029 +0530,
150,v,72,72,23,v,1,0.3817099169973517,None,,,,,23,72,72,1,658.7960594580072,,658.7874807080079,658.7960594580072,659.7860949160095,659.7860949160095,659.7860949160095,659.7860949160095,659.7950890409993,660.7859207080037,660.7859207080037,661.1690382910019,,,,,v,1,0.3817099169973517,None,4,001,2025-10-02_18h10.05.230,motor sequence learning,,2025.1.1,None,2025-10-02 18h10.20.060029 +0530,
-50,x,73,73,19,x,1,0.3813576669926988,None,,,,,19,73,73,0,661.1774122500065,,661.1694606250094,661.1774122500065,662.1614970830124,662.1614970830124,662.1614970830124,662.1614970830124,662.1691744999989,663.1593113749987,663.1593113749987,663.5440001660027,,,,,x,1,0.3813576669926988,None,4,001,2025-10-02_18h10.05.230,motor sequence learning,,2025.1.1,None,2025-10-02 18h10.20.060029 +0530,
-150,z,74,74,15,z,1,0.43360420799581334,None,,,,,15,74,74,3,663.5689188750111,,663.5444304160046,663.5689188750111,664.5443870000017,664.5443870000017,664.5443870000017,664.5443870000017,664.5592123329989,665.5438735830103,665.5438735830103,665.9871174580039,,,,,z,1,0.43360420799581334,None,4,001,2025-10-02_18h10.05.230,motor sequence learning,,2025.1.1,None,2025-10-02 18h10.20.060029 +0530,
50,c,75,75,15,c,1,0.2900302080088295,None,,,,,15,75,75,2,665.9954981250048,,665.9875573750032,665.9954981250048,666.9843818750087,666.9843818750087,666.9843818750087,666.9843818750087,666.9920280410006,667.9844700000103,667.9844700000103,668.2769980410085,,,,,c,1,0.2900302080088295,None,4,001,2025-10-02_18h10.05.230,motor sequence learning,,2025.1.1,None,2025-10-02 18h10.20.060029 +0530,
-150,z,76,76,16,z,1,0.43278287501016166,None,,,,,16,76,76,3,668.2853250410117,,668.2774720410089,668.2853250410117,669.2768081250106,669.2768081250106,669.2768081250106,669.2768081250106,669.2768081250106,670.276744666,670.276744666,670.7189575000084,,,,,z,1,0.43278287501016166,None,4,001,2025-10-02_18h10.05.230,motor sequence learning,,2025.1.1,None,2025-10-02 18h10.20.060029 +0530,
150,v,77,77,24,v,1,0.35266154100827407,None,,,,,24,77,77,1,670.7259612080088,,670.7192892500025,670.7259612080088,671.7110257080058,671.7110257080058,671.7110257080058,671.7110257080058,671.7185568330024,672.7098120830051,672.7098120830051,673.0699339580024,,,,,v,1,0.35266154100827407,None,4,001,2025-10-02_18h10.05.230,motor sequence learning,,2025.1.1,None,2025-10-02 18h10.20.060029 +0530,
-150,z,78,78,17,z,1,0.4484742909990018,None,,,,,17,78,78,3,673.0778827910108,,673.0702926250087,673.0778827910108,674.0687846250075,674.0687846250075,674.0687846250075,674.0687846250075,674.0765065830055,675.0590036659996,675.0590036659996,675.509293125011,,,,,z,1,0.4484742909990018,None,4,001,2025-10-02_18h10.05.230,motor sequence learning,,2025.1.1,None,2025-10-02 18h10.20.060029 +0530,
150,v,79,79,25,v,1,0.41062887500447687,None,,,,,25,79,79,1,675.5191940000077,,675.5096470410062,675.5191940000077,676.5009858750127,676.5009858750127,676.5009858750127,676.5009858750127,676.5193156660098,677.5015412080102,677.5015412080102,677.9202432500024,,,,,v,1,0.41062887500447687,None,4,001,2025-10-02_18h10.05.230,motor sequence learning,,2025.1.1,None,2025-10-02 18h10.20.060029 +0530,
50,c,80,80,16,c,1,0.4001965830102563,None,,,,,16,80,80,2,677.9278486250114,,677.9205890830053,677.9278486250114,678.9193702910125,678.9193702910125,678.9193702910125,678.9193702910125,678.9275662080036,679.9101093750069,679.9101093750069,680.3203996250086,,,,,c,1,0.4001965830102563,None,4,001,2025-10-02_18h10.05.230,motor sequence learning,,2025.1.1,None,2025-10-02 18h10.20.060029 +0530,
-150,z,81,81,18,z,1,0.45044120799866505,None,,,,,18,81,81,3,680.3296090000076,,680.3208651660098,680.3296090000076,681.3115941660071,681.3115941660071,681.3115941660071,681.3115941660071,681.326291083009,682.3176949160115,682.3176949160115,682.7697685830062,,,,,z,1,0.45044120799866505,None,4,001,2025-10-02_18h10.05.230,motor sequence learning,,2025.1.1,None,2025-10-02 18h10.20.060029 +0530,
-150,z,82,82,19,z,1,0.5311935829959111,None,,,,,19,82,82,3,682.7778654160065,,682.7701827080018,682.7778654160065,683.7614926660026,683.7614926660026,683.7614926660026,683.7614926660026,683.7689926250023,684.7599839580071,684.7599839580071,685.2940399159997,,,,,z,1,0.5311935829959111,None,4,001,2025-10-02_18h10.05.230,motor sequence learning,,2025.1.1,None,2025-10-02 18h10.20.060029 +0530,
50,c,83,83,17,c,1,0.43408087399438955,None,,,,,17,83,83,2,685.319169082999,,685.2944809580076,685.319169082999,686.2922667500097,686.2922667500097,686.2922667500097,686.2922667500097,686.309182750003,687.2919473330112,687.2919473330112,687.7363061659998,,,,,c,1,0.43408087399438955,None,4,001,2025-10-02_18h10.05.230,motor sequence learning,,2025.1.1,None,2025-10-02 18h10.20.060029 +0530,
50,c,84,84,18,c,1,0.35211200000776444,None,,,,,18,84,84,2,687.7442515830044,,687.7366901659989,687.7442515830044,688.7277576250053,688.7277576250053,688.7277576250053,688.7277576250053,688.7359465830086,689.7259758750006,689.7259758750006,690.0868695829995,,,,,c,1,0.35211200000776444,None,4,001,2025-10-02_18h10.05.230,motor sequence learning,,2025.1.1,None,2025-10-02 18h10.20.060029 +0530,
-50,x,85,85,20,x,1,0.34545829199487343,None,,,,,20,85,85,0,690.0958785000112,,690.0874495410098,690.0958785000112,691.0856195829983,691.0856195829983,691.0856195829983,691.0856195829983,691.0934480410069,692.0854957910051,692.0854957910051,692.4363802910084,,,,,x,1,0.34545829199487343,None,4,001,2025-10-02_18h10.05.230,motor sequence learning,,2025.1.1,None,2025-10-02 18h10.20.060029 +0530,
-150,z,86,86,20,z,1,0.5329200830019545,None,,,,,20,86,86,3,692.4442440830026,,692.4368285829987,692.4442440830026,693.4252545410127,693.4252545410127,693.4252545410127,693.4252545410127,693.4435252080002,694.4270644159988,694.4270644159988,694.9695733750123,,,,,z,1,0.5329200830019545,None,4,001,2025-10-02_18h10.05.230,motor sequence learning,,2025.1.1,None,2025-10-02 18h10.20.060029 +0530,
150,v,87,87,26,v,1,0.391287917009322,None,,,,,26,87,87,1,694.9780984160025,,694.9699821660033,694.9780984160025,695.961192540999,695.961192540999,695.961192540999,695.961192540999,695.9685451250116,696.9606235000101,696.9606235000101,697.3537270829984,,,,,v,1,0.391287917009322,None,4,001,2025-10-02_18h10.05.230,motor sequence learning,,2025.1.1,None,2025-10-02 18h10.20.060029 +0530,
50,c,88,88,19,c,1,0.33473312499700114,None,,,,,19,88,88,2,697.3621820000117,,697.3541762910027,697.3621820000117,698.3450606660044,698.3450606660044,698.3450606660044,698.3450606660044,698.352581625004,699.3511200000066,699.3511200000066,699.691229041011,,,,,c,1,0.33473312499700114,None,4,001,2025-10-02_18h10.05.230,motor sequence learning,,2025.1.1,None,2025-10-02 18h10.20.060029 +0530,
-150,z,89,89,21,z,1,0.8019785000069533,None,,,,,21,89,89,3,699.7012407080038,,699.6915900410095,699.7012407080038,700.684521083007,700.684521083007,700.684521083007,700.684521083007,700.6920656250004,701.6857735830126,701.6857735830126,702.492644708007,,,,,z,1,0.8019785000069533,None,4,001,2025-10-02_18h10.05.230,motor sequence learning,,2025.1.1,None,2025-10-02 18h10.20.060029 +0530,
50,c,90,90,20,c,1,0.3390336249867687,None,,,,,20,90,90,2,702.5010375410056,,702.4929793330084,702.5010375410056,703.4942563750083,703.4942563750083,703.4942563750083,703.4942563750083,703.4942563750083,704.4850477500004,704.4850477500004,704.8256275000022,,,,,c,1,0.3390336249867687,None,4,001,2025-10-02_18h10.05.230,motor sequence learning,,2025.1.1,None,2025-10-02 18h10.20.060029 +0530,
-50,x,91,91,21,x,1,0.37403216600068845,None,,,,,21,91,91,0,704.8343707910099,,704.826035541002,704.8343707910099,705.8261020000064,705.8261020000064,705.8261020000064,705.8261020000064,705.8261020000064,706.8188337500033,706.8188337500033,707.2031533750123,,,,,x,1,0.37403216600068845,None,4,001,2025-10-02_18h10.05.230,motor sequence learning,,2025.1.1,None,2025-10-02 18h10.20.060029 +0530,
150,v,92,92,27,v,1,0.31431870799860917,None,,,,,27,92,92,1,707.2110206250072,,707.2035824160121,707.2110206250072,708.201925625006,708.201925625006,708.201925625006,708.201925625006,708.2091944160056,709.1924237080093,709.1924237080093,709.5086864160112,,,,,v,1,0.31431870799860917,None,4,001,2025-10-02_18h10.05.230,motor sequence learning,,2025.1.1,None,2025-10-02 18h10.20.060029 +0530,
-50,x,93,93,22,x,1,0.2980221239995444,None,,,,,22,93,93,0,709.5190433750104,,709.5090259999997,709.5190433750104,710.5022568330023,710.5022568330023,710.5022568330023,710.5022568330023,710.5098959580064,711.5021731250017,711.5021731250017,711.8029238750023,,,,,x,1,0.2980221239995444,None,4,001,2025-10-02_18h10.05.230,motor sequence learning,,2025.1.1,None,2025-10-02 18h10.20.060029 +0530,
50,c,94,94,21,c,1,0.27086408299510367,None,,,,,21,94,94,2,711.8070912080002,,711.8032340830105,711.8070912080002,712.7958047080028,712.7958047080028,712.7958047080028,712.7958047080028,712.8035547080071,713.7936629580072,713.7936629580072,714.0702036250004,,,,,c,1,0.27086408299510367,None,4,001,2025-10-02_18h10.05.230,motor sequence learning,,2025.1.1,None,2025-10-02 18h10.20.060029 +0530,
-150,z,95,95,22,z,1,0.36059562501031905,None,,,,,22,95,95,3,714.0784552500118,,714.070631583003,714.0784552500118,715.0608521250106,715.0608521250106,715.0608521250106,715.0608521250106,715.0680933330004,716.059811500003,716.059811500003,716.4239196660055,,,,,z,1,0.36059562501031905,None,4,001,2025-10-02_18h10.05.230,motor sequence learning,,2025.1.1,None,2025-10-02 18h10.20.060029 +0530,
150,v,96,96,28,v,1,0.3955520409945166,None,,,,,28,96,96,1,716.4359653749998,,716.4242513750069,716.4359653749998,717.4178302500077,717.4178302500077,717.4178302500077,717.4178302500077,717.4348140410002,718.4177722500026,718.4177722500026,718.8204658330069,,,,,v,1,0.3955520409945166,None,4,001,2025-10-02_18h10.05.230,motor sequence learning,,2025.1.1,None,2025-10-02 18h10.20.060029 +0530,
-150,z,97,97,23,x,0,0.3144915409939131,None,,,,,23,97,97,3,718.8291579580109,,718.8209021660005,718.8291579580109,719.8117342080077,719.8117342080077,719.8117342080077,719.8117342080077,719.8193207500008,720.8178351660026,720.8178351660026,721.1358677500102,,,,,x,0,0.3144915409939131,None,4,001,2025-10-02_18h10.05.230,motor sequence learning,,2025.1.1,None,2025-10-02 18h10.20.060029 +0530,
-50,x,98,98,23,x,1,0.34940162500424776,None,,,,,23,98,98,0,721.1440422500018,,721.1362909580057,721.1440422500018,722.1289482080028,722.1289482080028,722.1289482080028,722.1289482080028,722.1366978330043,723.1259495830018,723.1259495830018,723.4870903750125,,,,,x,1,0.34940162500424776,None,4,001,2025-10-02_18h10.05.230,motor sequence learning,,2025.1.1,None,2025-10-02 18h10.20.060029 +0530,
50,c,99,99,22,c,1,0.3142023749969667,None,,,,,22,99,99,2,723.4958123750112,,723.4876371660066,723.4958123750112,724.4858171250089,724.4858171250089,724.4858171250089,724.4858171250089,724.4936807500053,725.4851090000011,725.4851090000011,725.8036759579991,,,,,c,1,0.3142023749969667,None,4,001,2025-10-02_18h10.05.230,motor sequence learning,,2025.1.1,None,2025-10-02 18h10.20.060029 +0530,
50,c,100,100,23,c,1,0.3137432489893399,None,,,,,23,100,100,2,725.8120842500066,,725.8040920000058,725.8120842500066,726.8011323750106,726.8011323750106,726.8011323750106,726.8011323750106,726.8084054580104,727.802407250012,727.802407250012,728.1191093750094,,,,,c,1,0.3137432489893399,None,4,001,2025-10-02_18h10.05.230,motor sequence learning,,2025.1.1,None,2025-10-02 18h10.20.060029 +0530,
50,c,101,101,24,c,1,0.5722264159994666,None,,,,,24,101,101,2,728.1242273750104,,728.1195618750062,728.1242273750104,729.1103388330084,729.1103388330084,729.1103388330084,729.1103388330084,729.1178331250121,730.1099975000106,730.1099975000106,730.6869912910042,,,,,c,1,0.5722264159994666,None,4,001,2025-10-02_18h10.05.230,motor sequence learning,,2025.1.1,None,2025-10-02 18h10.20.060029 +0530,
-50,x,102,102,24,x,1,0.3620684999914374,None,,,,,24,102,102,0,730.6946920830087,,730.6873897910118,730.6946920830087,731.6771365830064,731.6771365830064,731.6771365830064,731.6771365830064,731.6845809160004,732.685956958012,732.685956958012,733.052516708005,,,,,x,1,0.3620684999914374,None,4,001,2025-10-02_18h10.05.230,motor sequence learning,,2025.1.1,None,2025-10-02 18h10.20.060029 +0530,
-150,z,103,103,24,z,1,0.41540570800134446,None,,,,,24,103,103,3,733.0606450830091,,733.0529540410062,733.0606450830091,734.0459988330113,734.0459988330113,734.0459988330113,734.0459988330113,734.0694995000085,735.0425525000028,735.0425525000028,735.4592922500015,,,,,z,1,0.41540570800134446,None,4,001,2025-10-02_18h10.05.230,motor sequence learning,,2025.1.1,None,2025-10-02 18h10.20.060029 +0530,
150,v,104,104,29,v,1,0.3429554169997573,None,,,,,29,104,104,1,735.4694019580056,,735.4596365000034,735.4694019580056,736.4512145830086,736.4512145830086,736.4512145830086,736.4512145830086,736.4695796660089,737.4511027910048,737.4511027910048,737.8036118750024,,,,,v,1,0.3429554169997573,None,4,001,2025-10-02_18h10.05.230,motor sequence learning,,2025.1.1,None,2025-10-02 18h10.20.060029 +0530,
150,v,105,105,30,v,1,0.4293589989974862,None,,,,,30,105,105,1,737.8113091250125,,737.804002290999,737.8113091250125,738.7948954580061,738.7948954580061,738.7948954580061,738.7948954580061,738.8026789580035,739.7936583330011,739.7936583330011,740.225241291002,,,,,v,1,0.4293589989974862,None,4,001,2025-10-02_18h10.05.230,motor sequence learning,,2025.1.1,None,2025-10-02 18h10.20.060029 +0530,
150,v,106,106,31,v,1,0.39987783299875446,None,,,,,31,106,106,1,740.2345838750043,,740.225575000004,740.2345838750043,741.2247622910072,741.2247622910072,741.2247622910072,741.2247622910072,741.2247622910072,742.2189740830072,742.2189740830072,742.620111125012,,,,,v,1,0.39987783299875446,None,4,001,2025-10-02_18h10.05.230,motor sequence learning,,2025.1.1,None,2025-10-02 18h10.20.060029 +0530,
-150,z,107,107,25,z,1,0.38408266700571403,None,,,,,25,107,107,3,742.6252996250114,,742.6206611660018,742.6252996250114,743.6110396250006,743.6110396250006,743.6110396250006,743.6110396250006,743.6182057080005,744.6187799580075,744.6187799580075,745.0139006250101,,,,,z,1,0.38408266700571403,None,4,001,2025-10-02_18h10.05.230,motor sequence learning,,2025.1.1,None,2025-10-02 18h10.20.060029 +0530,
-150,z,108,108,26,z,1,0.3374604170094244,None,,,,,26,108,108,3,745.0185030410066,,745.0142649160116,745.0185030410066,746.0099765410123,746.0099765410123,746.0099765410123,746.0099765410123,746.0099765410123,747.0093400410115,747.0093400410115,747.3529412909993,,,,,z,1,0.3374604170094244,None,4,001,2025-10-02_18h10.05.230,motor sequence learning,,2025.1.1,None,2025-10-02 18h10.20.060029 +0530,
-50,x,109,109,25,x,1,0.4210356249968754,None,,,,,25,109,109,0,747.360692125003,,747.3533070410049,747.360692125003,748.3435872500122,748.3435872500122,748.3435872500122,748.3435872500122,748.3515733329987,749.3436875410116,749.3436875410116,749.7704489160096,,,,,x,1,0.4210356249968754,None,4,001,2025-10-02_18h10.05.230,motor sequence learning,,2025.1.1,None,2025-10-02 18h10.20.060029 +0530,
50,c,110,110,25,c,1,0.30806724999274593,None,,,,,25,110,110,2,749.7796337910113,,749.7708770000027,749.7796337910113,750.7617852500116,750.7617852500116,750.7617852500116,750.7617852500116,750.7770270830079,751.7605103750102,751.7605103750102,752.0706000409991,,,,,c,1,0.30806724999274593,None,4,001,2025-10-02_18h10.05.230,motor sequence learning,,2025.1.1,None,2025-10-02 18h10.20.060029 +0530,
-50,x,111,111,26,x,1,0.30704729100398254,None,,,,,26,111,111,0,752.0788541660004,,752.0710475410015,752.0788541660004,753.0679592910019,753.0679592910019,753.0679592910019,753.0679592910019,753.0755417910113,754.1114532080101,754.1114532080101,754.4206268330017,,,,,x,1,0.30704729100398254,None,4,001,2025-10-02_18h10.05.230,motor sequence learning,,2025.1.1,None,2025-10-02 18h10.20.060029 +0530,
-50,x,112,112,27,x,1,0.3330244999960996,None,,,,,27,112,112,0,754.4259333750088,,754.4210661660036,754.4259333750088,755.411939416008,755.411939416008,755.411939416008,755.411939416008,755.4194203750085,756.4185405000026,756.4185405000026,756.7539170000091,,,,,x,1,0.3330244999960996,None,4,001,2025-10-02_18h10.05.230,motor sequence learning,,2025.1.1,None,2025-10-02 18h10.20.060029 +0530,
-50,x,113,113,28,x,1,0.31768649999867193,None,,,,,28,113,113,0,756.7621410830034,,756.7543398749985,756.7621410830034,757.7457272910106,757.7457272910106,757.7457272910106,757.7457272910106,757.7532851660071,758.7438212080015,758.7438212080015,759.0704330000008,,,,,x,1,0.31768649999867193,None,4,001,2025-10-02_18h10.05.230,motor sequence learning,,2025.1.1,None,2025-10-02 18h10.20.060029 +0530,
50,c,114,114,26,c,1,0.5945610409980873,None,,,,,26,114,114,2,759.0789897909999,,759.070916333003,759.0789897909999,760.0691575829987,760.0691575829987,760.0691575829987,760.0691575829987,760.0760975410085,761.0689727499994,761.0689727499994,761.6699967910099,,,,,c,1,0.5945610409980873,None,4,001,2025-10-02_18h10.05.230,motor sequence learning,,2025.1.1,None,2025-10-02 18h10.20.060029 +0530,
-150,z,115,115,27,z,1,0.5161885830020765,None,,,,,27,115,115,3,761.6746806250012,,761.6703474160022,761.6746806250012,762.6615845410124,762.6615845410124,762.6615845410124,762.6615845410124,762.6687640000018,763.6604928330053,763.6604928330053,764.1868900830013,,,,,z,1,0.5161885830020765,None,4,001,2025-10-02_18h10.05.230,motor sequence learning,,2025.1.1,None,2025-10-02 18h10.20.060029 +0530,
-50,x,116,116,29,x,1,0.360261873996933,None,,,,,29,116,116,0,764.1950885410042,,764.1873405410006,764.1950885410042,765.1776109580096,765.1776109580096,765.1776109580096,765.1776109580096,765.184737500007,766.1861562500126,766.1861562500126,766.5532412080065,,,,,x,1,0.360261873996933,None,4,001,2025-10-02_18h10.05.230,motor sequence learning,,2025.1.1,None,2025-10-02 18h10.20.060029 +0530,
-50,x,117,117,30,x,1,0.6821985410060734,None,,,,,30,117,117,0,766.5618541250005,,766.5536425830069,766.5618541250005,767.545229291005,767.545229291005,767.545229291005,767.545229291005,767.5531331660022,768.5429416250117,768.5429416250117,769.2276537080033,,,,,x,1,0.6821985410060734,None,4,001,2025-10-02_18h10.05.230,motor sequence learning,,2025.1.1,None,2025-10-02 18h10.20.060029 +0530,
50,c,118,118,27,c,1,0.3470939999970142,None,,,,,27,118,118,2,769.2357469999988,,769.2281174579985,769.2357469999988,770.2271929999988,770.2271929999988,770.2271929999988,770.2271929999988,770.2271929999988,771.2280993750028,771.2280993750028,771.5763201660011,,,,,c,1,0.3470939999970142,None,4,001,2025-10-02_18h10.05.230,motor sequence learning,,2025.1.1,None,2025-10-02 18h10.20.060029 +0530,
-150,z,119,119,28,z,1,0.37742837400583085,None,,,,,28,119,119,3,771.5850101250107,,771.5766432910023,771.5850101250107,772.5680135000002,772.5680135000002,772.5680135000002,772.5680135000002,772.5757392500091,773.5687792079989,773.5687792079989,773.9527762080106,,,,,z,1,0.37742837400583085,None,4,001,2025-10-02_18h10.05.230,motor sequence learning,,2025.1.1,None,2025-10-02 18h10.20.060029 +0530,
50,c,120,120,28,c,1,0.3353353330021491,None,,,,,28,120,120,2,773.9619659580057,,773.9532092500012,773.9619659580057,774.9457194999995,774.9457194999995,774.9457194999995,774.9457194999995,774.9532584160042,775.9437747500051,775.9437747500051,776.2872189160116,,,,,c,1,0.3353353330021491,None,4,001,2025-10-02_18h10.05.230,motor sequence learning,,2025.1.1,None,2025-10-02 18h10.20.060029 +0530,
-50,x,121,121,31,x,1,0.3579368329956196,None,,,,,31,121,121,0,776.2953292910097,,776.2876461660053,776.2953292910097,777.2859554580064,777.2859554580064,777.2859554580064,777.2859554580064,777.2929592910077,778.2862117910117,778.2862117910117,778.6533037910121,,,,,x,1,0.3579368329956196,None,4,001,2025-10-02_18h10.05.230,motor sequence learning,,2025.1.1,None,2025-10-02 18h10.20.060029 +0530,
50,c,122,122,29,c,1,0.35697179099952336,None,,,,,29,122,122,2,778.6611927910126,,778.6536871660064,778.6611927910126,779.6447937080084,779.6447937080084,779.6447937080084,779.6447937080084,779.6524497500068,780.6420396660105,780.6420396660105,781.0038318750012,,,,,c,1,0.35697179099952336,None,4,001,2025-10-02_18h10.05.230,motor sequence learning,,2025.1.1,None,2025-10-02 18h10.20.060029 +0530,
150,v,123,123,32,v,1,0.4035549169930164,None,,,,,32,123,123,1,781.0088658750028,,781.0044135830103,781.0088658750028,782.0020755410078,782.0020755410078,782.0020755410078,782.0020755410078,782.0090542500111,783.0024112910032,783.0024112910032,783.4099615410087,,,,,v,1,0.4035549169930164,None,4,001,2025-10-02_18h10.05.230,motor sequence learning,,2025.1.1,None,2025-10-02 18h10.20.060029 +0530,
150,v,124,124,33,v,1,0.38413783299620263,None,,,,,33,124,124,1,783.4179694580089,,783.4103182910039,783.4179694580089,784.4013917910052,784.4013917910052,784.4013917910052,784.4013917910052,784.407604166001,785.4107744580106,785.4107744580106,785.8023040830012,,,,,v,1,0.38413783299620263,None,4,001,2025-10-02_18h10.05.230,motor sequence learning,,2025.1.1,None,2025-10-02 18h10.20.060029 +0530,
-50,x,125,125,32,x,1,0.3211351240024669,None,,,,,32,125,125,0,785.8105064160045,,785.8027894580009,785.8105064160045,786.7952567500033,786.7952567500033,786.7952567500033,786.7952567500033,786.8030051250098,787.7937829160073,787.7937829160073,788.120711333002,,,,,x,1,0.3211351240024669,None,4,001,2025-10-02_18h10.05.230,motor sequence learning,,2025.1.1,None,2025-10-02 18h10.20.060029 +0530,
50,c,126,126,30,c,1,0.2926741669944022,None,,,,,30,126,126,2,788.1290087080124,,788.121153,788.1290087080124,789.1121977500006,789.1121977500006,789.1121977500006,789.1121977500006,789.1197814160114,790.1180807500059,790.1180807500059,790.4194460410072,,,,,c,1,0.2926741669944022,None,4,001,2025-10-02_18h10.05.230,motor sequence learning,,2025.1.1,None,2025-10-02 18h10.20.060029 +0530,
-150,z,127,127,29,z,1,0.3904469999979483,None,,,,,29,127,127,3,790.4283318330126,,790.4198595830094,790.4283318330126,791.4121192910097,791.4121192910097,791.4121192910097,791.4121192910097,791.41968529101,792.4103518750053,792.4103518750053,792.8028062500089,,,,,z,1,0.3904469999979483,None,4,001,2025-10-02_18h10.05.230,motor sequence learning,,2025.1.1,None,2025-10-02 18h10.20.060029 +0530,
50,c,128,128,31,c,1,0.35842629200487863,None,,,,,31,128,128,2,792.8080797910079,,792.8031540410011,792.8080797910079,793.7946743750072,793.7946743750072,793.7946743750072,793.7946743750072,793.802393541002,794.7933303750033,794.7933303750033,795.1541485410125,,,,,c,1,0.35842629200487863,None,4,001,2025-10-02_18h10.05.230,motor sequence learning,,2025.1.1,None,2025-10-02 18h10.20.060029 +0530,
-50,x,129,129,33,x,1,0.3258072080061538,None,,,,,33,129,129,0,795.1635670410033,,795.1545512500015,795.1635670410033,796.1520425410126,796.1520425410126,796.1520425410126,796.1520425410126,796.1597760000004,797.152812625005,797.152812625005,797.4872550410073,,,,,x,1,0.3258072080061538,None,4,001,2025-10-02_18h10.05.230,motor sequence learning,,2025.1.1,None,2025-10-02 18h10.20.060029 +0530,
-50,x,130,130,34,x,1,0.4178085830062628,None,,,,,34,130,130,0,797.4954290000023,,797.4876662910101,797.4954290000023,798.4854034160089,798.4854034160089,798.4854034160089,798.4854034160089,798.4931250000081,799.4858372080053,799.4858372080053,799.909056000004,,,,,x,1,0.4178085830062628,None,4,001,2025-10-02_18h10.05.230,motor sequence learning,,2025.1.1,None,2025-10-02 18h10.20.060029 +0530,
-150,z,131,131,30,x,0,0.5030645420047222,None,,,,,30,131,131,3,799.9179967080127,,799.9093874160026,799.9179967080127,800.9102652910078,800.9102652910078,800.9102652910078,800.9102652910078,800.9102652910078,801.9024073750043,801.9024073750043,802.4098955000081,,,,,x,0,0.5030645420047222,None,4,001,2025-10-02_18h10.05.230,motor sequence learning,,2025.1.1,None,2025-10-02 18h10.20.060029 +0530,
50,c,132,132,32,c,1,0.3891609580023214,None,,,,,32,132,132,2,802.418057916002,,802.4102375830116,802.418057916002,803.4026378749986,803.4026378749986,803.4026378749986,803.4026378749986,803.4105085000047,804.402457166012,804.402457166012,804.7929530410038,,,,,c,1,0.3891609580023214,None,4,001,2025-10-02_18h10.05.230,motor sequence learning,,2025.1.1,None,2025-10-02 18h10.20.060029 +0530,
-150,z,133,133,31,z,1,0.3749984580063028,None,,,,,31,133,133,3,804.8033214580064,,804.7933895830065,804.8033214580064,805.794990416005,805.794990416005,805.794990416005,805.794990416005,805.794990416005,806.7864508330094,806.7864508330094,807.1707342500013,,,,,z,1,0.3749984580063028,None,4,001,2025-10-02_18h10.05.230,motor sequence learning,,2025.1.1,None,2025-10-02 18h10.20.060029 +0530,
-150,z,134,134,32,z,1,0.48197175000677817,None,,,,,32,134,134,3,807.1789033329987,,807.1711586660094,807.1789033329987,808.1625837080064,808.1625837080064,808.1625837080064,808.1625837080064,808.17027100001,809.1684304580122,809.1684304580122,809.6528784160037,,,,,z,1,0.48197175000677817,None,4,001,2025-10-02_18h10.05.230,motor sequence learning,,2025.1.1,None,2025-10-02 18h10.20.060029 +0530,
-50,x,135,135,35,x,1,0.41838149999966845,None,,,,,35,135,135,0,809.6587936660071,,809.6533055830078,809.6587936660071,810.6460000410007,810.6460000410007,810.6460000410007,810.6460000410007,810.653982666001,811.6440114160068,811.6440114160068,812.0692009580089,,,,,x,1,0.41838149999966845,None,4,001,2025-10-02_18h10.05.230,motor sequence learning,,2025.1.1,None,2025-10-02 18h10.20.060029 +0530,
-150,z,136,136,33,z,1,0.44899020799493883,None,,,,,33,136,136,3,812.0766087080119,,812.0695542500034,812.0766087080119,813.0612645000074,813.0612645000074,813.0612645000074,813.0612645000074,813.0685062910052,814.0603782910039,814.0603782910039,814.5201759160118,,,,,z,1,0.44899020799493883,None,4,001,2025-10-02_18h10.05.230,motor sequence learning,,2025.1.1,None,2025-10-02 18h10.20.060029 +0530,
-50,x,137,137,36,x,1,0.4727815000078408,None,,,,,36,137,137,0,814.5278766250121,,814.5205419160047,814.5278766250121,815.5107520410093,815.5107520410093,815.5107520410093,815.5107520410093,815.5182080000086,816.5104539580061,816.5104539580061,816.9875273330108,,,,,x,1,0.4727815000078408,None,4,001,2025-10-02_18h10.05.230,motor sequence learning,,2025.1.1,None,2025-10-02 18h10.20.060029 +0530,
-50,x,138,138,37,x,1,0.4461697910010116,None,,,,,37,138,138,0,816.9956119999988,,816.9879380830098,816.9956119999988,817.9855257500021,817.9855257500021,817.9855257500021,817.9855257500021,817.9933410410013,818.9859608750121,818.9859608750121,819.4369064159982,,,,,x,1,0.4461697910010116,None,4,001,2025-10-02_18h10.05.230,motor sequence learning,,2025.1.1,None,2025-10-02 18h10.20.060029 +0530,
-150,z,139,139,34,z,1,0.687957957998151,None,,,,,34,139,139,3,819.44162641601,,819.4373465000099,819.44162641601,820.4284132910107,820.4284132910107,820.4284132910107,820.4284132910107,820.4358281660097,821.4271822910086,821.4271822910086,822.1204198750056,,,,,z,1,0.687957957998151,None,4,001,2025-10-02_18h10.05.230,motor sequence learning,,2025.1.1,None,2025-10-02 18h10.20.060029 +0530,
50,c,140,140,33,c,1,0.4593033740093233,None,,,,,33,140,140,2,822.1286176660069,,822.1207910830126,822.1286176660069,823.1124170000112,823.1124170000112,823.1124170000112,823.1124170000112,823.1201874160033,824.1106945409992,824.1106945409992,824.5806713750062,,,,,c,1,0.4593033740093233,None,4,001,2025-10-02_18h10.05.230,motor sequence learning,,2025.1.1,None,2025-10-02 18h10.20.060029 +0530,
50,c,141,141,34,c,1,0.3984620409901254,None,,,,,34,141,141,2,824.586297041009,,824.5810247910122,824.586297041009,825.5784259580105,825.5784259580105,825.5784259580105,825.5784259580105,825.5784259580105,826.5776304580068,826.5776304580068,826.9876895410125,,,,,c,1,0.3984620409901254,None,4,001,2025-10-02_18h10.05.230,motor sequence learning,,2025.1.1,None,2025-10-02 18h10.20.060029 +0530,
-150,z,142,142,35,x,0,0.340855291011394,None,,,,,35,142,142,3,826.9955946660048,,826.9881435410061,826.9955946660048,827.9860617910017,827.9860617910017,827.9860617910017,827.9860617910017,827.9934847910044,828.986092541003,828.986092541003,829.3280091250053,,,,,x,0,0.340855291011394,None,4,001,2025-10-02_18h10.05.230,motor sequence learning,,2025.1.1,None,2025-10-02 18h10.20.060029 +0530,
-150,z,143,143,36,z,1,0.48163633300282527,None,,,,,36,143,143,3,829.3529209160042,,829.3284041660081,829.3529209160042,830.3284085410123,830.3284085410123,830.3284085410123,830.3284085410123,830.3436861250084,831.3271874159982,831.3271874159982,831.8203320410103,,,,,z,1,0.48163633300282527,None,4,001,2025-10-02_18h10.05.230,motor sequence learning,,2025.1.1,None,2025-10-02 18h10.20.060029 +0530,
-50,x,144,144,38,x,1,0.4454203750065062,None,,,,,38,144,144,0,831.8282272500073,,831.8207145000051,831.8282272500073,832.8114747080108,832.8114747080108,832.8114747080108,832.8114747080108,832.8185786250106,833.8194679160079,833.8194679160079,834.2701332500001,,,,,x,1,0.4454203750065062,None,4,001,2025-10-02_18h10.05.230,motor sequence learning,,2025.1.1,None,2025-10-02 18h10.20.060029 +0530,
50,c,145,145,35,c,1,0.31666379200760275,None,,,,,35,145,145,2,834.2745763330022,,834.2704769160046,834.2745763330022,835.2606118750118,835.2606118750118,835.2606118750118,835.2606118750118,835.2682613750076,836.2591560410074,836.2591560410074,836.5869301659986,,,,,c,1,0.31666379200760275,None,4,001,2025-10-02_18h10.05.230,motor sequence learning,,2025.1.1,None,2025-10-02 18h10.20.060029 +0530,
-50,x,146,146,39,x,1,0.37684683299448807,None,,,,,39,146,146,0,836.5949751250009,,836.5873062500032,836.5949751250009,837.5782450410043,837.5782450410043,837.5782450410043,837.5782450410043,837.5854517910047,838.5768523330044,838.5768523330044,838.9611032910034,,,,,x,1,0.37684683299448807,None,4,001,2025-10-02_18h10.05.230,motor sequence learning,,2025.1.1,None,2025-10-02 18h10.20.060029 +0530,
50,c,147,147,36,c,1,0.44300233300600667,None,,,,,36,147,147,2,838.9698707080097,,838.9615428329998,838.9698707080097,839.9622392910096,839.9622392910096,839.9622392910096,839.9622392910096,839.9622392910096,840.951700125006,840.951700125006,841.4039717910055,,,,,c,1,0.44300233300600667,None,4,001,2025-10-02_18h10.05.230,motor sequence learning,,2025.1.1,None,2025-10-02 18h10.20.060029 +0530,
-50,x,148,148,40,x,1,0.5990854160045274,None,,,,,40,148,148,0,841.4119356660085,,841.4043211660028,841.4119356660085,842.3952800830011,842.3952800830011,842.3952800830011,842.3952800830011,842.4030365830113,843.4032893750118,843.4032893750118,844.0042955829995,,,,,x,1,0.5990854160045274,None,4,001,2025-10-02_18h10.05.230,motor sequence learning,,2025.1.1,None,2025-10-02 18h10.20.060029 +0530,
50,c,149,149,37,c,1,0.4123523330054013,None,,,,,37,149,149,2,844.0133343750058,,844.0047492080048,844.0133343750058,845.0019601250096,845.0019601250096,845.0019601250096,845.0019601250096,845.0095797500107,846.0031482080085,846.0031482080085,846.4207353329984,,,,,c,1,0.4123523330054013,None,4,001,2025-10-02_18h10.05.230,motor sequence learning,,2025.1.1,None,2025-10-02 18h10.20.060029 +0530,
150,v,150,150,34,v,1,0.3808052079984918,None,,,,,34,150,150,1,846.4286217500048,,846.4211645000032,846.4286217500048,847.4128310829983,847.4128310829983,847.4128310829983,847.4128310829983,847.4204058750038,848.4197655410098,848.4197655410098,848.8041973750078,,,,,v,1,0.3808052079984918,None,4,001,2025-10-02_18h10.05.230,motor sequence learning,,2025.1.1,None,2025-10-02 18h10.20.060029 +0530,
50,c,151,151,38,c,1,0.3073566669918364,None,,,,,38,151,151,2,848.8125115410076,,848.8046445830114,848.8125115410076,849.796001499999,849.796001499999,849.796001499999,849.796001499999,849.8038418750075,850.8030421250005,850.8030421250005,851.1204342080018,,,,,c,1,0.3073566669918364,None,4,001,2025-10-02_18h10.05.230,motor sequence learning,,2025.1.1,None,2025-10-02 18h10.20.060029 +0530,
-50,x,152,152,41,x,1,0.30996574999880977,None,,,,,41,152,152,0,851.1285500000085,,851.1208845830115,851.1285500000085,852.1114112080104,852.1114112080104,852.1114112080104,852.1114112080104,852.1192301660049,853.1105760830105,853.1105760830105,853.4253357499983,,,,,x,1,0.30996574999880977,None,4,001,2025-10-02_18h10.05.230,motor sequence learning,,2025.1.1,None,2025-10-02 18h10.20.060029 +0530,
-50,x,153,153,42,x,1,0.46203120799327735,None,,,,,42,153,153,0,853.4360983330116,,853.4256691250048,853.4360983330116,854.4195709160122,854.4195709160122,854.4195709160122,854.4195709160122,854.4275108330039,855.4194253330061,855.4194253330061,855.8877943750122,,,,,x,1,0.46203120799327735,None,4,001,2025-10-02_18h10.05.230,motor sequence learning,,2025.1.1,None,2025-10-02 18h10.20.060029 +0530,
50,c,154,154,39,c,1,0.32515362500271294,None,,,,,39,154,154,2,855.8974133750016,,855.8882508750103,855.8974133750016,856.8854420410062,856.8854420410062,856.8854420410062,856.8854420410062,856.8930382910039,857.885184291008,857.885184291008,858.2210645830055,,,,,c,1,0.32515362500271294,None,4,001,2025-10-02_18h10.05.230,motor sequence learning,,2025.1.1,None,2025-10-02 18h10.20.060029 +0530,
-50,x,155,155,43,z,0,0.45604062400525436,None,,,,,43,155,155,0,858.2302995409991,,858.2215456250124,858.2302995409991,859.2129042500019,859.2129042500019,859.2129042500019,859.2129042500019,859.2205437500088,860.2182961250073,860.2182961250073,860.6766758750018,,,,,z,0,0.45604062400525436,None,4,001,2025-10-02_18h10.05.230,motor sequence learning,,2025.1.1,None,2025-10-02 18h10.20.060029 +0530,
150,v,156,156,35,v,1,0.6232422500033863,None,,,,,35,156,156,1,860.6853791250032,,860.6771338750114,860.6853791250032,861.6684143330058,861.6684143330058,861.6684143330058,861.6684143330058,861.6759637500072,862.6682362499996,862.6682362499996,863.2942173330084,,,,,v,1,0.6232422500033863,None,4,001,2025-10-02_18h10.05.230,motor sequence learning,,2025.1.1,None,2025-10-02 18h10.20.060029 +0530,
150,v,157,157,36,v,1,0.40611466600967105,None,,,,,36,157,157,1,863.3023358330101,,863.294625458002,863.3023358330101,864.2851641250018,864.2851641250018,864.2851641250018,864.2851641250018,864.2928576250124,865.2851256249996,865.2851256249996,865.6954920410062,,,,,v,1,0.40611466600967105,None,4,001,2025-10-02_18h10.05.230,motor sequence learning,,2025.1.1,None,2025-10-02 18h10.20.060029 +0530,
50,c,158,158,40,c,1,0.3068740830058232,None,,,,,40,158,158,2,865.7196924580057,,865.695894458011,865.7196924580057,866.6956822080101,866.6956822080101,866.6956822080101,866.6956822080101,866.7107217500015,867.6941758750036,867.6941758750036,868.0040241250099,,,,,c,1,0.3068740830058232,None,4,001,2025-10-02_18h10.05.230,motor sequence learning,,2025.1.1,None,2025-10-02 18h10.20.060029 +0530,
-150,z,159,159,37,z,1,0.5065073750010924,None,,,,,37,159,159,3,868.0131138330034,,868.0045808330033,868.0131138330034,869.0023927500006,869.0023927500006,869.0023927500006,869.0023927500006,869.0092940830073,870.0027860410046,870.0027860410046,870.5206892499991,,,,,z,1,0.5065073750010924,None,4,001,2025-10-02_18h10.05.230,motor sequence learning,,2025.1.1,None,2025-10-02 18h10.20.060029 +0530,
-150,z,160,160,38,z,1,0.5765529999916907,None,,,,,38,160,160,3,870.5288091660041,,870.5211401660054,870.5288091660041,871.5112295410072,871.5112295410072,871.5112295410072,871.5112295410072,871.5184195000038,872.5195895409997,872.5195895409997,873.1027500000055,,,,,z,1,0.5765529999916907,None,4,001,2025-10-02_18h10.05.230,motor sequence learning,,2025.1.1,None,2025-10-02 18h10.20.060029 +0530,
50,c,161,161,41,c,1,0.5709691250085598,None,,,,,41,161,161,2,873.1098845829983,,873.1030909160036,873.1098845829983,874.0952888330066,874.0952888330066,874.0952888330066,874.0952888330066,874.1024905000086,875.0940576249996,875.0940576249996,875.6699523330026,,,,,c,1,0.5709691250085598,None,4,001,2025-10-02_18h10.05.230,motor sequence learning,,2025.1.1,None,2025-10-02 18h10.20.060029 +0530,
50,c,162,162,42,c,1,0.36067383299814537,None,,,,,42,162,162,2,875.6752702910017,,875.6701960409991,875.6752702910017,876.6616782080091,876.6616782080091,876.6616782080091,876.6616782080091,876.6686627080053,877.6613109160098,877.6613109160098,878.0266811660113,,,,,c,1,0.36067383299814537,None,4,001,2025-10-02_18h10.05.230,motor sequence learning,,2025.1.1,None,2025-10-02 18h10.20.060029 +0530,
-50,x,163,163,44,x,1,0.3925399580039084,None,,,,,44,163,163,0,878.0350443750067,,878.0270961250062,878.0350443750067,879.0287435000064,879.0287435000064,879.0287435000064,879.0287435000064,879.0287435000064,880.0272440410045,880.0272440410045,880.4212119580043,,,,,x,1,0.3925399580039084,None,4,001,2025-10-02_18h10.05.230,motor sequence learning,,2025.1.1,None,2025-10-02 18h10.20.060029 +0530,
150,v,164,164,37,v,1,0.30994662499870174,None,,,,,37,164,164,1,880.4301797500084,,880.4216886250069,880.4301797500084,881.4184648750088,881.4184648750088,881.4184648750088,881.4184648750088,881.4263909160072,882.4199437500065,882.4199437500065,882.737485250007,,,,,v,1,0.30994662499870174,None,4,001,2025-10-02_18h10.05.230,motor sequence learning,,2025.1.1,None,2025-10-02 18h10.20.060029 +0530,
-50,x,165,165,45,x,1,0.4349594159866683,None,,,,,45,165,165,0,882.7457559580071,,882.7379190409993,882.7457559580071,883.728673125006,883.728673125006,883.728673125006,883.728673125006,883.7365267080022,884.7352248750103,884.7352248750103,885.1810455000086,,,,,x,1,0.4349594159866683,None,4,001,2025-10-02_18h10.05.230,motor sequence learning,,2025.1.1,None,2025-10-02 18h10.20.060029 +0530,
50,c,166,166,43,c,1,0.43066562501189765,None,,,,,43,166,166,2,885.186209958003,,885.1813997499994,885.186209958003,886.1784988750005,886.1784988750005,886.1784988750005,886.1784988750005,886.1784988750005,887.1773157080024,887.1773157080024,887.6105008750019,,,,,c,1,0.43066562501189765,None,4,001,2025-10-02_18h10.05.230,motor sequence learning,,2025.1.1,None,2025-10-02 18h10.20.060029 +0530,
-150,z,167,167,39,z,1,0.48007520800456405,None,,,,,39,167,167,3,887.6203106250032,,887.6108893330093,887.6203106250032,888.6106938330049,888.6106938330049,888.6106938330049,888.6106938330049,888.6106938330049,889.6096137910063,889.6096137910063,890.0919940830063,,,,,z,1,0.48007520800456405,None,4,001,2025-10-02_18h10.05.230,motor sequence learning,,2025.1.1,None,2025-10-02 18h10.20.060029 +0530,
-150,z,168,168,40,z,1,0.673299500005669,None,,,,,40,168,168,3,890.1021631660115,,890.0923569160077,890.1021631660115,891.085097083007,891.085097083007,891.085097083007,891.085097083007,891.0927785410022,892.0863335000031,892.0863335000031,892.7612350410054,,,,,z,1,0.673299500005669,None,4,001,2025-10-02_18h10.05.230,motor sequence learning,,2025.1.1,None,2025-10-02 18h10.20.060029 +0530,
50,c,169,169,44,c,1,0.39551437500631437,None,,,,,44,169,169,2,892.7699322910048,,892.7616288749996,892.7699322910048,893.760870958009,893.760870958009,893.760870958009,893.760870958009,893.760870958009,894.7520407500124,894.7520407500124,895.1545680410054,,,,,c,1,0.39551437500631437,None,4,001,2025-10-02_18h10.05.230,motor sequence learning,,2025.1.1,None,2025-10-02 18h10.20.060029 +0530,
150,v,170,170,38,v,1,0.3630850829940755,None,,,,,38,170,170,1,895.1642651250004,,895.155010500006,895.1642651250004,896.1458720830124,896.1458720830124,896.1458720830124,896.1458720830124,896.1609692080092,897.1533973330079,897.1533973330079,897.5211961660098,,,,,v,1,0.3630850829940755,None,4,001,2025-10-02_18h10.05.230,motor sequence learning,,2025.1.1,None,2025-10-02 18h10.20.060029 +0530,
50,c,171,171,45,c,1,0.3007503330009058,None,,,,,45,171,171,2,897.5297906250053,,897.5216606250033,897.5297906250053,898.5131766660052,898.5131766660052,898.5131766660052,898.5131766660052,898.522091375009,899.5195892910124,899.5195892910124,899.8250934579992,,,,,c,1,0.3007503330009058,None,4,001,2025-10-02_18h10.05.230,motor sequence learning,,2025.1.1,None,2025-10-02 18h10.20.060029 +0530,
150,v,172,172,39,v,1,0.5836699579958804,None,,,,,39,172,172,1,899.8366455409996,,899.8254339160048,899.8366455409996,900.8185322909994,900.8185322909994,900.8185322909994,900.8185322909994,900.835669166001,901.8195931250084,901.8195931250084,902.4099283750111,,,,,v,1,0.5836699579958804,None,4,001,2025-10-02_18h10.05.230,motor sequence learning,,2025.1.1,None,2025-10-02 18h10.20.060029 +0530,
150,v,173,173,40,v,1,0.381602292007301,None,,,,,40,173,173,1,902.418519333005,,902.4102495830011,902.418519333005,903.4018778330064,903.4018778330064,903.4018778330064,903.4018778330064,903.4094158330117,904.4019525830081,904.4019525830081,904.7873516660038,,,,,v,1,0.381602292007301,None,4,001,2025-10-02_18h10.05.230,motor sequence learning,,2025.1.1,None,2025-10-02 18h10.20.060029 +0530,
-50,x,174,174,46,x,1,0.3713868740014732,None,,,,,46,174,174,0,904.7927142910048,,904.7877799999987,904.7927142910048,905.7863558329991,905.7863558329991,905.7863558329991,905.7863558329991,905.7942179579986,906.7766042500007,906.7766042500007,907.1540525000019,,,,,x,1,0.3713868740014732,None,4,001,2025-10-02_18h10.05.230,motor sequence learning,,2025.1.1,None,2025-10-02 18h10.20.060029 +0530,
150,v,175,175,41,v,1,0.4730219580087578,None,,,,,41,175,175,1,907.1618049579993,,907.1544833750086,907.1618049579993,908.1445774160093,908.1445774160093,908.1445774160093,908.1445774160093,908.1519403330021,909.1432214579982,909.1432214579982,909.6205265000026,,,,,v,1,0.4730219580087578,None,4,001,2025-10-02_18h10.05.230,motor sequence learning,,2025.1.1,None,2025-10-02 18h10.20.060029 +0530,
-50,x,176,176,47,x,1,0.3664198329934152,None,,,,,47,176,176,0,909.6250338329992,,909.6208729580103,909.6250338329992,910.6109887909988,910.6109887909988,910.6109887909988,910.6109887909988,910.6185579160083,911.6197197910078,911.6197197910078,911.9876135410013,,,,,x,1,0.3664198329934152,None,4,001,2025-10-02_18h10.05.230,motor sequence learning,,2025.1.1,None,2025-10-02 18h10.20.060029 +0530,
150,v,177,177,42,v,1,0.41531149999354966,None,,,,,42,177,177,1,911.9962050830072,,911.9880515410041,911.9962050830072,912.9796787080122,912.9796787080122,912.9796787080122,912.9796787080122,912.9891178750113,913.9768547080021,913.9768547080021,914.3944505000109,,,,,v,1,0.41531149999354966,None,4,001,2025-10-02_18h10.05.230,motor sequence learning,,2025.1.1,None,2025-10-02 18h10.20.060029 +0530,
50,c,178,178,46,c,1,0.4539654989930568,None,,,,,46,178,178,2,914.403342250007,,914.3949154160073,914.403342250007,915.3948999580025,915.3948999580025,915.3948999580025,915.3948999580025,915.3948999580025,916.3852369160013,916.3852369160013,916.8445279580046,,,,,c,1,0.4539654989930568,None,4,001,2025-10-02_18h10.05.230,motor sequence learning,,2025.1.1,None,2025-10-02 18h10.20.060029 +0530,
150,v,179,179,43,v,1,0.5487672909948742,None,,,,,43,179,179,1,916.8522430830053,,916.8448314999987,916.8522430830053,917.8363857910008,917.8363857910008,917.8363857910008,917.8363857910008,917.8440536660055,918.8352343750012,918.8352343750012,919.3882438330038,,,,,v,1,0.5487672909948742,None,4,001,2025-10-02_18h10.05.230,motor sequence learning,,2025.1.1,None,2025-10-02 18h10.20.060029 +0530,
-150,z,180,180,41,z,1,0.5525060829968425,None,,,,,41,180,180,3,919.397459166008,,919.3887403330009,919.397459166008,920.3867310409987,920.3867310409987,920.3867310409987,920.3867310409987,920.3942515410017,921.3853419160005,921.3853419160005,921.9453701250022,,,,,z,1,0.5525060829968425,None,4,001,2025-10-02_18h10.05.230,motor sequence learning,,2025.1.1,None,2025-10-02 18h10.20.060029 +0530,
150,v,181,181,44,v,1,0.4251787079992937,None,,,,,44,181,181,1,921.970021458008,,921.9457810410095,921.970021458008,922.9453283750045,922.9453283750045,922.9453283750045,922.9453283750045,922.9605667080032,923.9427809580084,923.9427809580084,924.3712488330057,,,,,v,1,0.4251787079992937,None,4,001,2025-10-02_18h10.05.230,motor sequence learning,,2025.1.1,None,2025-10-02 18h10.20.060029 +0530,
150,v,182,182,45,v,1,0.4002012909913901,None,,,,,45,182,182,1,924.3767109160108,,924.3718141249992,924.3767109160108,925.3697940830025,925.3697940830025,925.3697940830025,925.3697940830025,925.3767725000071,926.369665582999,926.369665582999,926.776486666,,,,,v,1,0.4002012909913901,None,4,001,2025-10-02_18h10.05.230,motor sequence learning,,2025.1.1,None,2025-10-02 18h10.20.060029 +0530,
50,c,183,183,47,c,1,0.5011870419984916,None,,,,,47,183,183,2,926.7852286660054,,926.7768721250031,926.7852286660054,927.7784222080081,927.7784222080081,927.7784222080081,927.7784222080081,927.7784222080081,928.7756124160078,928.7756124160078,929.2877149160049,,,,,c,1,0.5011870419984916,None,4,001,2025-10-02_18h10.05.230,motor sequence learning,,2025.1.1,None,2025-10-02 18h10.20.060029 +0530,
-150,z,184,184,42,z,1,0.3729254580102861,None,,,,,42,184,184,3,929.2964221250004,,929.2881407079985,929.2964221250004,930.2861315410119,930.2861315410119,930.2861315410119,930.2861315410119,930.2933906660037,931.2777965830028,931.2777965830028,931.6553644580126,,,,,z,1,0.3729254580102861,None,4,001,2025-10-02_18h10.05.230,motor sequence learning,,2025.1.1,None,2025-10-02 18h10.20.060029 +0530,
50,c,185,185,48,c,1,0.4387456659896998,None,,,,,48,185,185,2,931.6651702080126,,931.655912458009,931.6651702080126,932.6519454160007,932.6519454160007,932.6519454160007,932.6519454160007,932.6592418750079,933.6519441660057,933.6519441660057,934.0946550000081,,,,,c,1,0.4387456659896998,None,4,001,2025-10-02_18h10.05.230,motor sequence learning,,2025.1.1,None,2025-10-02 18h10.20.060029 +0530,
-150,z,186,186,43,z,1,0.615932624990819,None,,,,,43,186,186,3,934.1037539579993,,934.0951559579989,934.1037539579993,935.0960907080007,935.0960907080007,935.0960907080007,935.0960907080007,935.0960907080007,936.0853569160099,936.0853569160099,936.7049762910028,,,,,z,1,0.615932624990819,None,4,001,2025-10-02_18h10.05.230,motor sequence learning,,2025.1.1,None,2025-10-02 18h10.20.060029 +0530,
150,v,187,187,46,v,1,0.4297418740025023,None,,,,,46,187,187,1,936.7137645410112,,936.7054653750092,936.7137645410112,937.7020180410036,937.7020180410036,937.7020180410036,937.7020180410036,937.7095427910099,938.7028195000021,938.7028195000021,939.1376400410081,,,,,v,1,0.4297418740025023,None,4,001,2025-10-02_18h10.05.230,motor sequence learning,,2025.1.1,None,2025-10-02 18h10.20.060029 +0530,
-150,z,188,188,44,z,1,0.40238095801032614,None,,,,,44,188,188,3,939.1469505830028,,939.1380703330069,939.1469505830028,940.1281126660033,940.1281126660033,940.1281126660033,940.1281126660033,940.1435112080071,941.1360154580034,941.1360154580034,941.5442675410013,,,,,z,1,0.40238095801032614,None,4,001,2025-10-02_18h10.05.230,motor sequence learning,,2025.1.1,None,2025-10-02 18h10.20.060029 +0530,
150,v,189,189,47,c,0,0.33518525000545196,None,,,,,47,189,189,1,941.5527950830001,,941.5446720000036,941.5527950830001,942.5456091250089,942.5456091250089,942.5456091250089,942.5456091250089,942.5456091250089,943.5352827500028,943.5352827500028,943.8760067500116,,,,,c,0,0.33518525000545196,None,4,001,2025-10-02_18h10.05.230,motor sequence learning,,2025.1.1,None,2025-10-02 18h10.20.060029 +0530,
150,v,190,190,48,v,1,0.3627192910062149,None,,,,,48,190,190,1,943.8852692910004,,943.8763642500126,943.8852692910004,944.8773037500068,944.8773037500068,944.8773037500068,944.8773037500068,944.8773037500068,945.8697279160115,945.8697279160115,946.2378353329987,,,,,v,1,0.3627192910062149,None,4,001,2025-10-02_18h10.05.230,motor sequence learning,,2025.1.1,None,2025-10-02 18h10.20.060029 +0530,
-150,z,191,191,45,z,1,0.46693383299862035,None,,,,,45,191,191,3,946.246113250003,,946.2383634580037,946.246113250003,947.236525625005,947.236525625005,947.236525625005,947.236525625005,947.2437989580067,948.2363745000039,948.2363745000039,948.7047570830036,,,,,z,1,0.46693383299862035,None,4,001,2025-10-02_18h10.05.230,motor sequence learning,,2025.1.1,None,2025-10-02 18h10.20.060029 +0530,
150,v,192,192,49,v,1,0.3266276659996947,None,,,,,49,192,192,1,948.7127504579985,,948.705152916009,948.7127504579985,949.7021862080001,949.7021862080001,949.7021862080001,949.7021862080001,949.7099851660023,950.7027321250062,950.7027321250062,951.0382017910015,,,,,v,1,0.3266276659996947,None,4,001,2025-10-02_18h10.05.230,motor sequence learning,,2025.1.1,None,2025-10-02 18h10.20.060029 +0530,
-50,x,193,193,48,x,1,0.40400729099928867,None,,,,,48,193,193,0,951.0472962909989,,951.0386426250043,951.0472962909989,952.0355405410082,952.0355405410082,952.0355405410082,952.0355405410082,952.0432993330032,953.0354101250123,953.0354101250123,953.4426209580124,,,,,x,1,0.40400729099928867,None,4,001,2025-10-02_18h10.05.230,motor sequence learning,,2025.1.1,None,2025-10-02 18h10.20.060029 +0530,
-150,z,194,194,46,z,1,0.49420845799613744,None,,,,,46,194,194,3,953.4534593749995,,953.4429632910033,953.4534593749995,954.4356647500099,954.4356647500099,954.4356647500099,954.4356647500099,954.4532274580124,955.436957583006,955.436957583006,955.9374115829996,,,,,z,1,0.49420845799613744,None,4,001,2025-10-02_18h10.05.230,motor sequence learning,,2025.1.1,None,2025-10-02 18h10.20.060029 +0530,
-150,z,195,195,47,z,1,0.619869791000383,None,,,,,47,195,195,3,955.9456442080118,,955.9378607500112,955.9456442080118,956.930342083011,956.930342083011,956.930342083011,956.930342083011,956.9540383330022,957.9371523330046,957.9371523330046,958.5612135830015,,,,,z,1,0.619869791000383,None,4,001,2025-10-02_18h10.05.230,motor sequence learning,,2025.1.1,None,2025-10-02 18h10.20.060029 +0530,
50,c,196,196,49,c,1,0.3873502499918686,None,,,,,49,196,196,2,958.5703818330076,,958.5616495830036,958.5703818330076,959.5617354580027,959.5617354580027,959.5617354580027,959.5617354580027,959.5617354580027,960.5596938329982,960.5596938329982,960.9540154160059,,,,,c,1,0.3873502499918686,None,4,001,2025-10-02_18h10.05.230,motor sequence learning,,2025.1.1,None,2025-10-02 18h10.20.060029 +0530,
-150,z,197,197,48,z,1,0.34673066600225866,None,,,,,48,197,197,3,960.9618630830082,,960.9543583750055,960.9618630830082,961.9452070410043,961.9452070410043,961.9452070410043,961.9452070410043,961.9522942910116,962.9524820410006,962.9524820410006,963.3038902080007,,,,,z,1,0.34673066600225866,None,4,001,2025-10-02_18h10.05.230,motor sequence learning,,2025.1.1,None,2025-10-02 18h10.20.060029 +0530,
-150,z,198,198,49,z,1,0.435699374997057,None,,,,,49,198,198,3,963.3087248750089,,963.3042575,963.3087248750089,964.2950727080024,964.2950727080024,964.2950727080024,964.2950727080024,964.3027688330039,965.294285875003,965.294285875003,965.7374623330106,,,,,z,1,0.435699374997057,None,4,001,2025-10-02_18h10.05.230,motor sequence learning,,2025.1.1,None,2025-10-02 18h10.20.060029 +0530,
-50,x,199,199,49,x,1,0.49251662399910856,None,,,,,49,199,199,0,965.7450859160017,,965.7378169580043,965.7450859160017,966.7292183329992,966.7292183329992,966.7292183329992,966.7292183329992,966.7362682500097,967.736328458006,967.736328458006,968.238234000004,,,,,x,1,0.49251662399910856,None,4,001,2025-10-02_18h10.05.230,motor sequence learning,,2025.1.1,None,2025-10-02 18h10.20.060029 +0530,
