pos,corr_resp,thisN,thisTrialN,thisRepN,key_resp.keys,key_resp.corr,key_resp.rt,key_resp.duration,trials.thisRepN,trials.thisTrialN,trials.thisN,trials.thisIndex,trials_2.thisRepN,trials_2.thisTrialN,trials_2.thisN,trials_2.thisIndex,thisRow.t,notes,trial.started,fixation.started,line1.started,line2.started,line3.started,line4.started,fixation.stopped,probe.started,key_resp.started,trial.stopped,trials.key_resp.keys,trials.key_resp.corr,trials.key_resp.rt,trials.key_resp.duration,trials_2.key_resp.keys,trials_2.key_resp.corr,trials_2.key_resp.rt,trials_2.key_resp.duration,participant,session,date,expName,expVersion,psychopyVersion,frameRate,expStart,
-50,x,0,0,0,x,1,0.3508209999999963,None,0,0,0,0,,,,,0.02464608399895951,,0.01762304200383369,0.02464608399895951,1.0040943750063889,1.0040943750063889,1.0040943750063889,1.0040943750063889,1.0231548750016373,1.991078709004796,1.991078709004796,2.539438334002625,x,1,0.3508209999999963,None,,,,,5,001,2025-10-02_18h28.59.078,motor sequence learning,,2025.1.1,None,2025-10-02 18h29.26.803622 +0530,
150,v,1,1,0,v,1,0.28451945800043177,None,0,1,1,1,,,,,2.549142125004437,,2.539720500004478,2.549142125004437,3.5327938749978784,3.5327938749978784,3.5327938749978784,3.5327938749978784,3.540507500001695,4.532911458998569,4.532911458998569,4.818853709002724,v,1,0.28451945800043177,None,,,,,5,001,2025-10-02_18h28.59.078,motor sequence learning,,2025.1.1,None,2025-10-02 18h29.26.803622 +0530,
50,c,2,2,0,c,1,0.2772512499941513,None,0,2,2,2,,,,,4.826813084000605,,4.819361125002615,4.826813084000605,5.817721166997217,5.817721166997217,5.817721166997217,5.817721166997217,5.826037209000788,6.816080584001611,6.816080584001611,7.102172291997704,c,1,0.2772512499941513,None,,,,,5,001,2025-10-02_18h28.59.078,motor sequence learning,,2025.1.1,None,2025-10-02 18h29.26.803622 +0530,
-150,z,3,3,0,z,1,0.2719592079956783,None,0,3,3,3,,,,,7.111054875000264,,7.102594750002027,7.111054875000264,8.099494709007558,8.099494709007558,8.099494709007558,8.099494709007558,8.10709608400066,9.099362042004941,9.099362042004941,9.375678625001456,z,1,0.2719592079956783,None,,,,,5,001,2025-10-02_18h28.59.078,motor sequence learning,,2025.1.1,None,2025-10-02 18h29.26.803622 +0530,
-50,x,4,0,1,x,1,0.3980984170048032,None,1,0,4,0,,,,,9.401296958996681,,9.376097959000617,9.401296958996681,10.376730042000418,10.376730042000418,10.376730042000418,10.376730042000418,10.391590166997048,11.375059958998463,11.375059958998463,11.77596587500011,x,1,0.3980984170048032,None,,,,,5,001,2025-10-02_18h28.59.078,motor sequence learning,,2025.1.1,None,2025-10-02 18h29.26.803622 +0530,
150,v,5,1,1,v,1,0.3463862490025349,None,1,1,5,1,,,,,11.785077542008366,,11.77637908399629,11.785077542008366,12.776285291998647,12.776285291998647,12.776285291998647,12.776285291998647,12.776285291998647,13.774829999994836,13.774829999994836,14.123758083995199,v,1,0.3463862490025349,None,,,,,5,001,2025-10-02_18h28.59.078,motor sequence learning,,2025.1.1,None,2025-10-02 18h29.26.803622 +0530,
50,c,6,2,1,c,1,0.24308354199456517,None,1,2,6,2,,,,,14.133070291994954,,14.124093874997925,14.133070291994954,15.116631541997776,15.116631541997776,15.116631541997776,15.116631541997776,15.124265916994773,16.117131167004118,16.117131167004118,16.36818316699646,c,1,0.24308354199456517,None,,,,,5,001,2025-10-02_18h28.59.078,motor sequence learning,,2025.1.1,None,2025-10-02 18h29.26.803622 +0530,
-150,z,7,3,1,z,1,0.26292345800902694,None,1,3,7,3,,,,,16.37687750000623,,16.368640750006307,16.37687750000623,17.36734554200666,17.36734554200666,17.36734554200666,17.36734554200666,17.37549979200412,18.35825095900509,18.35825095900509,18.625667041997076,z,1,0.26292345800902694,None,,,,,5,001,2025-10-02_18h28.59.078,motor sequence learning,,2025.1.1,None,2025-10-02 18h29.26.803622 +0530,
-50,x,8,0,2,x,1,0.27846083299664315,None,2,0,8,0,,,,,18.634393583997735,,18.62612075000652,18.634393583997735,19.62551875000645,19.62551875000645,19.62551875000645,19.62551875000645,19.62551875000645,20.623568499999237,20.623568499999237,20.90871000000334,x,1,0.27846083299664315,None,,,,,5,001,2025-10-02_18h28.59.078,motor sequence learning,,2025.1.1,None,2025-10-02 18h29.26.803622 +0530,
150,v,9,1,2,v,1,0.2475660420022905,None,2,1,9,1,,,,,20.917790542007424,,20.90916241699597,20.917790542007424,21.909289375005756,21.909289375005756,21.909289375005756,21.909289375005756,21.909289375005756,22.900426542008063,22.900426542008063,23.150543459007167,v,1,0.2475660420022905,None,,,,,5,001,2025-10-02_18h28.59.078,motor sequence learning,,2025.1.1,None,2025-10-02 18h29.26.803622 +0530,
50,c,10,2,2,c,1,0.2340826240106253,None,2,2,10,2,,,,,23.15534487500554,,23.150968875008402,23.15534487500554,24.143639542002347,24.143639542002347,24.143639542002347,24.143639542002347,24.151174958999036,25.140780417001224,25.140780417001224,25.383915917002014,c,1,0.2340826240106253,None,,,,,5,001,2025-10-02_18h28.59.078,motor sequence learning,,2025.1.1,None,2025-10-02 18h29.26.803622 +0530,
-150,z,11,3,2,z,1,0.4442550410021795,None,2,3,11,3,,,,,25.392132459004642,,25.384253291995265,25.392132459004642,26.375986583996564,26.375986583996564,26.375986583996564,26.375986583996564,26.384234666998964,27.37466533400584,27.37466533400584,27.825621958996635,z,1,0.4442550410021795,None,,,,,5,001,2025-10-02_18h28.59.078,motor sequence learning,,2025.1.1,None,2025-10-02 18h29.26.803622 +0530,
-50,x,12,0,3,x,1,0.25819712498923764,None,3,0,12,0,,,,,27.83438566699624,,27.82599341700552,27.83438566699624,28.826010292003048,28.826010292003048,28.826010292003048,28.826010292003048,28.826010292003048,29.82471687499492,29.82471687499492,30.08527820900781,x,1,0.25819712498923764,None,,,,,5,001,2025-10-02_18h28.59.078,motor sequence learning,,2025.1.1,None,2025-10-02 18h29.26.803622 +0530,
150,v,13,1,3,v,1,0.31581766599265393,None,3,1,13,1,,,,,30.093725124999764,,30.085675499998615,30.093725124999764,31.075913624998066,31.075913624998066,31.075913624998066,31.075913624998066,31.090382499998668,32.084025208998355,32.084025208998355,32.40209862499614,v,1,0.31581766599265393,None,,,,,5,001,2025-10-02_18h28.59.078,motor sequence learning,,2025.1.1,None,2025-10-02 18h29.26.803622 +0530,
50,c,14,2,3,c,1,0.2663389989902498,None,3,2,14,2,,,,,32.40678120900702,,32.40268708400254,32.40678120900702,33.400690499998746,33.400690499998746,33.400690499998746,33.400690499998746,33.40854425000725,34.39942229200096,34.39942229200096,34.66860270900361,c,1,0.2663389989902498,None,,,,,5,001,2025-10-02_18h28.59.078,motor sequence learning,,2025.1.1,None,2025-10-02 18h29.26.803622 +0530,
-150,z,15,3,3,z,1,0.5415405410021776,None,3,3,15,3,,,,,34.67394829199475,,34.66930525000498,34.67394829199475,35.66736708399549,35.66736708399549,35.66736708399549,35.66736708399549,35.67401745899406,36.66724687500391,36.66724687500391,37.2184497499984,z,1,0.5415405410021776,None,,,,,5,001,2025-10-02_18h28.59.078,motor sequence learning,,2025.1.1,None,2025-10-02 18h29.26.803622 +0530,
-50,x,16,0,4,x,1,0.36945862500579096,None,4,0,16,0,,,,,37.22708062500169,,37.21887949999655,37.22708062500169,38.21676862500317,38.21676862500317,38.21676862500317,38.21676862500317,38.2243238749943,39.21720658399863,39.21720658399863,39.59124104199873,x,1,0.36945862500579096,None,,,,,5,001,2025-10-02_18h28.59.078,motor sequence learning,,2025.1.1,None,2025-10-02 18h29.26.803622 +0530,
150,v,17,1,4,v,1,0.2468459579977207,None,4,1,17,1,,,,,39.600982834002934,,39.59182545900694,39.600982834002934,40.58416029199725,40.58416029199725,40.58416029199725,40.58416029199725,40.59193537500687,41.58280095900409,41.58280095900409,41.833833666998544,v,1,0.2468459579977207,None,,,,,5,001,2025-10-02_18h28.59.078,motor sequence learning,,2025.1.1,None,2025-10-02 18h29.26.803622 +0530,
50,c,18,2,4,c,1,0.19169716599571984,None,4,2,18,2,,,,,41.84175449999748,,41.8342548340006,41.84175449999748,42.827151542005595,42.827151542005595,42.827151542005595,42.827151542005595,42.85129641700769,43.8248967499967,43.8248967499967,44.02249808399938,c,1,0.19169716599571984,None,,,,,5,001,2025-10-02_18h28.59.078,motor sequence learning,,2025.1.1,None,2025-10-02 18h29.26.803622 +0530,
-150,z,19,3,4,z,1,0.2362900830048602,None,4,3,19,3,,,,,44.03359341699979,,44.02292645900161,44.03359341699979,45.016292959000566,45.016292959000566,45.016292959000566,45.016292959000566,45.02377991699905,46.016134042001795,46.016134042001795,46.259297084005084,z,1,0.2362900830048602,None,,,,,5,001,2025-10-02_18h28.59.078,motor sequence learning,,2025.1.1,None,2025-10-02 18h29.26.803622 +0530,
-50,x,20,0,5,x,1,0.25298233299690764,None,5,0,20,0,,,,,46.26747945899842,,46.25969395900029,46.26747945899842,47.26033770899812,47.26033770899812,47.26033770899812,47.26033770899812,47.26033770899812,48.258386208995944,48.258386208995944,48.51788233399566,x,1,0.25298233299690764,None,,,,,5,001,2025-10-02_18h28.59.078,motor sequence learning,,2025.1.1,None,2025-10-02 18h29.26.803622 +0530,
150,v,21,1,5,v,1,0.3000461240008008,None,5,1,21,1,,,,,48.526102667005034,,48.518341999995755,48.526102667005034,49.51095808400714,49.51095808400714,49.51095808400714,49.51095808400714,49.534371166999335,50.506381166997016,50.506381166997016,50.808298083997215,v,1,0.3000461240008008,None,,,,,5,001,2025-10-02_18h28.59.078,motor sequence learning,,2025.1.1,None,2025-10-02 18h29.26.803622 +0530,
50,c,22,2,5,c,1,0.2836625830095727,None,5,2,22,2,,,,,50.81659800000489,,50.80871520900109,50.81659800000489,51.80996337499528,51.80996337499528,51.80996337499528,51.80996337499528,51.80996337499528,52.80774908400781,52.80774908400781,53.10174650000408,c,1,0.2836625830095727,None,,,,,5,001,2025-10-02_18h28.59.078,motor sequence learning,,2025.1.1,None,2025-10-02 18h29.26.803622 +0530,
-150,z,23,3,5,z,1,0.4355904580006609,None,5,3,23,3,,,,,53.11007933400106,,53.102314375006245,53.11007933400106,54.100728417004575,54.100728417004575,54.100728417004575,54.100728417004575,54.10734912499902,55.09957062499598,55.09957062499598,55.54114299999492,z,1,0.4355904580006609,None,,,,,5,001,2025-10-02_18h28.59.078,motor sequence learning,,2025.1.1,None,2025-10-02 18h29.26.803622 +0530,
-50,x,24,0,6,x,1,0.7068269989977125,None,6,0,24,0,,,,,55.54952950000006,,55.5415678749996,55.54952950000006,56.54250879200117,56.54250879200117,56.54250879200117,56.54250879200117,56.54250879200117,57.53446012499626,57.53446012499626,58.25193733400374,x,1,0.7068269989977125,None,,,,,5,001,2025-10-02_18h28.59.078,motor sequence learning,,2025.1.1,None,2025-10-02 18h29.26.803622 +0530,
150,v,25,1,6,v,1,0.285076415995718,None,6,1,25,1,,,,,58.260062500005006,,58.25229645900254,58.260062500005006,59.242691999999806,59.242691999999806,59.242691999999806,59.242691999999806,59.24989550000464,60.251054834006936,60.251054834006936,60.53941037500044,v,1,0.285076415995718,None,,,,,5,001,2025-10-02_18h28.59.078,motor sequence learning,,2025.1.1,None,2025-10-02 18h29.26.803622 +0530,
50,c,26,2,6,c,1,0.02763549999508541,None,6,2,26,2,,,,,60.55115358400508,,60.53972349999822,60.55115358400508,61.532961292003165,61.532961292003165,61.532961292003165,61.532961292003165,61.55108824999479,62.533567709004274,62.533567709004274,62.56821145900176,c,1,0.02763549999508541,None,,,,,5,001,2025-10-02_18h28.59.078,motor sequence learning,,2025.1.1,None,2025-10-02 18h29.26.803622 +0530,
-150,z,27,3,6,z,1,0.3758814160100883,None,6,3,27,3,,,,,62.57633895899926,,62.56854491699778,62.57633895899926,63.56006533400796,63.56006533400796,63.56006533400796,63.56006533400796,63.56751616700785,64.55814454199572,64.55814454199572,64.93539983400842,z,1,0.3758814160100883,None,,,,,5,001,2025-10-02_18h28.59.078,motor sequence learning,,2025.1.1,None,2025-10-02 18h29.26.803622 +0530,
-50,x,28,0,7,x,1,2.035312416992383,None,7,0,28,0,,,,,64.94357595899783,,64.93579800000589,64.94357595899783,65.9273780000076,65.9273780000076,65.9273780000076,65.9273780000076,65.93497954199847,66.92567374999635,66.92567374999635,68.96816370899614,x,1,2.035312416992383,None,,,,,5,001,2025-10-02_18h28.59.078,motor sequence learning,,2025.1.1,None,2025-10-02 18h29.26.803622 +0530,
150,v,29,1,7,v,1,0.2641135830053827,None,7,1,29,1,,,,,68.97572362500068,,68.96851120900828,68.97572362500068,69.95874062500661,69.95874062500661,69.95874062500661,69.95874062500661,69.9663633339951,70.95878779199847,70.95878779199847,71.22429508400091,v,1,0.2641135830053827,None,,,,,5,001,2025-10-02_18h28.59.078,motor sequence learning,,2025.1.1,None,2025-10-02 18h29.26.803622 +0530,
50,c,30,2,7,c,1,0.2666290830093203,None,7,2,30,2,,,,,71.2340147089999,,71.22460383399448,71.2340147089999,72.22591049999755,72.22591049999755,72.22591049999755,72.22591049999755,72.22591049999755,73.22531287500169,73.22531287500169,73.50154462500359,c,1,0.2666290830093203,None,,,,,5,001,2025-10-02_18h28.59.078,motor sequence learning,,2025.1.1,None,2025-10-02 18h29.26.803622 +0530,
-150,z,31,3,7,z,1,0.432403416998568,None,7,3,31,3,,,,,73.50866612499522,,73.5018885419995,73.50866612499522,74.4928362500068,74.4928362500068,74.4928362500068,74.4928362500068,74.4999439999956,75.4913630420051,75.4913630420051,75.93590520900034,z,1,0.432403416998568,None,,,,,5,001,2025-10-02_18h28.59.078,motor sequence learning,,2025.1.1,None,2025-10-02 18h29.26.803622 +0530,
-50,x,32,0,8,x,1,0.6386458749911981,None,8,0,32,0,,,,,75.94473000000289,,75.93631950000417,75.94473000000289,76.93359816700104,76.93359816700104,76.93359816700104,76.93359816700104,76.94107116700616,77.93299566699716,77.93299566699716,78.57593037499464,x,1,0.6386458749911981,None,,,,,5,001,2025-10-02_18h28.59.078,motor sequence learning,,2025.1.1,None,2025-10-02 18h29.26.803622 +0530,
150,v,33,1,8,v,1,0.3163558749947697,None,8,1,33,1,,,,,78.60096029199485,,78.5763511670084,78.60096029199485,79.57621395900787,79.57621395900787,79.57621395900787,79.57621395900787,79.59165658400161,80.57538645900786,80.57538645900786,80.9023614589969,v,1,0.3163558749947697,None,,,,,5,001,2025-10-02_18h28.59.078,motor sequence learning,,2025.1.1,None,2025-10-02 18h29.26.803622 +0530,
50,c,34,2,8,c,1,0.3720799580041785,None,8,2,34,2,,,,,80.91066358399985,,80.90279525000369,80.91066358399985,81.89980775000004,81.89980775000004,81.89980775000004,81.89980775000004,81.90724962500099,82.89964150000014,82.89964150000014,83.2747255419963,c,1,0.3720799580041785,None,,,,,5,001,2025-10-02_18h28.59.078,motor sequence learning,,2025.1.1,None,2025-10-02 18h29.26.803622 +0530,
-150,z,35,3,8,z,1,0.41544254099426325,None,8,3,35,3,,,,,83.2836810000008,,83.27517000000807,83.2836810000008,84.26635074999649,84.26635074999649,84.26635074999649,84.26635074999649,84.27381712499482,85.27523391699651,85.27523391699651,85.6917859170062,z,1,0.41544254099426325,None,,,,,5,001,2025-10-02_18h28.59.078,motor sequence learning,,2025.1.1,None,2025-10-02 18h29.26.803622 +0530,
-50,x,36,0,9,x,1,0.2927354999992531,None,9,0,36,0,,,,,85.70135229200241,,85.69218687500688,85.70135229200241,86.6925662499998,86.6925662499998,86.6925662499998,86.6925662499998,86.6925662499998,87.69085287500639,87.69085287500639,87.98536237499502,x,1,0.2927354999992531,None,,,,,5,001,2025-10-02_18h28.59.078,motor sequence learning,,2025.1.1,None,2025-10-02 18h29.26.803622 +0530,
150,v,37,1,9,v,1,0.3105544580030255,None,9,1,37,1,,,,,87.99395487499714,,87.98578566699871,87.99395487499714,88.98331829199742,88.98331829199742,88.98331829199742,88.98331829199742,88.99099483400641,89.9839415000024,89.9839415000024,90.30062541700318,v,1,0.3105544580030255,None,,,,,5,001,2025-10-02_18h28.59.078,motor sequence learning,,2025.1.1,None,2025-10-02 18h29.26.803622 +0530,
50,c,38,2,9,c,1,0.6122691659984412,None,9,2,38,2,,,,,90.30640162499913,,90.30096854199655,90.30640162499913,91.2927533750044,91.2927533750044,91.2927533750044,91.2927533750044,91.29993854199711,92.29211841699725,92.29211841699725,92.9071090840007,c,1,0.6122691659984412,None,,,,,5,001,2025-10-02_18h28.59.078,motor sequence learning,,2025.1.1,None,2025-10-02 18h29.26.803622 +0530,
-150,z,39,3,9,z,1,0.39568016600969713,None,9,3,39,3,,,,,92.91632420899987,,92.90745387499919,92.91632420899987,93.89972416700039,93.89972416700039,93.89972416700039,93.89972416700039,93.90717891699751,94.89974141700077,94.89974141700077,95.30236895900453,z,1,0.39568016600969713,None,,,,,5,001,2025-10-02_18h28.59.078,motor sequence learning,,2025.1.1,None,2025-10-02 18h29.26.803622 +0530,
-50,x,40,0,10,x,1,0.3098120829963591,None,10,0,40,0,,,,,95.31145533399831,,95.3028123749973,95.31145533399831,96.2938058340078,96.2938058340078,96.2938058340078,96.2938058340078,96.30133620899869,97.29964470899722,97.29964470899722,97.61898566699529,x,1,0.3098120829963591,None,,,,,5,001,2025-10-02_18h28.59.078,motor sequence learning,,2025.1.1,None,2025-10-02 18h29.26.803622 +0530,
150,v,41,1,10,v,1,0.2727819159917999,None,10,1,41,1,,,,,97.62673004200042,,97.61942554199777,97.62673004200042,98.61071004200494,98.61071004200494,98.61071004200494,98.61071004200494,98.61830445899977,99.61755012499634,99.61755012499634,99.89132912500645,v,1,0.2727819159917999,None,,,,,5,001,2025-10-02_18h28.59.078,motor sequence learning,,2025.1.1,None,2025-10-02 18h29.26.803622 +0530,
50,c,42,2,10,c,1,0.3121862499974668,None,10,2,42,2,,,,,99.901331999994,,99.89166745900002,99.901331999994,100.88306649999868,100.88306649999868,100.88306649999868,100.88306649999868,100.90138595900498,101.88300720900588,101.88300720900588,102.20171366700379,c,1,0.3121862499974668,None,,,,,5,001,2025-10-02_18h28.59.078,motor sequence learning,,2025.1.1,None,2025-10-02 18h29.26.803622 +0530,
-150,z,43,3,10,z,1,0.9418469999945955,None,10,3,43,3,,,,,102.20966804200725,,102.20216216699919,102.20966804200725,103.1930516249995,103.1930516249995,103.1930516249995,103.1930516249995,103.2005976250075,104.19222479200107,104.19222479200107,105.13492241699714,z,1,0.9418469999945955,None,,,,,5,001,2025-10-02_18h28.59.078,motor sequence learning,,2025.1.1,None,2025-10-02 18h29.26.803622 +0530,
-50,x,44,0,11,x,1,0.3003677499946207,None,11,0,44,0,,,,,105.14013679200434,,105.1352653750073,105.14013679200434,106.12555687500571,106.12555687500571,106.12555687500571,106.12555687500571,106.13315304199932,107.1236326250073,107.1236326250073,107.43532029200287,x,1,0.3003677499946207,None,,,,,5,001,2025-10-02_18h28.59.078,motor sequence learning,,2025.1.1,None,2025-10-02 18h29.26.803622 +0530,
150,v,45,1,11,v,1,0.25611537499935366,None,11,1,45,1,,,,,107.4432459170057,,107.43578425000305,107.4432459170057,108.43437095900299,108.43437095900299,108.43437095900299,108.43437095900299,108.44192374999693,109.43408824999642,109.43408824999642,109.69205250000232,v,1,0.25611537499935366,None,,,,,5,001,2025-10-02_18h28.59.078,motor sequence learning,,2025.1.1,None,2025-10-02 18h29.26.803622 +0530,
50,c,46,2,11,c,1,0.27691733300162014,None,11,2,46,2,,,,,109.7010190840083,,109.69239558400295,109.7010190840083,110.69237354199868,110.69237354199868,110.69237354199868,110.69237354199868,110.69237354199868,111.69104541699926,111.69104541699926,111.97437587499735,c,1,0.27691733300162014,None,,,,,5,001,2025-10-02_18h28.59.078,motor sequence learning,,2025.1.1,None,2025-10-02 18h29.26.803622 +0530,
-150,z,47,3,11,z,1,0.32247308299702127,None,11,3,47,3,,,,,111.983016416998,,111.97472862500581,111.983016416998,112.9664725420007,112.9664725420007,112.9664725420007,112.9664725420007,112.97405566700036,113.96646179200616,113.96646179200616,114.29230108400225,z,1,0.32247308299702127,None,,,,,5,001,2025-10-02_18h28.59.078,motor sequence learning,,2025.1.1,None,2025-10-02 18h29.26.803622 +0530,
-50,x,48,0,12,x,1,0.29689212499943096,None,12,0,48,0,,,,,114.30179541700636,,114.29270241700578,114.30179541700636,115.29372729199531,115.29372729199531,115.29372729199531,115.29372729199531,115.29372729199531,116.28313020900532,116.28313020900532,116.585841084001,x,1,0.29689212499943096,None,,,,,5,001,2025-10-02_18h28.59.078,motor sequence learning,,2025.1.1,None,2025-10-02 18h29.26.803622 +0530,
150,v,49,1,12,v,1,0.28622599999653175,None,12,1,49,1,,,,,116.59435012500035,,116.58634974999586,116.59435012500035,117.5847990839975,117.5847990839975,117.5847990839975,117.5847990839975,117.59300458400685,118.58468174999871,118.58468174999871,118.876389750003,v,1,0.28622599999653175,None,,,,,5,001,2025-10-02_18h28.59.078,motor sequence learning,,2025.1.1,None,2025-10-02 18h29.26.803622 +0530,
50,c,50,2,12,c,1,0.316407790989615,None,12,2,50,2,,,,,118.88547212499543,,118.87682408399996,118.88547212499543,119.87688141700346,119.87688141700346,119.87688141700346,119.87688141700346,119.87688141700346,120.87447883399727,120.87447883399727,121.19212387500738,c,1,0.316407790989615,None,,,,,5,001,2025-10-02_18h28.59.078,motor sequence learning,,2025.1.1,None,2025-10-02 18h29.26.803622 +0530,
-150,z,51,3,12,z,1,0.7874057920125779,None,12,3,51,3,,,,,121.20133799999894,,121.19251000000804,121.20133799999894,122.18313641700661,122.18313641700661,122.18313641700661,122.18313641700661,122.20096825000655,123.19229649999761,123.19229649999761,123.98571120899578,z,1,0.7874057920125779,None,,,,,5,001,2025-10-02_18h28.59.078,motor sequence learning,,2025.1.1,None,2025-10-02 18h29.26.803622 +0530,
-50,x,52,0,13,x,1,0.6073753329983447,None,13,0,52,0,,,,,123.99407841700304,,123.98615129200334,123.99407841700304,124.98375083399878,124.98375083399878,124.98375083399878,124.98375083399878,124.99124116700841,125.98420633400383,125.98420633400383,126.60152312500577,x,1,0.6073753329983447,None,,,,,5,001,2025-10-02_18h28.59.078,motor sequence learning,,2025.1.1,None,2025-10-02 18h29.26.803622 +0530,
150,v,53,1,13,v,1,0.6348681240051519,None,13,1,53,1,,,,,126.60670195899729,,126.60187679200317,126.60670195899729,127.59335991699481,127.59335991699481,127.59335991699481,127.59335991699481,127.60049733400228,128.591835291998,128.591835291998,129.2351009999984,v,1,0.6348681240051519,None,,,,,5,001,2025-10-02_18h28.59.078,motor sequence learning,,2025.1.1,None,2025-10-02 18h29.26.803622 +0530,
50,c,54,2,13,c,1,0.29875883299973793,None,13,2,54,2,,,,,129.24261912499787,,129.23544670900446,129.24261912499787,130.22641004199977,130.22641004199977,130.22641004199977,130.22641004199977,130.23341250000522,131.22576808399754,131.22576808399754,131.52608566700656,c,1,0.29875883299973793,None,,,,,5,001,2025-10-02_18h28.59.078,motor sequence learning,,2025.1.1,None,2025-10-02 18h29.26.803622 +0530,
-150,z,55,3,13,z,1,0.27330579100816976,None,13,3,55,3,,,,,131.53459041699534,,131.52642583400302,131.53459041699534,132.52745304199925,132.52745304199925,132.52745304199925,132.52745304199925,132.52745304199925,133.52415241699782,133.52415241699782,133.80254595899896,z,1,0.27330579100816976,None,,,,,5,001,2025-10-02_18h28.59.078,motor sequence learning,,2025.1.1,None,2025-10-02 18h29.26.803622 +0530,
-50,x,56,0,14,x,1,0.2761044579965528,None,14,0,56,0,,,,,133.81077220900625,,133.80301062500803,133.81077220900625,134.79407516699575,134.79407516699575,134.79407516699575,134.79407516699575,134.80145349999657,135.80133200000273,135.80133200000273,136.08608758400078,x,1,0.2761044579965528,None,,,,,5,001,2025-10-02_18h28.59.078,motor sequence learning,,2025.1.1,None,2025-10-02 18h29.26.803622 +0530,
150,v,57,1,14,v,1,0.2990786250011297,None,14,1,57,1,,,,,136.09432487499726,,136.0865145419957,136.09432487499726,137.08390383400547,137.08390383400547,137.08390383400547,137.08390383400547,137.09121158400376,138.08340262499405,138.08340262499405,138.3849297919951,v,1,0.2990786250011297,None,,,,,5,001,2025-10-02_18h28.59.078,motor sequence learning,,2025.1.1,None,2025-10-02 18h29.26.803622 +0530,
50,c,58,2,14,c,1,0.2396794999949634,None,14,2,58,2,,,,,138.39417858399975,,138.3853727090027,138.39417858399975,139.37664787500398,139.37664787500398,139.37664787500398,139.37664787500398,139.38424291700358,140.3756375840021,140.3756375840021,140.6184109589958,c,1,0.2396794999949634,None,,,,,5,001,2025-10-02_18h28.59.078,motor sequence learning,,2025.1.1,None,2025-10-02 18h29.26.803622 +0530,
-150,z,59,3,14,z,1,0.31578487499791663,None,14,3,59,3,,,,,140.62360150000313,,140.61875183400116,140.62360150000313,141.61057733399502,141.61057733399502,141.61057733399502,141.61057733399502,141.61813941699802,142.61770820899983,142.61770820899983,142.93551483399642,z,1,0.31578487499791663,None,,,,,5,001,2025-10-02_18h28.59.078,motor sequence learning,,2025.1.1,None,2025-10-02 18h29.26.803622 +0530,
-50,x,60,0,15,x,1,0.36791487500886433,None,15,0,60,0,,,,,142.9408327919955,,142.93599187499785,142.9408327919955,143.9344267090055,143.9344267090055,143.9344267090055,143.9344267090055,143.94176474999404,144.93438058400352,144.93438058400352,145.30814983400342,x,1,0.36791487500886433,None,,,,,5,001,2025-10-02_18h28.59.078,motor sequence learning,,2025.1.1,None,2025-10-02 18h29.26.803622 +0530,
150,v,61,1,15,v,1,0.4390979169984348,None,15,1,61,1,,,,,145.31658054199943,,145.3084971250064,145.31658054199943,146.30752029200085,146.30752029200085,146.30752029200085,146.30752029200085,146.30752029200085,147.30811020900728,147.30811020900728,147.75205304200063,v,1,0.4390979169984348,None,,,,,5,001,2025-10-02_18h28.59.078,motor sequence learning,,2025.1.1,None,2025-10-02 18h29.26.803622 +0530,
50,c,62,2,15,c,1,0.572525208001025,None,15,2,62,2,,,,,147.7570870000054,,147.7524728749995,147.7570870000054,148.74505554200732,148.74505554200732,148.74505554200732,148.74505554200732,148.76833454200823,149.74263154200162,149.74263154200162,150.31933091700193,c,1,0.572525208001025,None,,,,,5,001,2025-10-02_18h28.59.078,motor sequence learning,,2025.1.1,None,2025-10-02 18h29.26.803622 +0530,
-150,z,63,3,15,z,1,0.26591562399698887,None,15,3,63,3,,,,,150.32855800000834,,150.31977587500296,150.32855800000834,151.3180851250072,151.3180851250072,151.3180851250072,151.3180851250072,151.32465591700748,152.31725037499564,152.31725037499564,152.58578779200616,z,1,0.26591562399698887,None,,,,,5,001,2025-10-02_18h28.59.078,motor sequence learning,,2025.1.1,None,2025-10-02 18h29.26.803622 +0530,
-50,x,64,0,16,x,1,0.3322303750028368,None,16,0,64,0,,,,,152.5937241250067,,152.58613254199736,152.5937241250067,153.57677091700316,153.57677091700316,153.57677091700316,153.57677091700316,153.58439566699963,154.58492804200796,154.58492804200796,154.919052792,x,1,0.3322303750028368,None,,,,,5,001,2025-10-02_18h28.59.078,motor sequence learning,,2025.1.1,None,2025-10-02 18h29.26.803622 +0530,
150,v,65,1,16,v,1,0.25618549999489915,None,16,1,65,1,,,,,154.9244131250016,,154.91947595900274,154.9244131250016,155.90979700000025,155.90979700000025,155.90979700000025,155.90979700000025,155.91673724999418,156.91772758400475,156.91772758400475,157.17518583399942,v,1,0.25618549999489915,None,,,,,5,001,2025-10-02_18h28.59.078,motor sequence learning,,2025.1.1,None,2025-10-02 18h29.26.803622 +0530,
50,c,66,2,16,c,1,0.2761457910091849,None,16,2,66,2,,,,,157.1849739169993,,157.1755096669949,157.1849739169993,158.16664100000344,158.16664100000344,158.16664100000344,158.16664100000344,158.1848432090046,159.17586333400686,159.17586333400686,159.4620065420022,c,1,0.2761457910091849,None,,,,,5,001,2025-10-02_18h28.59.078,motor sequence learning,,2025.1.1,None,2025-10-02 18h29.26.803622 +0530,
-150,z,67,3,16,z,1,0.4362650830007624,None,16,3,67,3,,,,,159.4671541669959,,159.46234779199585,159.4671541669959,160.46020354199572,160.46020354199572,160.46020354199572,160.46020354199572,160.46020354199572,161.4586293339962,161.4586293339962,161.90192512499925,z,1,0.4362650830007624,None,,,,,5,001,2025-10-02_18h28.59.078,motor sequence learning,,2025.1.1,None,2025-10-02 18h29.26.803622 +0530,
-50,x,68,0,17,x,1,0.2886743330018362,None,17,0,68,0,,,,,161.9094681669958,,161.9022819170059,161.9094681669958,162.90010037500178,162.90010037500178,162.90010037500178,162.90010037500178,162.90712012500444,163.89225504199567,163.89225504199567,164.1858364590007,x,1,0.2886743330018362,None,,,,,5,001,2025-10-02_18h28.59.078,motor sequence learning,,2025.1.1,None,2025-10-02 18h29.26.803622 +0530,
150,v,69,1,17,v,1,0.2912792909919517,None,17,1,69,1,,,,,164.19512050000776,,164.18631274999643,164.19512050000776,165.18456962499477,165.18456962499477,165.18456962499477,165.18456962499477,165.19233033400087,166.1845422089973,166.1845422089973,166.48558245900495,v,1,0.2912792909919517,None,,,,,5,001,2025-10-02_18h28.59.078,motor sequence learning,,2025.1.1,None,2025-10-02 18h29.26.803622 +0530,
50,c,70,2,17,c,1,0.28019316600693855,None,17,2,70,2,,,,,166.49307608400704,,166.48600191700098,166.49307608400704,167.477558958999,167.477558958999,167.477558958999,167.477558958999,167.4853533340065,168.47524562499893,168.47524562499893,168.75861316699593,c,1,0.28019316600693855,None,,,,,5,001,2025-10-02_18h28.59.078,motor sequence learning,,2025.1.1,None,2025-10-02 18h29.26.803622 +0530,
-150,z,71,3,17,z,1,0.3174301669932902,None,17,3,71,3,,,,,168.7667006249976,,168.75894058399717,168.7667006249976,169.75019729199994,169.75019729199994,169.75019729199994,169.75019729199994,169.7576153340051,170.75022929199622,170.75022929199622,171.0693306250032,z,1,0.3174301669932902,None,,,,,5,001,2025-10-02_18h28.59.078,motor sequence learning,,2025.1.1,None,2025-10-02 18h29.26.803622 +0530,
-50,x,72,0,18,x,1,0.3153530419949675,None,18,0,72,0,,,,,171.0785023339995,,171.06976170900452,171.0785023339995,172.06678958400153,172.06678958400153,172.06678958400153,172.06678958400153,172.07523766699887,173.06835050000518,173.06835050000518,173.3860202920041,x,1,0.3153530419949675,None,,,,,5,001,2025-10-02_18h28.59.078,motor sequence learning,,2025.1.1,None,2025-10-02 18h29.26.803622 +0530,
150,v,73,1,18,c,0,0.44787941699905787,None,18,1,73,1,,,,,173.39428870899428,,173.386432875006,173.39428870899428,174.38337150000734,174.38337150000734,174.38337150000734,174.38337150000734,174.39082816700102,175.3848131249979,175.3848131249979,175.83604754200496,c,0,0.44787941699905787,None,,,,,5,001,2025-10-02_18h28.59.078,motor sequence learning,,2025.1.1,None,2025-10-02 18h29.26.803622 +0530,
50,c,74,2,18,c,1,0.2701890409953194,None,18,2,74,2,,,,,175.84444275000715,,175.8364729169989,175.84444275000715,176.82774475000042,176.82774475000042,176.82774475000042,176.82774475000042,176.8350902920065,177.83336379200045,177.83336379200045,178.1084187499946,c,1,0.2701890409953194,None,,,,,5,001,2025-10-02_18h28.59.078,motor sequence learning,,2025.1.1,None,2025-10-02 18h29.26.803622 +0530,
-150,z,75,3,18,z,1,0.29825487500056624,None,18,3,75,3,,,,,178.11674870899878,,178.10878358400078,178.11674870899878,179.10926024999935,179.10926024999935,179.10926024999935,179.10926024999935,179.10926024999935,180.1002736250084,180.1002736250084,180.40232037499663,z,1,0.29825487500056624,None,,,,,5,001,2025-10-02_18h28.59.078,motor sequence learning,,2025.1.1,None,2025-10-02 18h29.26.803622 +0530,
-50,x,76,0,19,x,1,0.2868726250017062,None,19,0,76,0,,,,,180.4074664170039,,180.40277400000195,180.4074664170039,181.40148304200557,181.40148304200557,181.40148304200557,181.40148304200557,181.40148304200557,182.4006533750071,182.4006533750071,182.6931953339954,x,1,0.2868726250017062,None,,,,,5,001,2025-10-02_18h28.59.078,motor sequence learning,,2025.1.1,None,2025-10-02 18h29.26.803622 +0530,
150,v,77,1,19,v,1,0.46210066600178834,None,19,1,77,1,,,,,182.70190912499675,,182.693635292002,182.70190912499675,183.69334012499894,183.69334012499894,183.69334012499894,183.69334012499894,183.69334012499894,184.69225308399473,184.69225308399473,185.15826445899438,v,1,0.46210066600178834,None,,,,,5,001,2025-10-02_18h28.59.078,motor sequence learning,,2025.1.1,None,2025-10-02 18h29.26.803622 +0530,
50,c,78,2,19,c,1,0.2444878329988569,None,19,2,78,2,,,,,185.16788195900153,,185.15865724999458,185.16788195900153,186.1602385419974,186.1602385419974,186.1602385419974,186.1602385419974,186.1602385419974,187.15000266699644,187.15000266699644,187.40298237500247,c,1,0.2444878329988569,None,,,,,5,001,2025-10-02_18h28.59.078,motor sequence learning,,2025.1.1,None,2025-10-02 18h29.26.803622 +0530,
-150,z,79,3,19,z,1,0.4140043740044348,None,19,3,79,3,,,,,187.41173766700376,,187.40344700000423,187.41173766700376,188.4001933749969,188.4001933749969,188.4001933749969,188.4001933749969,188.40830508399813,189.400274833999,189.400274833999,189.81929658399895,z,1,0.4140043740044348,None,,,,,5,001,2025-10-02_18h28.59.078,motor sequence learning,,2025.1.1,None,2025-10-02 18h29.26.803622 +0530,
-50,x,80,0,20,x,1,0.07913745800033212,None,20,0,80,0,,,,,189.82833375000337,,189.8197242919996,189.82833375000337,190.80922512500547,190.80922512500547,190.80922512500547,190.80922512500547,190.82424137499765,191.81814904199564,191.81814904199564,191.90252033399884,x,1,0.07913745800033212,None,,,,,5,001,2025-10-02_18h28.59.078,motor sequence learning,,2025.1.1,None,2025-10-02 18h29.26.803622 +0530,
150,v,81,1,20,v,1,0.017156333007733338,None,20,1,81,1,,,,,191.90777237499424,,191.9028646670049,191.90777237499424,192.89369920900208,192.89369920900208,192.89369920900208,192.89369920900208,192.90136204200098,193.89210266699956,193.89210266699956,193.91933400000562,v,1,0.017156333007733338,None,,,,,5,001,2025-10-02_18h28.59.078,motor sequence learning,,2025.1.1,None,2025-10-02 18h29.26.803622 +0530,
50,c,82,2,20,c,1,0.25436224999430124,None,20,2,82,2,,,,,193.92756404199463,,193.9197419169941,193.92756404199463,194.9104116249946,194.9104116249946,194.9104116249946,194.9104116249946,194.91786108400265,195.91788449999876,195.91788449999876,196.17694933399616,c,1,0.25436224999430124,None,,,,,5,001,2025-10-02_18h28.59.078,motor sequence learning,,2025.1.1,None,2025-10-02 18h29.26.803622 +0530,
-150,z,83,3,20,z,1,0.2985842920024879,None,20,3,83,3,,,,,196.18426866699883,,196.17727804199967,196.18426866699883,197.17580504200305,197.17580504200305,197.17580504200305,197.17580504200305,197.17580504200305,198.17550412499986,198.17550412499986,198.47532983400743,z,1,0.2985842920024879,None,,,,,5,001,2025-10-02_18h28.59.078,motor sequence learning,,2025.1.1,None,2025-10-02 18h29.26.803622 +0530,
-50,x,84,0,21,x,1,0.30028129200218245,None,21,0,84,0,,,,,198.48481162500684,,198.47574304199952,198.48481162500684,199.47572966699954,199.47572966699954,199.47572966699954,199.47572966699954,199.47572966699954,200.46680679199926,200.46680679199926,200.76938145900203,x,1,0.30028129200218245,None,,,,,5,001,2025-10-02_18h28.59.078,motor sequence learning,,2025.1.1,None,2025-10-02 18h29.26.803622 +0530,
150,v,85,1,21,v,1,0.3302687500108732,None,21,1,85,1,,,,,200.7741639589949,,200.76986479200423,200.7741639589949,201.76791212499666,201.76791212499666,201.76791212499666,201.76791212499666,201.76791212499666,202.76776254200377,202.76776254200377,203.10127124999417,v,1,0.3302687500108732,None,,,,,5,001,2025-10-02_18h28.59.078,motor sequence learning,,2025.1.1,None,2025-10-02 18h29.26.803622 +0530,
50,c,86,2,21,c,1,0.431298291994608,None,21,2,86,2,,,,,203.10604983400845,,203.10166979199857,203.10604983400845,204.09457754199684,204.09457754199684,204.09457754199684,204.09457754199684,204.10217450000346,205.09162087499863,205.09162087499863,205.5255874590075,c,1,0.431298291994608,None,,,,,5,001,2025-10-02_18h28.59.078,motor sequence learning,,2025.1.1,None,2025-10-02 18h29.26.803622 +0530,
-150,z,87,3,21,z,1,0.6011026250052964,None,21,3,87,3,,,,,205.53364300000248,,205.52600825000263,205.53364300000248,206.51686179199896,206.51686179199896,206.51686179199896,206.51686179199896,206.52443187500467,207.51783754200733,207.51783754200733,208.12594091700157,z,1,0.6011026250052964,None,,,,,5,001,2025-10-02_18h28.59.078,motor sequence learning,,2025.1.1,None,2025-10-02 18h29.26.803622 +0530,
-50,x,88,0,22,x,1,0.275985916989157,None,22,0,88,0,,,,,208.1343179999967,,208.12629587500123,208.1343179999967,209.12787891700282,209.12787891700282,209.12787891700282,209.12787891700282,209.12787891700282,210.11691883399908,210.11691883399908,210.40258337500563,x,1,0.275985916989157,None,,,,,5,001,2025-10-02_18h28.59.078,motor sequence learning,,2025.1.1,None,2025-10-02 18h29.26.803622 +0530,
150,v,89,1,22,v,1,0.2991440000041621,None,22,1,89,1,,,,,210.4100811249955,,210.40297049999936,210.4100811249955,211.3943335840013,211.3943335840013,211.3943335840013,211.3943335840013,211.4017098750046,212.3917177090043,212.3917177090043,212.69206137499714,v,1,0.2991440000041621,None,,,,,5,001,2025-10-02_18h28.59.078,motor sequence learning,,2025.1.1,None,2025-10-02 18h29.26.803622 +0530,
50,c,90,2,22,c,1,0.2683157499996014,None,22,2,90,2,,,,,212.7019359590049,,212.69243404200824,212.7019359590049,213.6937740840076,213.6937740840076,213.6937740840076,213.6937740840076,213.6937740840076,214.69245091700577,214.69245091700577,214.96928758399736,c,1,0.2683157499996014,None,,,,,5,001,2025-10-02_18h28.59.078,motor sequence learning,,2025.1.1,None,2025-10-02 18h29.26.803622 +0530,
-150,z,91,3,22,z,1,0.9884438330045668,None,22,3,91,3,,,,,214.9779656669998,,214.96996250000666,214.9779656669998,215.96802470900002,215.96802470900002,215.96802470900002,215.96802470900002,215.9748094999959,216.96715108399803,216.96715108399803,217.95950441699824,z,1,0.9884438330045668,None,,,,,5,001,2025-10-02_18h28.59.078,motor sequence learning,,2025.1.1,None,2025-10-02 18h29.26.803622 +0530,
-50,x,92,0,23,x,1,0.30973575000825804,None,23,0,92,0,,,,,217.96829925000202,,217.95991120900726,217.96829925000202,218.95941437500005,218.95941437500005,218.95941437500005,218.95941437500005,218.95941437500005,219.95790012499492,219.95790012499492,220.26916737499414,x,1,0.30973575000825804,None,,,,,5,001,2025-10-02_18h28.59.078,motor sequence learning,,2025.1.1,None,2025-10-02 18h29.26.803622 +0530,
150,v,93,1,23,v,1,0.4174322079925332,None,23,1,93,1,,,,,220.2739450000081,,220.2696074169944,220.2739450000081,221.2680373750045,221.2680373750045,221.2680373750045,221.2680373750045,221.2680373750045,222.25919625000097,222.25919625000097,222.68546579200483,v,1,0.4174322079925332,None,,,,,5,001,2025-10-02_18h28.59.078,motor sequence learning,,2025.1.1,None,2025-10-02 18h29.26.803622 +0530,
50,c,94,2,23,c,1,0.3314039989927551,None,23,2,94,2,,,,,222.6936275420012,,222.6858205000026,222.6936275420012,223.6773440840043,223.6773440840043,223.6773440840043,223.6773440840043,223.68483374999778,224.6760522090044,224.6760522090044,225.00970799999777,c,1,0.3314039989927551,None,,,,,5,001,2025-10-02_18h28.59.078,motor sequence learning,,2025.1.1,None,2025-10-02 18h29.26.803622 +0530,
-150,z,95,3,23,z,1,0.2648571250028908,None,23,3,95,3,,,,,225.01923166699999,,225.01010050000332,225.01923166699999,226.01019466700382,226.01019466700382,226.01019466700382,226.01019466700382,226.01019466700382,227.00960445900273,227.00960445900273,227.2757520419982,z,1,0.2648571250028908,None,,,,,5,001,2025-10-02_18h28.59.078,motor sequence learning,,2025.1.1,None,2025-10-02 18h29.26.803622 +0530,
-50,x,96,0,24,x,1,0.4622854990011547,None,24,0,96,0,,,,,227.28506041699438,,227.27616029200726,227.28506041699438,228.26691700000083,228.26691700000083,228.26691700000083,228.26691700000083,228.28515454199805,229.27614499999618,229.27614499999618,229.74337145900063,x,1,0.4622854990011547,None,,,,,5,001,2025-10-02_18h28.59.078,motor sequence learning,,2025.1.1,None,2025-10-02 18h29.26.803622 +0530,
150,v,97,1,24,v,1,0.2641008740029065,None,24,1,97,1,,,,,229.75215741699503,,229.74374745899695,229.75215741699503,230.74427670899604,230.74427670899604,230.74427670899604,230.74427670899604,230.74427670899604,231.74328354200406,231.74328354200406,232.00893566700688,v,1,0.2641008740029065,None,,,,,5,001,2025-10-02_18h28.59.078,motor sequence learning,,2025.1.1,None,2025-10-02 18h29.26.803622 +0530,
50,c,98,2,24,c,1,0.2830776250048075,None,24,2,98,2,,,,,232.01853341699461,,232.00922049999645,232.01853341699461,233.00916670900187,233.00916670900187,233.00916670900187,233.00916670900187,233.00916670900187,234.00026858400088,234.00026858400088,234.285960084002,c,1,0.2830776250048075,None,,,,,5,001,2025-10-02_18h28.59.078,motor sequence learning,,2025.1.1,None,2025-10-02 18h29.26.803622 +0530,
-150,z,99,3,24,z,1,0.36707158299395815,None,24,3,99,3,,,,,234.290975625001,,234.28630012500798,234.290975625001,235.28475066700776,235.28475066700776,235.28475066700776,235.28475066700776,235.28475066700776,236.28491166699678,236.28491166699678,236.66289462499844,z,1,0.36707158299395815,None,,,,,5,001,2025-10-02_18h28.59.078,motor sequence learning,,2025.1.1,None,2025-10-02 18h29.26.803622 +0530,
-50,x,100,0,25,x,1,0.32095741700322833,None,25,0,100,0,,,,,236.6683094589971,,236.6632368749997,236.6683094589971,237.65942491700116,237.65942491700116,237.65942491700116,237.65942491700116,237.65942491700116,238.65933595900424,238.65933595900424,238.98615729200537,x,1,0.32095741700322833,None,,,,,5,001,2025-10-02_18h28.59.078,motor sequence learning,,2025.1.1,None,2025-10-02 18h29.26.803622 +0530,
150,v,101,1,25,v,1,0.37351170799229294,None,25,1,101,1,,,,,238.99427879200084,,238.9866581249953,238.99427879200084,239.98530429200036,239.98530429200036,239.98530429200036,239.98530429200036,239.99287499999627,240.98370416699618,240.98370416699618,241.36960800000816,v,1,0.37351170799229294,None,,,,,5,001,2025-10-02_18h28.59.078,motor sequence learning,,2025.1.1,None,2025-10-02 18h29.26.803622 +0530,
50,c,102,2,25,c,1,0.8103469159977976,None,25,2,102,2,,,,,241.37807887500094,,241.37001879200398,241.37807887500094,242.36852941699908,242.36852941699908,242.36852941699908,242.36852941699908,242.375839291999,243.359749833995,243.359749833995,244.17646920900734,c,1,0.8103469159977976,None,,,,,5,001,2025-10-02_18h28.59.078,motor sequence learning,,2025.1.1,None,2025-10-02 18h29.26.803622 +0530,
-150,z,103,3,25,z,1,0.30067662498913705,None,25,3,103,3,,,,,244.18507074999798,,244.17680970899528,244.18507074999798,245.17680508400372,245.17680508400372,245.17680508400372,245.17680508400372,245.17680508400372,246.17642074999458,246.17642074999458,246.48601395900187,z,1,0.30067662498913705,None,,,,,5,001,2025-10-02_18h28.59.078,motor sequence learning,,2025.1.1,None,2025-10-02 18h29.26.803622 +0530,
-50,x,104,0,26,x,1,0.32971224999346305,None,26,0,104,0,,,,,246.4932838340028,,246.48634324999875,246.4932838340028,247.47736308400636,247.47736308400636,247.47736308400636,247.47736308400636,247.4848825000081,248.48521450000408,248.48521450000408,248.81854554200254,x,1,0.32971224999346305,None,,,,,5,001,2025-10-02_18h28.59.078,motor sequence learning,,2025.1.1,None,2025-10-02 18h29.26.803622 +0530,
150,v,105,1,26,v,1,0.22660037499736063,None,26,1,105,1,,,,,248.82738929199695,,248.81896287499694,248.82738929199695,249.81070845900103,249.81070845900103,249.81070845900103,249.81070845900103,249.8182413339964,250.80825862499478,250.80825862499478,251.04604604199994,v,1,0.22660037499736063,None,,,,,5,001,2025-10-02_18h28.59.078,motor sequence learning,,2025.1.1,None,2025-10-02 18h29.26.803622 +0530,
50,c,106,2,26,c,1,0.29488154099090025,None,26,2,106,2,,,,,251.0507357919996,,251.0463841669989,251.0507357919996,252.0421305839991,252.0421305839991,252.0421305839991,252.0421305839991,252.0421305839991,253.04105266700208,253.04105266700208,253.34137420900515,c,1,0.29488154099090025,None,,,,,5,001,2025-10-02_18h28.59.078,motor sequence learning,,2025.1.1,None,2025-10-02 18h29.26.803622 +0530,
-150,z,107,3,26,z,1,0.3709780409990344,None,26,3,107,3,,,,,253.35038612500648,,253.34166058400297,253.35038612500648,254.34144212500541,254.34144212500541,254.34144212500541,254.34144212500541,254.34144212500541,255.33476195900585,255.33476195900585,255.70892720899428,z,1,0.3709780409990344,None,,,,,5,001,2025-10-02_18h28.59.078,motor sequence learning,,2025.1.1,None,2025-10-02 18h29.26.803622 +0530,
-50,x,108,0,27,x,1,0.33622154098702595,None,27,0,108,0,,,,,255.71698724999442,,255.7092752919998,255.71698724999442,256.7091883749963,256.7091883749963,256.7091883749963,256.7091883749963,256.7091883749963,257.70852004199696,257.70852004199696,258.0520602500037,x,1,0.33622154098702595,None,,,,,5,001,2025-10-02_18h28.59.078,motor sequence learning,,2025.1.1,None,2025-10-02 18h29.26.803622 +0530,
150,v,109,1,27,v,1,0.34588191600050777,None,27,1,109,1,,,,,258.0598969999992,,258.05247383400274,258.0598969999992,259.04448379200767,259.04448379200767,259.04448379200767,259.04448379200767,259.0519737919967,260.0429637089983,260.0429637089983,260.39336933400773,v,1,0.34588191600050777,None,,,,,5,001,2025-10-02_18h28.59.078,motor sequence learning,,2025.1.1,None,2025-10-02 18h29.26.803622 +0530,
50,c,110,2,27,c,1,0.2881589579919819,None,27,2,110,2,,,,,260.4023023750051,,260.393791584007,260.4023023750051,261.39399958400463,261.39399958400463,261.39399958400463,261.39399958400463,261.39399958400463,262.39248504200077,262.39248504200077,262.686576417007,c,1,0.2881589579919819,None,,,,,5,001,2025-10-02_18h28.59.078,motor sequence learning,,2025.1.1,None,2025-10-02 18h29.26.803622 +0530,
-150,z,111,3,27,z,1,0.30893320799805224,None,27,3,111,3,,,,,262.69579162499576,,262.6870516670024,262.69579162499576,263.67812666700047,263.67812666700047,263.67812666700047,263.67812666700047,263.68550537500414,264.68371391699475,264.68371391699475,265.00285941699985,z,1,0.30893320799805224,None,,,,,5,001,2025-10-02_18h28.59.078,motor sequence learning,,2025.1.1,None,2025-10-02 18h29.26.803622 +0530,
-50,x,112,0,28,x,1,0.3332443749968661,None,28,0,112,0,,,,,265.01187787500385,,265.00331270899915,265.01187787500385,265.99352854200697,265.99352854200697,265.99352854200697,265.99352854200697,266.00879500000156,266.9922518340027,266.9922518340027,267.33608979200653,x,1,0.3332443749968661,None,,,,,5,001,2025-10-02_18h28.59.078,motor sequence learning,,2025.1.1,None,2025-10-02 18h29.26.803622 +0530,
150,v,113,1,28,v,1,0.3304990829929011,None,28,1,113,1,,,,,267.3439922920079,,267.3365249589988,267.3439922920079,268.3268783340027,268.3268783340027,268.3268783340027,268.3268783340027,268.33459654200124,269.3339321670064,269.3339321670064,269.6688888750068,v,1,0.3304990829929011,None,,,,,5,001,2025-10-02_18h28.59.078,motor sequence learning,,2025.1.1,None,2025-10-02 18h29.26.803622 +0530,
50,c,114,2,28,c,1,0.3120539160008775,None,28,2,114,2,,,,,269.6737649590068,,269.6693855420017,269.6737649590068,270.65981399999873,270.65981399999873,270.65981399999873,270.65981399999873,270.667171167006,271.6583977919945,271.6583977919945,271.97553429199615,c,1,0.3120539160008775,None,,,,,5,001,2025-10-02_18h28.59.078,motor sequence learning,,2025.1.1,None,2025-10-02 18h29.26.803622 +0530,
-150,z,115,3,28,z,1,0.28605433300253935,None,28,3,115,3,,,,,271.98372333400766,,271.97596058400813,271.98372333400766,272.976109833995,272.976109833995,272.976109833995,272.976109833995,272.976109833995,273.9683076670044,273.9683076670044,274.2579795000056,z,1,0.28605433300253935,None,,,,,5,001,2025-10-02_18h28.59.078,motor sequence learning,,2025.1.1,None,2025-10-02 18h29.26.803622 +0530,
-50,x,116,0,29,x,1,0.34357695799553767,None,29,0,116,0,,,,,274.2670242500026,,274.2584054170002,274.2670242500026,275.259811625001,275.259811625001,275.259811625001,275.259811625001,275.259811625001,276.2559137089993,276.2559137089993,276.60270495900477,x,1,0.34357695799553767,None,,,,,5,001,2025-10-02_18h28.59.078,motor sequence learning,,2025.1.1,None,2025-10-02 18h29.26.803622 +0530,
150,v,117,1,29,v,1,0.18865999999979977,None,29,1,117,1,,,,,276.6112494590052,,276.6030980840005,276.6112494590052,277.59459554200293,277.59459554200293,277.59459554200293,277.59459554200293,277.6021193339984,278.5925779590034,278.5925779590034,278.7864875420055,v,1,0.18865999999979977,None,,,,,5,001,2025-10-02_18h28.59.078,motor sequence learning,,2025.1.1,None,2025-10-02 18h29.26.803622 +0530,
50,c,118,2,29,c,1,0.2851659159932751,None,29,2,118,2,,,,,278.7957262919954,,278.78693541699613,278.7957262919954,279.77751420899585,279.77751420899585,279.77751420899585,279.77751420899585,279.7923334590014,280.78402449999703,280.78402449999703,281.0736013340065,c,1,0.2851659159932751,None,,,,,5,001,2025-10-02_18h28.59.078,motor sequence learning,,2025.1.1,None,2025-10-02 18h29.26.803622 +0530,
-150,z,119,3,29,z,1,0.3186015410028631,None,29,3,119,3,,,,,281.08531379200576,,281.07393637500354,281.08531379200576,282.067097334002,282.067097334002,282.067097334002,282.067097334002,282.0854052089999,283.0686870000063,283.0686870000063,283.3917988339963,z,1,0.3186015410028631,None,,,,,5,001,2025-10-02_18h28.59.078,motor sequence learning,,2025.1.1,None,2025-10-02 18h29.26.803622 +0530,
-50,x,120,0,30,x,1,0.3094564159982838,None,30,0,120,0,,,,,283.4004042089946,,283.39222550000704,283.4004042089946,284.3937160420028,284.3937160420028,284.3937160420028,284.3937160420028,284.3937160420028,285.3837746670033,285.3837746670033,285.70324904199515,x,1,0.3094564159982838,None,,,,,5,001,2025-10-02_18h28.59.078,motor sequence learning,,2025.1.1,None,2025-10-02 18h29.26.803622 +0530,
150,v,121,1,30,v,1,0.3917529989994364,None,30,1,121,1,,,,,285.71168325000326,,285.7036748340033,285.71168325000326,286.7005068340077,286.7005068340077,286.7005068340077,286.7005068340077,286.707969916999,287.7014016250032,287.7014016250032,288.1026207499963,v,1,0.3917529989994364,None,,,,,5,001,2025-10-02_18h28.59.078,motor sequence learning,,2025.1.1,None,2025-10-02 18h29.26.803622 +0530,
50,c,122,2,30,c,1,0.08939383299730252,None,30,2,122,2,,,,,288.1121223749942,,288.10304587500286,288.1121223749942,289.0936594999948,289.0936594999948,289.0936594999948,289.0936594999948,289.1075167920062,290.0916357499955,290.0916357499955,290.18639612500556,c,1,0.08939383299730252,None,,,,,5,001,2025-10-02_18h28.59.078,motor sequence learning,,2025.1.1,None,2025-10-02 18h29.26.803622 +0530,
-150,z,123,3,30,z,1,0.2699646660039434,None,30,3,123,3,,,,,290.1948801670078,,290.18679812499613,290.1948801670078,291.1848927920073,291.1848927920073,291.1848927920073,291.1848927920073,291.19263670900546,292.18500425000093,292.18500425000093,292.4578134589974,z,1,0.2699646660039434,None,,,,,5,001,2025-10-02_18h28.59.078,motor sequence learning,,2025.1.1,None,2025-10-02 18h29.26.803622 +0530,
-50,x,124,0,31,x,1,0.2751425410096999,None,31,0,124,0,,,,,292.4680833339953,,292.45815112499986,292.4680833339953,293.4511728750076,293.4511728750076,293.4511728750076,293.4511728750076,293.45901129199774,294.45168475000537,294.45168475000537,294.73634962500364,x,1,0.2751425410096999,None,,,,,5,001,2025-10-02_18h28.59.078,motor sequence learning,,2025.1.1,None,2025-10-02 18h29.26.803622 +0530,
150,v,125,1,31,v,1,0.2236515409895219,None,31,1,125,1,,,,,294.7449410840054,,294.73678674999974,294.7449410840054,295.72799324999505,295.72799324999505,295.72799324999505,295.72799324999505,295.7353860419971,296.7353560000047,296.7353560000047,296.9697050840041,v,1,0.2236515409895219,None,,,,,5,001,2025-10-02_18h28.59.078,motor sequence learning,,2025.1.1,None,2025-10-02 18h29.26.803622 +0530,
50,c,126,2,31,c,1,0.230972166013089,None,31,2,126,2,,,,,296.9770460419968,,296.97010708399466,296.9770460419968,297.9596587499982,297.9596587499982,297.9596587499982,297.9596587499982,297.9672288750007,298.96862487500766,298.96862487500766,299.20322091699927,c,1,0.230972166013089,None,,,,,5,001,2025-10-02_18h28.59.078,motor sequence learning,,2025.1.1,None,2025-10-02 18h29.26.803622 +0530,
-150,z,127,3,31,z,1,0.033874290995299816,None,31,3,127,3,,,,,299.213209834008,,299.2037192919961,299.213209834008,300.19496804200753,300.19496804200753,300.19496804200753,300.19496804200753,300.21000758399896,301.2008452500013,301.2008452500013,301.2448356249952,z,1,0.033874290995299816,None,,,,,5,001,2025-10-02_18h28.59.078,motor sequence learning,,2025.1.1,None,2025-10-02 18h29.26.803622 +0530,
-50,x,128,0,32,x,1,0.41507045800972264,None,32,0,128,0,,,,,301.2504811670078,,301.24516433400277,301.2504811670078,302.24477266700706,302.24477266700706,302.24477266700706,302.24477266700706,302.24477266700706,303.24267033400247,303.24267033400247,303.6599945420021,x,1,0.41507045800972264,None,,,,,5,001,2025-10-02_18h28.59.078,motor sequence learning,,2025.1.1,None,2025-10-02 18h29.26.803622 +0530,
150,v,129,1,32,v,1,0.46622100000968203,None,32,1,129,1,,,,,303.6688100839965,,303.6604262089968,303.6688100839965,304.66069816700474,304.66069816700474,304.66069816700474,304.66069816700474,304.66069816700474,305.6584497500007,305.6584497500007,306.1259822090069,v,1,0.46622100000968203,None,,,,,5,001,2025-10-02_18h28.59.078,motor sequence learning,,2025.1.1,None,2025-10-02 18h29.26.803622 +0530,
50,c,130,2,32,c,1,0.26229687499289867,None,32,2,130,2,,,,,306.1349702919979,,306.1263956670009,306.1349702919979,307.1258818750066,307.1258818750066,307.1258818750066,307.1258818750066,307.1258818750066,308.11748958399403,308.11748958399403,308.3865202500019,c,1,0.26229687499289867,None,,,,,5,001,2025-10-02_18h28.59.078,motor sequence learning,,2025.1.1,None,2025-10-02 18h29.26.803622 +0530,
-150,z,131,3,32,z,1,0.24276512399956118,None,32,3,131,3,,,,,308.3955302920076,,308.38707304200216,308.3955302920076,309.38389937499596,309.38389937499596,309.38389937499596,309.38389937499596,309.3908584169985,310.38385433399526,310.38385433399526,310.63628495900775,z,1,0.24276512399956118,None,,,,,5,001,2025-10-02_18h28.59.078,motor sequence learning,,2025.1.1,None,2025-10-02 18h29.26.803622 +0530,
-50,x,132,0,33,x,1,0.026530749004450627,None,33,0,132,0,,,,,310.64535541700025,,310.636696208996,310.64535541700025,311.6342572919966,311.6342572919966,311.6342572919966,311.6342572919966,311.641609667,312.6350080419943,312.6350080419943,312.66949279200344,x,1,0.026530749004450627,None,,,,,5,001,2025-10-02_18h28.59.078,motor sequence learning,,2025.1.1,None,2025-10-02 18h29.26.803622 +0530,
150,v,133,1,33,v,1,0.15813791600521654,None,33,1,133,1,,,,,312.67807045900554,,312.66989083400404,312.67807045900554,313.66119762499875,313.66119762499875,313.66119762499875,313.66119762499875,313.6686039589986,314.65949000000546,314.65949000000546,314.819739833998,v,1,0.15813791600521654,None,,,,,5,001,2025-10-02_18h28.59.078,motor sequence learning,,2025.1.1,None,2025-10-02 18h29.26.803622 +0530,
50,c,134,2,33,c,1,0.06357020800351165,None,33,2,134,2,,,,,314.8284995419963,,314.8202201249951,314.8284995419963,315.81184258400754,315.81184258400754,315.81184258400754,315.81184258400754,315.8196385839983,316.81885445900843,316.81885445900843,316.88665537499764,c,1,0.06357020800351165,None,,,,,5,001,2025-10-02_18h28.59.078,motor sequence learning,,2025.1.1,None,2025-10-02 18h29.26.803622 +0530,
-150,z,135,3,33,z,1,0.13990591700712685,None,33,3,135,3,,,,,316.8955980419996,,316.8871285839996,316.8955980419996,317.8840973750048,317.8840973750048,317.8840973750048,317.8840973750048,317.8916779590072,318.88544149999507,318.88544149999507,319.0367629590037,z,1,0.13990591700712685,None,,,,,5,001,2025-10-02_18h28.59.078,motor sequence learning,,2025.1.1,None,2025-10-02 18h29.26.803622 +0530,
-50,x,136,0,34,x,1,0.3409505000017816,None,34,0,136,0,,,,,319.04600783399655,,319.03719962500327,319.04600783399655,320.03400041699933,320.03400041699933,320.03400041699933,320.03400041699933,320.04156487500586,321.035385708994,321.035385708994,321.3866964589979,x,1,0.3409505000017816,None,,,,,5,001,2025-10-02_18h28.59.078,motor sequence learning,,2025.1.1,None,2025-10-02 18h29.26.803622 +0530,
150,v,137,1,34,v,1,0.31810600000608247,None,34,1,137,1,,,,,321.3952984170028,,321.38716004199523,321.3952984170028,322.3839824589959,322.3839824589959,322.3839824589959,322.3839824589959,322.3913289170014,323.3841015420039,323.3841015420039,323.7133885420044,v,1,0.31810600000608247,None,,,,,5,001,2025-10-02_18h28.59.078,motor sequence learning,,2025.1.1,None,2025-10-02 18h29.26.803622 +0530,
50,c,138,2,34,c,1,0.32681304099969566,None,34,2,138,2,,,,,323.7188052499987,,323.71373779200076,323.7188052499987,324.7101519169955,324.7101519169955,324.7101519169955,324.7101519169955,324.7101519169955,325.70840129199496,325.70840129199496,326.04087612500007,c,1,0.32681304099969566,None,,,,,5,001,2025-10-02_18h28.59.078,motor sequence learning,,2025.1.1,None,2025-10-02 18h29.26.803622 +0530,
-150,z,139,3,34,z,1,0.4706320420082193,None,34,3,139,3,,,,,326.0516897500056,,326.0411841669993,326.0516897500056,327.03494120899995,327.03494120899995,327.03494120899995,327.03494120899995,327.0426796670072,328.03461729199626,328.03461729199626,328.5076353339973,z,1,0.4706320420082193,None,,,,,5,001,2025-10-02_18h28.59.078,motor sequence learning,,2025.1.1,None,2025-10-02 18h29.26.803622 +0530,
-50,x,140,0,35,x,1,0.1488970420032274,None,35,0,140,0,,,,,328.5183837090008,,328.50805891699565,328.5183837090008,329.5009557089943,329.5009557089943,329.5009557089943,329.5009557089943,329.50836991700635,330.50218912500713,330.50218912500713,330.65278404200217,x,1,0.1488970420032274,None,,,,,5,001,2025-10-02_18h28.59.078,motor sequence learning,,2025.1.1,None,2025-10-02 18h29.26.803622 +0530,
150,v,141,1,35,v,1,0.17897758301114663,None,35,1,141,1,,,,,330.6579586250009,,330.6533205000014,330.6579586250009,331.644718459007,331.644718459007,331.644718459007,331.644718459007,331.6522305840044,332.6432250420039,332.6432250420039,332.8268853339978,v,1,0.17897758301114663,None,,,,,5,001,2025-10-02_18h28.59.078,motor sequence learning,,2025.1.1,None,2025-10-02 18h29.26.803622 +0530,
50,c,142,2,35,c,1,0.22221437499683816,None,35,2,142,2,,,,,332.8356948340079,,332.82732183400367,332.8356948340079,333.827425209005,333.827425209005,333.827425209005,333.827425209005,333.827425209005,334.82583041700127,334.82583041700127,335.05208120899624,c,1,0.22221437499683816,None,,,,,5,001,2025-10-02_18h28.59.078,motor sequence learning,,2025.1.1,None,2025-10-02 18h29.26.803622 +0530,
-150,z,143,3,35,z,1,0.3948160830041161,None,35,3,143,3,,,,,335.0609251249989,,335.0524884589977,335.0609251249989,336.04517812500126,336.04517812500126,336.04517812500126,336.04517812500126,336.052736209007,337.0432266249991,337.0432266249991,337.43954879199737,z,1,0.3948160830041161,None,,,,,5,001,2025-10-02_18h28.59.078,motor sequence learning,,2025.1.1,None,2025-10-02 18h29.26.803622 +0530,
-50,x,144,0,36,x,1,0.309318790998077,None,36,0,144,0,,,,,337.4522347919992,,337.43987808399834,337.4522347919992,338.4340285000071,338.4340285000071,338.4340285000071,338.4340285000071,338.45146016699437,339.435585750005,339.435585750005,339.75333325000247,x,1,0.309318790998077,None,,,,,5,001,2025-10-02_18h28.59.078,motor sequence learning,,2025.1.1,None,2025-10-02 18h29.26.803622 +0530,
150,v,145,1,36,v,1,0.2238243739993777,None,36,1,145,1,,,,,339.76126558400574,,339.7537622499949,339.76126558400574,340.7507378339942,340.7507378339942,340.7507378339942,340.7507378339942,340.75826416700147,341.7512910840014,341.7512910840014,341.9860048749979,v,1,0.2238243739993777,None,,,,,5,001,2025-10-02_18h28.59.078,motor sequence learning,,2025.1.1,None,2025-10-02 18h29.26.803622 +0530,
50,c,146,2,36,c,1,0.003420207998715341,None,36,2,146,2,,,,,341.9934746670042,,341.9863538339996,341.9934746670042,342.97650341699773,342.97650341699773,342.97650341699773,342.97650341699773,342.9840606670041,343.9765245419985,343.9765245419985,343.98540958399826,c,1,0.003420207998715341,None,,,,,5,001,2025-10-02_18h28.59.078,motor sequence learning,,2025.1.1,None,2025-10-02 18h29.26.803622 +0530,
-150,z,147,3,36,z,1,0.12958379200426862,None,36,3,147,3,,,,,343.993138292004,,343.98573233399657,343.993138292004,344.97688812500564,344.97688812500564,344.97688812500564,344.97688812500564,344.9841843339964,345.97630591700727,345.97630591700727,346.1101883749943,z,1,0.12958379200426862,None,,,,,5,001,2025-10-02_18h28.59.078,motor sequence learning,,2025.1.1,None,2025-10-02 18h29.26.803622 +0530,
-50,x,148,0,37,x,1,0.4651979579939507,None,37,0,148,0,,,,,346.11872679200314,,346.11060958400776,346.11872679200314,347.1105339170026,347.1105339170026,347.1105339170026,347.1105339170026,347.1105339170026,348.11265591700794,348.11265591700794,348.58626829199784,x,1,0.4651979579939507,None,,,,,5,001,2025-10-02_18h28.59.078,motor sequence learning,,2025.1.1,None,2025-10-02 18h29.26.803622 +0530,
150,v,149,1,37,v,1,0.45551495799736585,None,37,1,149,1,,,,,348.5952057090035,,348.5867144590011,348.5952057090035,349.5781090840028,349.5781090840028,349.5781090840028,349.5781090840028,349.5856506669952,350.5764145419962,350.5764145419962,351.0360897920036,v,1,0.45551495799736585,None,,,,,5,001,2025-10-02_18h28.59.078,motor sequence learning,,2025.1.1,None,2025-10-02 18h29.26.803622 +0530,
50,c,150,2,37,c,1,0.3119620829966152,None,37,2,150,2,,,,,351.0448770420044,,351.03652245900594,351.0448770420044,352.02844854199793,352.02844854199793,352.02844854199793,352.02844854199793,352.03597958400496,353.0267348339985,353.0267348339985,353.34383341700595,c,1,0.3119620829966152,None,,,,,5,001,2025-10-02_18h28.59.078,motor sequence learning,,2025.1.1,None,2025-10-02 18h29.26.803622 +0530,
-150,z,151,3,37,z,1,0.4935993330000201,None,37,3,151,3,,,,,353.3526055840048,,353.34425816699513,353.3526055840048,354.3443532920064,354.3443532920064,354.3443532920064,354.3443532920064,354.3443532920064,355.3409469170001,355.3409469170001,355.83679808399756,z,1,0.4935993330000201,None,,,,,5,001,2025-10-02_18h28.59.078,motor sequence learning,,2025.1.1,None,2025-10-02 18h29.26.803622 +0530,
-50,x,152,0,38,x,1,0.07764691700867843,None,38,0,152,0,,,,,355.84581174999767,,355.8372210840025,355.84581174999767,356.8284650840069,356.8284650840069,356.8284650840069,356.8284650840069,356.8358679170051,357.83405904199753,357.83405904199753,357.92021104200103,x,1,0.07764691700867843,None,,,,,5,001,2025-10-02_18h28.59.078,motor sequence learning,,2025.1.1,None,2025-10-02 18h29.26.803622 +0530,
150,v,153,1,38,v,1,0.1271347500005504,None,38,1,153,1,,,,,357.92979591700714,,357.92070033399796,357.92979591700714,358.91744937500334,358.91744937500334,358.91744937500334,358.91744937500334,358.92514254200796,359.91737754200585,359.91737754200585,360.05284474999644,v,1,0.1271347500005504,None,,,,,5,001,2025-10-02_18h28.59.078,motor sequence learning,,2025.1.1,None,2025-10-02 18h29.26.803622 +0530,
50,c,154,2,38,c,1,0.021199791008257307,None,38,2,154,2,,,,,360.06182620899926,,360.05321258399636,360.06182620899926,361.0437644170015,361.0437644170015,361.0437644170015,361.0437644170015,361.05770912500157,362.04319991699595,362.04319991699595,362.0700431669975,c,1,0.021199791008257307,None,,,,,5,001,2025-10-02_18h28.59.078,motor sequence learning,,2025.1.1,None,2025-10-02 18h29.26.803622 +0530,
-150,z,155,3,38,z,1,0.11104099900694564,None,38,3,155,3,,,,,362.07907887500187,,362.07048604200827,362.07907887500187,363.06774020900775,363.06774020900775,363.06774020900775,363.06774020900775,363.07543462500325,364.0684590000019,364.0684590000019,364.1863274589996,z,1,0.11104099900694564,None,,,,,5,001,2025-10-02_18h28.59.078,motor sequence learning,,2025.1.1,None,2025-10-02 18h29.26.803622 +0530,
-50,x,156,0,39,x,1,0.03101966599933803,None,39,0,156,0,,,,,364.1949153750029,,364.18681683400064,364.1949153750029,365.1853462919971,365.1853462919971,365.1853462919971,365.1853462919971,365.1927475419943,366.18433425000694,366.18433425000694,366.2192633340019,x,1,0.03101966599933803,None,,,,,5,001,2025-10-02_18h28.59.078,motor sequence learning,,2025.1.1,None,2025-10-02 18h29.26.803622 +0530,
150,v,157,1,39,v,1,0.04126541699224617,None,39,1,157,1,,,,,366.2242631249974,,366.2195952500042,366.2242631249974,367.2104894590011,367.2104894590011,367.2104894590011,367.2104894590011,367.2175992919947,368.2100967919978,368.2100967919978,368.25330470899644,v,1,0.04126541699224617,None,,,,,5,001,2025-10-02_18h28.59.078,motor sequence learning,,2025.1.1,None,2025-10-02 18h29.26.803622 +0530,
50,c,158,2,39,c,1,0.15512591699371114,None,39,2,158,2,,,,,368.26150066699483,,368.2537161250075,368.26150066699483,369.2446510000009,369.2446510000009,369.2446510000009,369.2446510000009,369.25225779200264,370.2522088340047,370.2522088340047,370.410368249999,c,1,0.15512591699371114,None,,,,,5,001,2025-10-02_18h28.59.078,motor sequence learning,,2025.1.1,None,2025-10-02 18h29.26.803622 +0530,
-150,z,159,3,39,z,1,0.0033115410042228177,None,39,3,159,3,,,,,370.41904675000114,,370.41080279200105,370.41904675000114,371.4109207500005,371.4109207500005,371.4109207500005,371.4109207500005,371.4109207500005,372.40992166700016,372.40992166700016,372.4183149589953,z,1,0.0033115410042228177,None,,,,,5,001,2025-10-02_18h28.59.078,motor sequence learning,,2025.1.1,None,2025-10-02 18h29.26.803622 +0530,
-50,x,160,0,40,x,1,0.061217875001602806,None,40,0,160,0,,,,,372.42622270900756,,372.41865587500797,372.42622270900756,373.4116487919964,373.4116487919964,373.4116487919964,373.4116487919964,373.41912779200356,374.4084417090053,374.4084417090053,374.47705237500486,x,1,0.061217875001602806,None,,,,,5,001,2025-10-02_18h28.59.078,motor sequence learning,,2025.1.1,None,2025-10-02 18h29.26.803622 +0530,
150,v,161,1,40,v,1,0.42542825000418816,None,40,1,161,1,,,,,374.4863369999948,,374.4774330000073,374.4863369999948,375.4780264169967,375.4780264169967,375.4780264169967,375.4780264169967,375.4780264169967,376.4787478750077,376.4787478750077,376.91031987499446,v,1,0.42542825000418816,None,,,,,5,001,2025-10-02_18h28.59.078,motor sequence learning,,2025.1.1,None,2025-10-02 18h29.26.803622 +0530,
50,c,162,2,40,c,1,0.12607516600110102,None,40,2,162,2,,,,,376.91819450000185,,376.91072633399745,376.91819450000185,377.90990354200767,377.90990354200767,377.90990354200767,377.90990354200767,377.90990354200767,378.9100548340066,378.9100548340066,379.04667391700787,c,1,0.12607516600110102,None,,,,,5,001,2025-10-02_18h28.59.078,motor sequence learning,,2025.1.1,None,2025-10-02 18h29.26.803622 +0530,
-150,z,163,3,40,z,1,0.41253937399596907,None,40,3,163,3,,,,,379.05209549999563,,379.0470697090059,379.05209549999563,380.04346383400843,380.04346383400843,380.04346383400843,380.04346383400843,380.04346383400843,381.0405590839946,381.0405590839946,381.4581520000065,z,1,0.41253937399596907,None,,,,,5,001,2025-10-02_18h28.59.078,motor sequence learning,,2025.1.1,None,2025-10-02 18h29.26.803622 +0530,
-50,x,164,0,41,x,1,0.23113370800274424,None,41,0,164,0,,,,,381.4685029999964,,381.45845904199814,381.4685029999964,382.45203149999725,382.45203149999725,382.45203149999725,382.45203149999725,382.4589541250025,383.45190308400197,383.45190308400197,383.6867305420019,x,1,0.23113370800274424,None,,,,,5,001,2025-10-02_18h28.59.078,motor sequence learning,,2025.1.1,None,2025-10-02 18h29.26.803622 +0530,
150,v,165,1,41,v,1,0.2195871250005439,None,41,1,165,1,,,,,383.6914932090003,,383.6872589590057,383.6914932090003,384.685392208994,384.685392208994,384.685392208994,384.685392208994,384.69182649999857,385.68530679200194,385.68530679200194,385.90804558400123,v,1,0.2195871250005439,None,,,,,5,001,2025-10-02_18h28.59.078,motor sequence learning,,2025.1.1,None,2025-10-02 18h29.26.803622 +0530,
50,c,166,2,41,c,1,0.08933241599879693,None,41,2,166,2,,,,,385.91758383400156,,385.9084085000068,385.91758383400156,386.9012015000044,386.9012015000044,386.9012015000044,386.9012015000044,386.90883812500397,387.90261904199724,387.90261904199724,387.9933189590083,c,1,0.08933241599879693,None,,,,,5,001,2025-10-02_18h28.59.078,motor sequence learning,,2025.1.1,None,2025-10-02 18h29.26.803622 +0530,
-150,z,167,3,41,z,1,0.08349983299558517,None,41,3,167,3,,,,,388.00184983400686,,387.9937421670038,388.00184983400686,388.9946219169942,388.9946219169942,388.9946219169942,388.9946219169942,388.9946219169942,389.99330595899664,389.99330595899664,390.087053167008,z,1,0.08349983299558517,None,,,,,5,001,2025-10-02_18h28.59.078,motor sequence learning,,2025.1.1,None,2025-10-02 18h29.26.803622 +0530,
-50,x,168,0,42,x,1,0.001649917001486756,None,42,0,168,0,,,,,390.09592233400326,,390.0874528340064,390.09592233400326,391.08423470900743,391.08423470900743,391.08423470900743,391.08423470900743,391.0922337920056,392.0851626250078,392.0851626250078,392.09342804200423,x,1,0.001649917001486756,None,,,,,5,001,2025-10-02_18h28.59.078,motor sequence learning,,2025.1.1,None,2025-10-02 18h29.26.803622 +0530,
150,v,169,1,42,v,1,0.04951770798652433,None,42,1,169,1,,,,,392.10184991700226,,392.09383766699466,392.10184991700226,393.0947312089993,393.0947312089993,393.0947312089993,393.0947312089993,393.0947312089993,394.08421054200153,394.08421054200153,394.1365562090068,v,1,0.04951770798652433,None,,,,,5,001,2025-10-02_18h28.59.078,motor sequence learning,,2025.1.1,None,2025-10-02 18h29.26.803622 +0530,
50,c,170,2,42,c,1,0.3306006670027273,None,42,2,170,2,,,,,394.1449981670012,,394.13698862500314,394.1449981670012,395.12813741700666,395.12813741700666,395.12813741700666,395.12813741700666,395.1355507919943,396.1261783749942,396.1261783749942,396.4605092499987,c,1,0.3306006670027273,None,,,,,5,001,2025-10-02_18h28.59.078,motor sequence learning,,2025.1.1,None,2025-10-02 18h29.26.803622 +0530,
-150,z,171,3,42,z,1,0.3164627920050407,None,42,3,171,3,,,,,396.46846612500667,,396.4609247920016,396.46846612500667,397.46021254200605,397.46021254200605,397.46021254200605,397.46021254200605,397.46021254200605,398.45814504200825,398.45814504200825,398.775763209007,z,1,0.3164627920050407,None,,,,,5,001,2025-10-02_18h28.59.078,motor sequence learning,,2025.1.1,None,2025-10-02 18h29.26.803622 +0530,
-50,x,172,0,43,x,1,0.26875383300648537,None,43,0,172,0,,,,,398.78531079199456,,398.7761136670015,398.78531079199456,399.77765575000376,399.77765575000376,399.77765575000376,399.77765575000376,399.77765575000376,400.77681404199393,400.77681404199393,401.0530709589948,x,1,0.26875383300648537,None,,,,,5,001,2025-10-02_18h28.59.078,motor sequence learning,,2025.1.1,None,2025-10-02 18h29.26.803622 +0530,
150,v,173,1,43,v,1,0.03228687400405761,None,43,1,173,1,,,,,401.06165108400455,,401.05361487499613,401.06165108400455,402.05202575000294,402.05202575000294,402.05202575000294,402.05202575000294,402.059444833998,403.0432280840032,403.0432280840032,403.0766947499942,v,1,0.03228687400405761,None,,,,,5,001,2025-10-02_18h28.59.078,motor sequence learning,,2025.1.1,None,2025-10-02 18h29.26.803622 +0530,
50,c,174,2,43,c,1,0.3797886240063235,None,43,2,174,2,,,,,403.0854030420014,,403.07707158400444,403.0854030420014,404.0772176669998,404.0772176669998,404.0772176669998,404.0772176669998,404.0772176669998,405.07077595900046,405.07077595900046,405.45308116699744,c,1,0.3797886240063235,None,,,,,5,001,2025-10-02_18h28.59.078,motor sequence learning,,2025.1.1,None,2025-10-02 18h29.26.803622 +0530,
-150,z,175,3,43,z,1,0.19875075000163633,None,43,3,175,3,,,,,405.457812749999,,405.453415750002,405.457812749999,406.4455957500031,406.4455957500031,406.4455957500031,406.4455957500031,406.4531338749948,407.4417756670009,407.4417756670009,407.65347154199844,z,1,0.19875075000163633,None,,,,,5,001,2025-10-02_18h28.59.078,motor sequence learning,,2025.1.1,None,2025-10-02 18h29.26.803622 +0530,
-50,x,176,0,44,x,1,0.058837707998463884,None,44,0,176,0,,,,,407.6611275000032,,407.6538817920082,407.6611275000032,408.65251475000696,408.65251475000696,408.65251475000696,408.65251475000696,408.6599865839962,409.6524991250044,409.6524991250044,409.7198167089955,x,1,0.058837707998463884,None,,,,,5,001,2025-10-02_18h28.59.078,motor sequence learning,,2025.1.1,None,2025-10-02 18h29.26.803622 +0530,
150,v,177,1,44,v,1,0.14910637499997392,None,44,1,177,1,,,,,409.7280968749983,,409.72015320899663,409.7280968749983,410.71160083399445,410.71160083399445,410.71160083399445,410.71160083399445,410.7189567500027,411.71030779200373,411.71030779200373,411.87068083400663,v,1,0.14910637499997392,None,,,,,5,001,2025-10-02_18h28.59.078,motor sequence learning,,2025.1.1,None,2025-10-02 18h29.26.803622 +0530,
50,c,178,2,44,c,1,0.4757424580020597,None,44,2,178,2,,,,,411.8796025420015,,411.871142709002,411.8796025420015,412.8676344169944,412.8676344169944,412.8676344169944,412.8676344169944,412.87522937500034,413.86762895900756,413.86762895900756,414.35210212500533,c,1,0.4757424580020597,None,,,,,5,001,2025-10-02_18h28.59.078,motor sequence learning,,2025.1.1,None,2025-10-02 18h29.26.803622 +0530,
-150,z,179,3,44,z,1,0.4609447499969974,None,44,3,179,3,,,,,414.35947620900697,,414.3525225420017,414.35947620900697,415.34463129199867,415.34463129199867,415.34463129199867,415.34463129199867,415.3517774170032,416.3424069169996,416.3424069169996,416.8083226250019,z,1,0.4609447499969974,None,,,,,5,001,2025-10-02_18h28.59.078,motor sequence learning,,2025.1.1,None,2025-10-02 18h29.26.803622 +0530,
-50,x,180,0,45,x,1,0.40011204199981876,None,45,0,180,0,,,,,416.81840954200015,,416.8086639999965,416.81840954200015,417.80097358400235,417.80097358400235,417.80097358400235,417.80097358400235,417.8083806670038,418.80216745899816,418.80216745899816,419.20820845900744,x,1,0.40011204199981876,None,,,,,5,001,2025-10-02_18h28.59.078,motor sequence learning,,2025.1.1,None,2025-10-02 18h29.26.803622 +0530,
150,v,181,1,45,v,1,0.3179721240012441,None,45,1,181,1,,,,,419.2177369590063,,419.20854233400314,419.2177369590063,420.202042667006,420.202042667006,420.202042667006,420.202042667006,420.20991516699723,421.20216212500236,421.20216212500236,421.52713191699877,v,1,0.3179721240012441,None,,,,,5,001,2025-10-02_18h28.59.078,motor sequence learning,,2025.1.1,None,2025-10-02 18h29.26.803622 +0530,
50,c,182,2,45,c,1,0.28523904099711217,None,45,2,182,2,,,,,421.5364570840029,,421.52752849999524,421.5364570840029,422.52881566699944,422.52881566699944,422.52881566699944,422.52881566699944,422.52881566699944,423.52683499999694,423.52683499999694,423.8201129999943,c,1,0.28523904099711217,None,,,,,5,001,2025-10-02_18h28.59.078,motor sequence learning,,2025.1.1,None,2025-10-02 18h29.26.803622 +0530,
-150,z,183,3,45,z,1,0.20704800001112744,None,45,3,183,3,,,,,423.8285822089965,,423.8205522089993,423.8285822089965,424.81187012500595,424.81187012500595,424.81187012500595,424.81187012500595,424.8195179589966,425.8179744999943,425.8179744999943,426.02727683400735,z,1,0.20704800001112744,None,,,,,5,001,2025-10-02_18h28.59.078,motor sequence learning,,2025.1.1,None,2025-10-02 18h29.26.803622 +0530,
-50,x,184,0,46,x,1,0.24951970799884293,None,46,0,184,0,,,,,426.035298584,,426.027686292,426.035298584,427.0273501670017,427.0273501670017,427.0273501670017,427.0273501670017,427.0273501670017,428.02654350000375,428.02654350000375,428.28724983400025,x,1,0.24951970799884293,None,,,,,5,001,2025-10-02_18h28.59.078,motor sequence learning,,2025.1.1,None,2025-10-02 18h29.26.803622 +0530,
150,v,185,1,46,v,1,0.2486101660033455,None,46,1,185,1,,,,,428.2951901250053,,428.2877035840065,428.2951901250053,429.284447500002,429.284447500002,429.284447500002,429.284447500002,429.29215799999656,430.2844327500061,430.2844327500061,430.5363592089998,v,1,0.2486101660033455,None,,,,,5,001,2025-10-02_18h28.59.078,motor sequence learning,,2025.1.1,None,2025-10-02 18h29.26.803622 +0530,
50,c,186,2,46,c,1,0.21843837499909569,None,46,2,186,2,,,,,430.5448322919983,,430.53679620899493,430.5448322919983,431.52834916699794,431.52834916699794,431.52834916699794,431.52834916699794,431.5355940839945,432.52643537499534,432.52643537499534,432.7534897919977,c,1,0.21843837499909569,None,,,,,5,001,2025-10-02_18h28.59.078,motor sequence learning,,2025.1.1,None,2025-10-02 18h29.26.803622 +0530,
-150,z,187,3,46,z,1,0.044914957994478755,None,46,3,187,3,,,,,432.7616794170026,,432.75391875000787,432.7616794170026,433.75171100000443,433.75171100000443,433.75171100000443,433.75171100000443,433.7587447919941,434.7520182090084,434.7520182090084,434.8031117089995,z,1,0.044914957994478755,None,,,,,5,001,2025-10-02_18h28.59.078,motor sequence learning,,2025.1.1,None,2025-10-02 18h29.26.803622 +0530,
-50,x,188,0,47,x,1,0.257493416997022,None,47,0,188,0,,,,,434.8084377920022,,434.8035232090042,434.8084377920022,435.79389299999457,435.79389299999457,435.79389299999457,435.79389299999457,435.8011090420041,436.7933790840034,436.7933790840034,437.0536824169976,x,1,0.257493416997022,None,,,,,5,001,2025-10-02_18h28.59.078,motor sequence learning,,2025.1.1,None,2025-10-02 18h29.26.803622 +0530,
150,v,189,1,47,v,1,0.07037683299859054,None,47,1,189,1,,,,,437.0629282500013,,437.0541091250052,437.0629282500013,438.0522101670067,438.0522101670067,438.0522101670067,438.0522101670067,438.05987783400633,439.05238000000827,439.05238000000827,439.1268940000009,v,1,0.07037683299859054,None,,,,,5,001,2025-10-02_18h28.59.078,motor sequence learning,,2025.1.1,None,2025-10-02 18h29.26.803622 +0530,
50,c,190,2,47,c,1,0.2358837079955265,None,47,2,190,2,,,,,439.13496704200224,,439.1272276670061,439.13496704200224,440.1270130000048,440.1270130000048,440.1270130000048,440.1270130000048,440.1270130000048,441.1269128749991,441.1269128749991,441.37034487500205,c,1,0.2358837079955265,None,,,,,5,001,2025-10-02_18h28.59.078,motor sequence learning,,2025.1.1,None,2025-10-02 18h29.26.803622 +0530,
-150,z,191,3,47,z,1,0.2715773329982767,None,47,3,191,3,,,,,441.3789267090033,,441.3707839169947,441.3789267090033,442.36092725000344,442.36092725000344,442.36092725000344,442.36092725000344,442.375972875001,443.36805008399824,443.36805008399824,443.64276683400385,z,1,0.2715773329982767,None,,,,,5,001,2025-10-02_18h28.59.078,motor sequence learning,,2025.1.1,None,2025-10-02 18h29.26.803622 +0530,
-50,x,192,0,48,x,1,0.3338843739911681,None,48,0,192,0,,,,,443.65103024999553,,443.64310391699837,443.65103024999553,444.63452712500293,444.63452712500293,444.63452712500293,444.63452712500293,444.6426151670021,445.6522858340031,445.6522858340031,445.9963022919983,x,1,0.3338843739911681,None,,,,,5,001,2025-10-02_18h28.59.078,motor sequence learning,,2025.1.1,None,2025-10-02 18h29.26.803622 +0530,
150,v,193,1,48,v,1,0.2734853329893667,None,48,1,193,1,,,,,446.00180904200533,,445.9966268749995,446.00180904200533,446.9946466249967,446.9946466249967,446.9946466249967,446.9946466249967,446.9946466249967,447.99315495899646,447.99315495899646,448.2703816249996,v,1,0.2734853329893667,None,,,,,5,001,2025-10-02_18h28.59.078,motor sequence learning,,2025.1.1,None,2025-10-02 18h29.26.803622 +0530,
50,c,194,2,48,c,1,0.24417254200670868,None,48,2,194,2,,,,,448.279159334008,,448.2708242920053,448.279159334008,449.26273924999987,449.26273924999987,449.26273924999987,449.26273924999987,449.285954417006,450.26928612499614,450.26928612499614,450.52048666699557,c,1,0.24417254200670868,None,,,,,5,001,2025-10-02_18h28.59.078,motor sequence learning,,2025.1.1,None,2025-10-02 18h29.26.803622 +0530,
-150,z,195,3,48,z,1,0.30826249899109825,None,48,3,195,3,,,,,450.5281570840016,,450.52087179200316,450.5281570840016,451.51806504200795,451.51806504200795,451.51806504200795,451.51806504200795,451.52576350000163,452.51927062499453,452.51927062499453,452.8360938340047,z,1,0.30826249899109825,None,,,,,5,001,2025-10-02_18h28.59.078,motor sequence learning,,2025.1.1,None,2025-10-02 18h29.26.803622 +0530,
-50,x,196,0,49,x,1,0.20539999999164138,None,49,0,196,0,,,,,452.8422795840015,,452.83642216700537,452.8422795840015,453.8273061670043,453.8273061670043,453.8273061670043,453.8273061670043,453.83455958400737,454.82714799999667,454.82714799999667,455.03660029200546,x,1,0.20539999999164138,None,,,,,5,001,2025-10-02_18h28.59.078,motor sequence learning,,2025.1.1,None,2025-10-02 18h29.26.803622 +0530,
150,v,197,1,49,v,1,0.310805375003838,None,49,1,197,1,,,,,455.042096959005,,455.0370153749973,455.042096959005,456.03571224999905,456.03571224999905,456.03571224999905,456.03571224999905,456.043055874994,457.0344918339979,457.0344918339979,457.35359991699806,v,1,0.310805375003838,None,,,,,5,001,2025-10-02_18h28.59.078,motor sequence learning,,2025.1.1,None,2025-10-02 18h29.26.803622 +0530,
50,c,198,2,49,c,1,0.30988545800209977,None,49,2,198,2,,,,,457.3615375000081,,457.35401729200385,457.3615375000081,458.3522303339996,458.3522303339996,458.3522303339996,458.3522303339996,458.3596861249971,459.35251837500255,459.35251837500255,459.6701870840043,c,1,0.30988545800209977,None,,,,,5,001,2025-10-02_18h28.59.078,motor sequence learning,,2025.1.1,None,2025-10-02 18h29.26.803622 +0530,
-150,z,199,3,49,z,1,0.21787812499678694,None,49,3,199,3,,,,,459.67807812499814,,459.67051241699664,459.67807812499814,460.6614378749946,460.6614378749946,460.6614378749946,460.6614378749946,460.6689944999962,461.6693830000004,461.6693830000004,461.89438599999994,z,1,0.21787812499678694,None,,,,,5,001,2025-10-02_18h28.59.078,motor sequence learning,,2025.1.1,None,2025-10-02 18h29.26.803622 +0530,
150,v,0,0,0,v,1,0.5220470419881167,None,,,,,0,0,0,1,461.9117527089984,,461.90483491700434,461.9117527089984,462.89527833400643,462.89527833400643,462.89527833400643,462.89527833400643,462.9031570840016,463.8972367499955,463.8972367499955,464.42054845900566,,,,,v,1,0.5220470419881167,None,5,001,2025-10-02_18h28.59.078,motor sequence learning,,2025.1.1,None,2025-10-02 18h29.26.803622 +0530,
50,c,1,1,0,c,1,0.3306145000096876,None,,,,,0,1,1,2,464.42864837500383,,464.42103466700064,464.42864837500383,465.4178409169981,465.4178409169981,465.4178409169981,465.4178409169981,465.42554075000226,466.4195670839981,466.4195670839981,466.7521720000077,,,,,c,1,0.3306145000096876,None,5,001,2025-10-02_18h28.59.078,motor sequence learning,,2025.1.1,None,2025-10-02 18h29.26.803622 +0530,
-150,z,2,2,0,z,1,0.39555587399809156,None,,,,,0,2,2,3,466.75723849999486,,466.75259720900794,466.75723849999486,467.74566287500784,467.74566287500784,467.74566287500784,467.74566287500784,467.7529760000034,468.74360187500133,468.74360187500133,469.14245958400716,,,,,z,1,0.39555587399809156,None,5,001,2025-10-02_18h28.59.078,motor sequence learning,,2025.1.1,None,2025-10-02 18h29.26.803622 +0530,
150,v,3,3,1,v,1,0.49035833300149534,None,,,,,1,3,3,1,469.1511093750014,,469.1428178750066,469.1511093750014,470.1436945000023,470.1436945000023,470.1436945000023,470.1436945000023,470.1436945000023,471.1345896249986,471.1345896249986,471.6367847920046,,,,,v,1,0.49035833300149534,None,5,001,2025-10-02_18h28.59.078,motor sequence learning,,2025.1.1,None,2025-10-02 18h29.26.803622 +0530,
-50,x,4,4,0,x,1,0.37087141699157655,None,,,,,0,4,4,0,471.6447612089978,,471.637318958994,471.6447612089978,472.6354870840005,472.6354870840005,472.6354870840005,472.6354870840005,472.6429092920007,473.6345878340071,473.6345878340071,474.0083390420041,,,,,x,1,0.37087141699157655,None,5,001,2025-10-02_18h28.59.078,motor sequence learning,,2025.1.1,None,2025-10-02 18h29.26.803622 +0530,
-150,z,5,5,1,z,1,0.5691668750077952,None,,,,,1,5,5,3,474.01808812499803,,474.008589709003,474.01808812499803,475.0022957500041,475.0022957500041,475.0022957500041,475.0022957500041,475.00891916699766,476.007917875002,476.007917875002,476.58722175,,,,,z,1,0.5691668750077952,None,5,001,2025-10-02_18h28.59.078,motor sequence learning,,2025.1.1,None,2025-10-02 18h29.26.803622 +0530,
-150,z,6,6,2,z,1,0.46342445799382403,None,,,,,2,6,6,3,476.5955318339984,,476.58768308399885,476.5955318339984,477.57926399999997,477.57926399999997,477.57926399999997,477.57926399999997,477.5870597500034,478.5853809590044,478.5853809590044,479.05356124999525,,,,,z,1,0.46342445799382403,None,5,001,2025-10-02_18h28.59.078,motor sequence learning,,2025.1.1,None,2025-10-02 18h29.26.803622 +0530,
150,v,7,7,2,v,1,0.5063827909907559,None,,,,,2,7,7,1,479.0622128749965,,479.05400533400825,479.0622128749965,480.04478483399726,480.04478483399726,480.04478483399726,480.04478483399726,480.052372584003,481.04350337499636,481.04350337499636,481.5534383750055,,,,,v,1,0.5063827909907559,None,5,001,2025-10-02_18h28.59.078,motor sequence learning,,2025.1.1,None,2025-10-02 18h29.26.803622 +0530,
150,v,8,8,3,v,1,0.4395117499952903,None,,,,,3,8,8,1,481.56190333400446,,481.55389204200765,481.56190333400446,482.54474304200266,482.54474304200266,482.54474304200266,482.54474304200266,482.5523156249983,483.55239062500186,483.55239062500186,483.99410712500685,,,,,v,1,0.4395117499952903,None,5,001,2025-10-02_18h28.59.078,motor sequence learning,,2025.1.1,None,2025-10-02 18h29.26.803622 +0530,
50,c,9,9,1,c,1,0.2961239580035908,None,,,,,1,9,9,2,484.00127933399926,,483.994568833994,484.00127933399926,484.9950302500074,484.9950302500074,484.9950302500074,484.9950302500074,484.9950302500074,485.99266983399866,485.99266983399866,486.2946259589953,,,,,c,1,0.2961239580035908,None,5,001,2025-10-02_18h28.59.078,motor sequence learning,,2025.1.1,None,2025-10-02 18h29.26.803622 +0530,
150,v,10,10,4,v,1,0.3254406240012031,None,,,,,4,10,10,1,486.30303358400124,,486.29507216700586,486.30303358400124,487.2941251250013,487.2941251250013,487.2941251250013,487.2941251250013,487.2941251250013,488.29325458400126,488.29325458400126,488.6205525420082,,,,,v,1,0.3254406240012031,None,5,001,2025-10-02_18h28.59.078,motor sequence learning,,2025.1.1,None,2025-10-02 18h29.26.803622 +0530,
150,v,11,11,5,v,1,0.3286718750023283,None,,,,,5,11,11,1,488.6286547500058,,488.6209736250021,488.6286547500058,489.61894104200474,489.61894104200474,489.61894104200474,489.61894104200474,489.6269462920027,490.6190022499941,490.6190022499941,490.9538142090023,,,,,v,1,0.3286718750023283,None,5,001,2025-10-02_18h28.59.078,motor sequence learning,,2025.1.1,None,2025-10-02 18h29.26.803622 +0530,
-150,z,12,12,3,z,1,0.43221645800804254,None,,,,,3,12,12,3,490.96288933399774,,490.95422262500506,490.96288933399774,491.9514029999991,491.9514029999991,491.9514029999991,491.9514029999991,491.9586835000082,492.9523289170029,492.9523289170029,493.38715175000834,,,,,z,1,0.43221645800804254,None,5,001,2025-10-02_18h28.59.078,motor sequence learning,,2025.1.1,None,2025-10-02 18h29.26.803622 +0530,
50,c,13,13,2,c,1,0.5595500829949742,None,,,,,2,13,13,2,493.3967313339963,,493.3876000839955,493.3967313339963,494.3848606249958,494.3848606249958,494.3848606249958,494.3848606249958,494.3928506670054,495.3858910840063,495.3858910840063,495.95387116700294,,,,,c,1,0.5595500829949742,None,5,001,2025-10-02_18h28.59.078,motor sequence learning,,2025.1.1,None,2025-10-02 18h29.26.803622 +0530,
50,c,14,14,3,c,1,0.5701597910083365,None,,,,,3,14,14,2,495.96232366700133,,495.9543453340011,495.96232366700133,496.9529101250082,496.9529101250082,496.9529101250082,496.9529101250082,496.9610303340014,497.9512298339978,497.9512298339978,498.52765004200046,,,,,c,1,0.5701597910083365,None,5,001,2025-10-02_18h28.59.078,motor sequence learning,,2025.1.1,None,2025-10-02 18h29.26.803622 +0530,
150,v,15,15,6,v,1,0.38219983300950844,None,,,,,6,15,15,1,498.5360049169976,,498.52805599999556,498.5360049169976,499.52907025000604,499.52907025000604,499.52907025000604,499.52907025000604,499.52907025000604,500.52710012500756,500.52710012500756,500.9210332920047,,,,,v,1,0.38219983300950844,None,5,001,2025-10-02_18h28.59.078,motor sequence learning,,2025.1.1,None,2025-10-02 18h29.26.803622 +0530,
-150,z,16,16,4,z,1,0.5682222080067731,None,,,,,4,16,16,3,500.9261985839985,,500.92143087499426,500.9261985839985,501.9181468339957,501.9181468339957,501.9181468339957,501.9181468339957,501.9258392920019,502.91903833400283,502.91903833400283,503.4943123749981,,,,,z,1,0.5682222080067731,None,5,001,2025-10-02_18h28.59.078,motor sequence learning,,2025.1.1,None,2025-10-02 18h29.26.803622 +0530,
150,v,17,17,7,v,1,0.48359508300200105,None,,,,,7,17,17,1,503.5026117499947,,503.4946427499963,503.5026117499947,504.49520270900393,504.49520270900393,504.49520270900393,504.49520270900393,504.49520270900393,505.4937342500052,505.4937342500052,505.9872332090017,,,,,v,1,0.48359508300200105,None,5,001,2025-10-02_18h28.59.078,motor sequence learning,,2025.1.1,None,2025-10-02 18h29.26.803622 +0530,
-50,x,18,18,1,x,1,0.36610433299210854,None,,,,,1,18,18,0,505.9954134169966,,505.9876736669976,505.9954134169966,506.9858327499969,506.9858327499969,506.9858327499969,506.9858327499969,506.993799917007,507.9861484590074,507.9861484590074,508.35327120899456,,,,,x,1,0.36610433299210854,None,5,001,2025-10-02_18h28.59.078,motor sequence learning,,2025.1.1,None,2025-10-02 18h29.26.803622 +0530,
150,v,19,19,8,v,1,0.39274099899921566,None,,,,,8,19,19,1,508.3579859169986,,508.3536129169952,508.3579859169986,509.3436397089972,509.3436397089972,509.3436397089972,509.3436397089972,509.3513323340012,510.3523867089971,510.3523867089971,510.7533819999953,,,,,v,1,0.39274099899921566,None,5,001,2025-10-02_18h28.59.078,motor sequence learning,,2025.1.1,None,2025-10-02 18h29.26.803622 +0530,
-50,x,20,20,2,x,1,0.40513962499971967,None,,,,,2,20,20,0,510.7615784170048,,510.7538435000024,510.7615784170048,511.74509650000255,511.74509650000255,511.74509650000255,511.74509650000255,511.7523782920034,512.7440785840008,512.7440785840008,513.1531423749984,,,,,x,1,0.40513962499971967,None,5,001,2025-10-02_18h28.59.078,motor sequence learning,,2025.1.1,None,2025-10-02 18h29.26.803622 +0530,
150,v,21,21,9,v,1,0.31306874900474213,None,,,,,9,21,21,1,513.1573978749948,,513.1534599169972,513.1573978749948,514.1456002500054,514.1456002500054,514.1456002500054,514.1456002500054,514.1531464169966,515.1530444590026,515.1530444590026,515.4702323749952,,,,,v,1,0.31306874900474213,None,5,001,2025-10-02_18h28.59.078,motor sequence learning,,2025.1.1,None,2025-10-02 18h29.26.803622 +0530,
-50,x,22,22,3,x,1,0.3357665410003392,None,,,,,3,22,22,0,515.4785684170056,,515.4706500839966,515.4785684170056,516.461753459007,516.461753459007,516.461753459007,516.461753459007,516.4696389589953,517.4604473340005,517.4604473340005,517.8040372499963,,,,,x,1,0.3357665410003392,None,5,001,2025-10-02_18h28.59.078,motor sequence learning,,2025.1.1,None,2025-10-02 18h29.26.803622 +0530,
150,v,23,23,10,v,1,0.34800237498711795,None,,,,,10,23,23,1,517.8120049169956,,517.8044629170035,517.8120049169956,518.7948704589944,518.7948704589944,518.7948704589944,518.7948704589944,518.8014738750062,519.8029810000007,519.8029810000007,520.1539617920062,,,,,v,1,0.34800237498711795,None,5,001,2025-10-02_18h28.59.078,motor sequence learning,,2025.1.1,None,2025-10-02 18h29.26.803622 +0530,
50,c,24,24,4,c,1,0.38314291699498426,None,,,,,4,24,24,2,520.162181666994,,520.1543614170077,520.162181666994,521.1450299169956,521.1450299169956,521.1450299169956,521.1450299169956,521.1525666249945,522.1528479170083,522.1528479170083,522.5374219170044,,,,,c,1,0.38314291699498426,None,5,001,2025-10-02_18h28.59.078,motor sequence learning,,2025.1.1,None,2025-10-02 18h29.26.803622 +0530,
-50,x,25,25,4,x,1,0.35063204099424183,None,,,,,4,25,25,0,522.5458162499999,,522.5379227499943,522.5458162499999,523.5281983750028,523.5281983750028,523.5281983750028,523.5281983750028,523.535751125004,524.535229000001,524.535229000001,524.8874266670027,,,,,x,1,0.35063204099424183,None,5,001,2025-10-02_18h28.59.078,motor sequence learning,,2025.1.1,None,2025-10-02 18h29.26.803622 +0530,
50,c,26,26,5,v,0,0.28755266600637697,None,,,,,5,26,26,2,524.8957669999945,,524.8878576669958,524.8957669999945,525.8859731249977,525.8859731249977,525.8859731249977,525.8859731249977,525.8936715839955,526.8862447090069,526.8862447090069,527.1755409589969,,,,,v,0,0.28755266600637697,None,5,001,2025-10-02_18h28.59.078,motor sequence learning,,2025.1.1,None,2025-10-02 18h29.26.803622 +0530,
-150,z,27,27,5,z,1,0.3977697500085924,None,,,,,5,27,27,3,527.1849400000065,,527.1758786669961,527.1849400000065,528.1764050000056,528.1764050000056,528.1764050000056,528.1764050000056,528.1764050000056,529.1681216249999,529.1681216249999,529.5700504169945,,,,,z,1,0.3977697500085924,None,5,001,2025-10-02_18h28.59.078,motor sequence learning,,2025.1.1,None,2025-10-02 18h29.26.803622 +0530,
150,v,28,28,11,v,1,0.42258708299777936,None,,,,,11,28,28,1,529.5755458339991,,529.570389208995,529.5755458339991,530.5609787499998,530.5609787499998,530.5609787499998,530.5609787499998,530.5681723339949,531.5602019170037,531.5602019170037,531.9874680840003,,,,,v,1,0.42258708299777936,None,5,001,2025-10-02_18h28.59.078,motor sequence learning,,2025.1.1,None,2025-10-02 18h29.26.803622 +0530,
-50,x,29,29,5,x,1,0.4182607920083683,None,,,,,5,29,29,0,531.9978669169941,,531.9879414169991,531.9978669169941,532.984782917003,532.984782917003,532.984782917003,532.984782917003,532.9922689170053,533.9854151670006,533.9854151670006,534.4143736669939,,,,,x,1,0.4182607920083683,None,5,001,2025-10-02_18h28.59.078,motor sequence learning,,2025.1.1,None,2025-10-02 18h29.26.803622 +0530,
-50,x,30,30,6,x,1,0.480851457992685,None,,,,,6,30,30,0,534.4201980000071,,534.4147303750069,534.4201980000071,535.4113900420052,535.4113900420052,535.4113900420052,535.4113900420052,535.4113900420052,536.4098184589966,536.4098184589966,536.8941993339977,,,,,x,1,0.480851457992685,None,5,001,2025-10-02_18h28.59.078,motor sequence learning,,2025.1.1,None,2025-10-02 18h29.26.803622 +0530,
-150,z,31,31,6,z,1,0.555194875007146,None,,,,,6,31,31,3,536.9016617919988,,536.8945023340057,536.9016617919988,537.8958908750064,537.8958908750064,537.8958908750064,537.8958908750064,537.8958908750064,538.893396792002,538.893396792002,539.4541192089964,,,,,z,1,0.555194875007146,None,5,001,2025-10-02_18h28.59.078,motor sequence learning,,2025.1.1,None,2025-10-02 18h29.26.803622 +0530,
150,v,32,32,12,v,1,0.3638850829884177,None,,,,,12,32,32,1,539.4631238750007,,539.4545489169977,539.4631238750007,540.4453428749985,540.4453428749985,540.4453428749985,540.4453428749985,540.4602068340027,541.4526232920034,541.4526232920034,541.821065791999,,,,,v,1,0.3638850829884177,None,5,001,2025-10-02_18h28.59.078,motor sequence learning,,2025.1.1,None,2025-10-02 18h29.26.803622 +0530,
-150,z,33,33,7,z,1,0.6715268330008257,None,,,,,7,33,33,3,541.830414541997,,541.821595625006,541.830414541997,542.8192568749946,542.8192568749946,542.8192568749946,542.8192568749946,542.8269503750053,543.8199615839985,543.8199615839985,544.493955375001,,,,,z,1,0.6715268330008257,None,5,001,2025-10-02_18h28.59.078,motor sequence learning,,2025.1.1,None,2025-10-02 18h29.26.803622 +0530,
-50,x,34,34,7,x,1,0.3698390829958953,None,,,,,7,34,34,0,544.5024802499975,,544.4943934170005,544.5024802499975,545.4948092919949,545.4948092919949,545.4948092919949,545.4948092919949,545.4948092919949,546.4925775000011,546.4925775000011,546.8708235420054,,,,,x,1,0.3698390829958953,None,5,001,2025-10-02_18h28.59.078,motor sequence learning,,2025.1.1,None,2025-10-02 18h29.26.803622 +0530,
150,v,35,35,13,v,1,0.35291579099430237,None,,,,,13,35,35,1,546.8787345419987,,546.8712899999955,546.8787345419987,547.8693759589951,547.8693759589951,547.8693759589951,547.8693759589951,547.8768421669956,548.8683545840031,548.8683545840031,549.2276149590034,,,,,v,1,0.35291579099430237,None,5,001,2025-10-02_18h28.59.078,motor sequence learning,,2025.1.1,None,2025-10-02 18h29.26.803622 +0530,
150,v,36,36,14,v,1,0.3860700410004938,None,,,,,14,36,36,1,549.235676708995,,549.227963458994,549.235676708995,550.2268104999966,550.2268104999966,550.2268104999966,550.2268104999966,550.2268104999966,551.2271714170056,551.2271714170056,551.6207489590015,,,,,v,1,0.3860700410004938,None,5,001,2025-10-02_18h28.59.078,motor sequence learning,,2025.1.1,None,2025-10-02 18h29.26.803622 +0530,
-150,z,37,37,8,z,1,0.3872194580035284,None,,,,,8,37,37,3,551.6293947090016,,551.6212384999963,551.6293947090016,552.6119130839943,552.6119130839943,552.6119130839943,552.6119130839943,552.6197082919971,553.6200972920051,553.6200972920051,554.0097109589988,,,,,z,1,0.3872194580035284,None,5,001,2025-10-02_18h28.59.078,motor sequence learning,,2025.1.1,None,2025-10-02 18h29.26.803622 +0530,
50,c,38,38,6,c,1,0.7115242910076631,None,,,,,6,38,38,2,554.0195401670062,,554.0100767499971,554.0195401670062,555.0112015839986,555.0112015839986,555.0112015839986,555.0112015839986,555.0112015839986,556.0016167919966,556.0016167919966,556.7196522500017,,,,,c,1,0.7115242910076631,None,5,001,2025-10-02_18h28.59.078,motor sequence learning,,2025.1.1,None,2025-10-02 18h29.26.803622 +0530,
-150,z,39,39,9,z,1,0.4245523330027936,None,,,,,9,39,39,3,556.7284935839998,,556.7200731670018,556.7284935839998,557.7109656670073,557.7109656670073,557.7109656670073,557.7109656670073,557.7183292499976,558.7105501670012,558.7105501670012,559.137706249996,,,,,z,1,0.4245523330027936,None,5,001,2025-10-02_18h28.59.078,motor sequence learning,,2025.1.1,None,2025-10-02 18h29.26.803622 +0530,
-50,x,40,40,8,x,1,0.3646264160051942,None,,,,,8,40,40,0,559.1471511249983,,559.1381548750069,559.1471511249983,560.1350356250041,560.1350356250041,560.1350356250041,560.1350356250041,560.1428920420003,561.1353196249984,561.1353196249984,561.5033324999968,,,,,x,1,0.3646264160051942,None,5,001,2025-10-02_18h28.59.078,motor sequence learning,,2025.1.1,None,2025-10-02 18h29.26.803622 +0530,
-150,z,41,41,10,z,1,0.3788711249944754,None,,,,,10,41,41,3,561.5080297090026,,561.5037754170044,561.5080297090026,562.4941343340033,562.4941343340033,562.4941343340033,562.4941343340033,562.5015824590082,563.4930711670022,563.4930711670022,563.8767669999943,,,,,z,1,0.3788711249944754,None,5,001,2025-10-02_18h28.59.078,motor sequence learning,,2025.1.1,None,2025-10-02 18h29.26.803622 +0530,
-50,x,42,42,9,x,1,0.25059633298951667,None,,,,,9,42,42,0,563.8849842500058,,563.8771144589991,563.8849842500058,564.8780302090017,564.8780302090017,564.8780302090017,564.8780302090017,564.8780302090017,565.8684021670051,565.8684021670051,566.1206586670014,,,,,x,1,0.25059633298951667,None,5,001,2025-10-02_18h28.59.078,motor sequence learning,,2025.1.1,None,2025-10-02 18h29.26.803622 +0530,
50,c,43,43,7,c,1,0.31847666601242963,None,,,,,7,43,43,2,566.1288006249961,,566.1210839590058,566.1288006249961,567.1193397500028,567.1193397500028,567.1193397500028,567.1193397500028,567.1269284169975,568.119448958998,568.119448958998,568.4431580840028,,,,,c,1,0.31847666601242963,None,5,001,2025-10-02_18h28.59.078,motor sequence learning,,2025.1.1,None,2025-10-02 18h29.26.803622 +0530,
150,v,44,44,15,v,1,0.29865845800668467,None,,,,,15,44,44,1,568.4516197500052,,568.443619209007,568.4516197500052,569.4349661250017,569.4349661250017,569.4349661250017,569.4349661250017,569.4425439170009,570.4351269170002,570.4351269170002,570.7358822920069,,,,,v,1,0.29865845800668467,None,5,001,2025-10-02_18h28.59.078,motor sequence learning,,2025.1.1,None,2025-10-02 18h29.26.803622 +0530,
-150,z,45,45,11,z,1,0.36526945800869726,None,,,,,11,45,45,3,570.7408060000016,,570.7362413340015,570.7408060000016,571.7281098340027,571.7281098340027,571.7281098340027,571.7281098340027,571.7353020419978,572.7265663750004,572.7265663750004,573.0942770420079,,,,,z,1,0.36526945800869726,None,5,001,2025-10-02_18h28.59.078,motor sequence learning,,2025.1.1,None,2025-10-02 18h29.26.803622 +0530,
150,v,46,46,16,v,1,0.3955472910020035,None,,,,,16,46,46,1,573.1027513339941,,573.0945987919986,573.1027513339941,574.0940335420019,574.0940335420019,574.0940335420019,574.0940335420019,574.0940335420019,575.0942888749996,575.0942888749996,575.4916373339947,,,,,v,1,0.3955472910020035,None,5,001,2025-10-02_18h28.59.078,motor sequence learning,,2025.1.1,None,2025-10-02 18h29.26.803622 +0530,
150,v,47,47,17,v,1,0.41561054199701175,None,,,,,17,47,47,1,575.5030554999976,,575.4920103339973,575.5030554999976,576.4850664590049,576.4850664590049,576.4850664590049,576.4850664590049,576.502873999998,577.4850739999965,577.4850739999965,577.9031154999975,,,,,v,1,0.41561054199701175,None,5,001,2025-10-02_18h28.59.078,motor sequence learning,,2025.1.1,None,2025-10-02 18h29.26.803622 +0530,
-150,z,48,48,12,z,1,0.41063662500528153,None,,,,,12,48,48,3,577.9122764589993,,577.9035547499952,577.9122764589993,578.8956536670012,578.8956536670012,578.8956536670012,578.8956536670012,578.9032250000018,579.8939289590053,579.8939289590053,580.3102790840057,,,,,z,1,0.41063662500528153,None,5,001,2025-10-02_18h28.59.078,motor sequence learning,,2025.1.1,None,2025-10-02 18h29.26.803622 +0530,
-150,z,49,49,13,z,1,0.4116577490058262,None,,,,,13,49,49,3,580.3187928749976,,580.3106377920049,580.3187928749976,581.3099669170042,581.3099669170042,581.3099669170042,581.3099669170042,581.3099669170042,582.3018267919979,582.3018267919979,582.7209777499957,,,,,z,1,0.4116577490058262,None,5,001,2025-10-02_18h28.59.078,motor sequence learning,,2025.1.1,None,2025-10-02 18h29.26.803622 +0530,
50,c,50,50,8,c,1,0.3633334579935763,None,,,,,8,50,50,2,582.7303483340074,,582.7214398340002,582.7303483340074,583.7194860000018,583.7194860000018,583.7194860000018,583.7194860000018,583.7275047919975,584.719348958999,584.719348958999,585.0868155000062,,,,,c,1,0.3633334579935763,None,5,001,2025-10-02_18h28.59.078,motor sequence learning,,2025.1.1,None,2025-10-02 18h29.26.803622 +0530,
-50,x,51,51,10,x,1,0.4086442080006236,None,,,,,10,51,51,0,585.091557916996,,585.0871528340067,585.091557916996,586.0776366250066,586.0776366250066,586.0776366250066,586.0776366250066,586.0850207500043,587.0778497499996,587.0778497499996,587.4876174999954,,,,,x,1,0.4086442080006236,None,5,001,2025-10-02_18h28.59.078,motor sequence learning,,2025.1.1,None,2025-10-02 18h29.26.803622 +0530,
-150,z,52,52,14,z,1,0.5066353750007693,None,,,,,14,52,52,3,587.4931400420028,,587.4880635839945,587.4931400420028,588.4789055840083,588.4789055840083,588.4789055840083,588.4789055840083,588.4862946250068,589.4777364170004,589.4777364170004,589.9873292090051,,,,,z,1,0.5066353750007693,None,5,001,2025-10-02_18h28.59.078,motor sequence learning,,2025.1.1,None,2025-10-02 18h29.26.803622 +0530,
150,v,53,53,18,v,1,0.7837056670105085,None,,,,,18,53,53,1,589.9956986250036,,589.9877786249999,589.9956986250036,590.9797752919985,590.9797752919985,590.9797752919985,590.9797752919985,590.9871721670061,591.9766556670074,591.9766556670074,592.7711615419976,,,,,v,1,0.7837056670105085,None,5,001,2025-10-02_18h28.59.078,motor sequence learning,,2025.1.1,None,2025-10-02 18h29.26.803622 +0530,
50,c,54,54,9,c,1,0.3744175829924643,None,,,,,9,54,54,2,592.7794062089961,,592.7716516670043,592.7794062089961,593.7625127500069,593.7625127500069,593.7625127500069,593.7625127500069,593.7699284590053,594.7698191249947,594.7698191249947,595.1544961670006,,,,,c,1,0.3744175829924643,None,5,001,2025-10-02_18h28.59.078,motor sequence learning,,2025.1.1,None,2025-10-02 18h29.26.803622 +0530,
50,c,55,55,10,c,1,0.33559799900103826,None,,,,,10,55,55,2,595.1637591250037,,595.1549503749993,595.1637591250037,596.1454710420076,596.1454710420076,596.1454710420076,596.1454710420076,596.1601983750006,597.1516474170057,597.1516474170057,597.497741500003,,,,,c,1,0.33559799900103826,None,5,001,2025-10-02_18h28.59.078,motor sequence learning,,2025.1.1,None,2025-10-02 18h29.26.803622 +0530,
-150,z,56,56,15,z,1,0.46508562500821427,None,,,,,15,56,56,3,597.5031905840005,,597.4980919170048,597.5031905840005,598.4945755420049,598.4945755420049,598.4945755420049,598.4945755420049,598.4945755420049,599.4941665420047,599.4941665420047,599.9614845420001,,,,,z,1,0.46508562500821427,None,5,001,2025-10-02_18h28.59.078,motor sequence learning,,2025.1.1,None,2025-10-02 18h29.26.803622 +0530,
-150,z,57,57,16,z,1,0.4422549169976264,None,,,,,16,57,57,3,599.9683919999952,,599.9619301250059,599.9683919999952,600.9612752090034,600.9612752090034,600.9612752090034,600.9612752090034,600.9612752090034,601.9590458339953,601.9590458339953,602.4040840420057,,,,,z,1,0.4422549169976264,None,5,001,2025-10-02_18h28.59.078,motor sequence learning,,2025.1.1,None,2025-10-02 18h29.26.803622 +0530,
150,v,58,58,19,v,1,0.4083252080017701,None,,,,,19,58,58,1,602.4087853340025,,602.4046217919968,602.4087853340025,603.4030132500047,603.4030132500047,603.4030132500047,603.4030132500047,603.4030132500047,604.3927832920017,604.3927832920017,604.8038698339951,,,,,v,1,0.4083252080017701,None,5,001,2025-10-02_18h28.59.078,motor sequence learning,,2025.1.1,None,2025-10-02 18h29.26.803622 +0530,
-50,x,59,59,11,x,1,0.47455999899830204,None,,,,,11,59,59,0,604.8087248340016,,604.8043757090054,604.8087248340016,605.7956710419967,605.7956710419967,605.7956710419967,605.7956710419967,605.8034280419961,606.7935149999976,606.7935149999976,607.2693166670069,,,,,x,1,0.47455999899830204,None,5,001,2025-10-02_18h28.59.078,motor sequence learning,,2025.1.1,None,2025-10-02 18h29.26.803622 +0530,
150,v,60,60,20,v,1,0.38125724998826627,None,,,,,20,60,60,1,607.273680667,,607.2696609169943,607.273680667,608.2616885419993,608.2616885419993,608.2616885419993,608.2616885419993,608.2693199589994,609.2607809170004,609.2607809170004,609.6447446670063,,,,,v,1,0.38125724998826627,None,5,001,2025-10-02_18h28.59.078,motor sequence learning,,2025.1.1,None,2025-10-02 18h29.26.803622 +0530,
-150,z,61,61,17,z,1,0.3708727080083918,None,,,,,17,61,61,3,609.669802999997,,609.645133041995,609.669802999997,610.6458134999993,610.6458134999993,610.6458134999993,610.6458134999993,610.6608086670021,611.644021250002,611.644021250002,612.0209739590064,,,,,z,1,0.3708727080083918,None,5,001,2025-10-02_18h28.59.078,motor sequence learning,,2025.1.1,None,2025-10-02 18h29.26.803622 +0530,
-150,z,62,62,18,z,1,0.5027225410012761,None,,,,,18,62,62,3,612.0294898749999,,612.0214276670013,612.0294898749999,613.0123353340023,613.0123353340023,613.0123353340023,613.0123353340023,613.0199685420084,614.0102210420009,614.0102210420009,614.5199831250065,,,,,z,1,0.5027225410012761,None,5,001,2025-10-02_18h28.59.078,motor sequence learning,,2025.1.1,None,2025-10-02 18h29.26.803622 +0530,
-150,z,63,63,19,z,1,1.0877794160041958,None,,,,,19,63,63,3,614.5284542089939,,614.5204167920019,614.5284542089939,615.5117976670008,615.5117976670008,615.5117976670008,615.5117976670008,615.5192899999965,616.5100009169983,616.5100009169983,617.6043893750029,,,,,z,1,1.0877794160041958,None,5,001,2025-10-02_18h28.59.078,motor sequence learning,,2025.1.1,None,2025-10-02 18h29.26.803622 +0530,
-150,z,64,64,20,z,1,0.3949203329975717,None,,,,,20,64,64,3,617.6130601670011,,617.604918750003,617.6130601670011,618.6030017919984,618.6030017919984,618.6030017919984,618.6030017919984,618.6094091249979,619.602889709,619.602889709,620.0035928340076,,,,,z,1,0.3949203329975717,None,5,001,2025-10-02_18h28.59.078,motor sequence learning,,2025.1.1,None,2025-10-02 18h29.26.803622 +0530,
-50,x,65,65,12,x,1,0.3298288749938365,None,,,,,12,65,65,0,620.0078119999962,,620.0039558340068,620.0078119999962,620.9948001669982,620.9948001669982,620.9948001669982,620.9948001669982,621.0018693750026,621.9918480000051,621.9918480000051,622.328426417007,,,,,x,1,0.3298288749938365,None,5,001,2025-10-02_18h28.59.078,motor sequence learning,,2025.1.1,None,2025-10-02 18h29.26.803622 +0530,
50,c,66,66,11,c,1,0.34601529099745676,None,,,,,11,66,66,2,622.3369819590007,,622.3288540840003,622.3369819590007,623.3297707919992,623.3297707919992,623.3297707919992,623.3297707919992,623.3297707919992,624.327549374997,624.327549374997,624.6748017089994,,,,,c,1,0.34601529099745676,None,5,001,2025-10-02_18h28.59.078,motor sequence learning,,2025.1.1,None,2025-10-02 18h29.26.803622 +0530,
-50,x,67,67,13,x,1,0.41851666700677015,None,,,,,13,67,67,0,624.6866545000084,,624.6752411670022,624.6866545000084,625.6686745000043,625.6686745000043,625.6686745000043,625.6686745000043,625.6854133339948,626.6700983339979,626.6700983339979,627.0945139170071,,,,,x,1,0.41851666700677015,None,5,001,2025-10-02_18h28.59.078,motor sequence learning,,2025.1.1,None,2025-10-02 18h29.26.803622 +0530,
-150,z,68,68,21,z,1,0.500228375007282,None,,,,,21,68,68,3,627.1019565000024,,627.0948250000074,627.1019565000024,628.0958885840082,628.0958885840082,628.0958885840082,628.0958885840082,628.0958885840082,629.0852648340078,629.0852648340078,629.5878885419952,,,,,z,1,0.500228375007282,None,5,001,2025-10-02_18h28.59.078,motor sequence learning,,2025.1.1,None,2025-10-02 18h29.26.803622 +0530,
-150,z,69,69,22,z,1,0.8471608739928342,None,,,,,22,69,69,3,629.5963842089986,,629.5883280840062,629.5963842089986,630.5794265839941,630.5794265839941,630.5794265839941,630.5794265839941,630.5869617919961,631.5853844999947,631.5853844999947,632.437823500004,,,,,z,1,0.8471608739928342,None,5,001,2025-10-02_18h28.59.078,motor sequence learning,,2025.1.1,None,2025-10-02 18h29.26.803622 +0530,
50,c,70,70,12,c,1,0.39982058299938217,None,,,,,12,70,70,2,632.4461909999955,,632.4382683750009,632.4461909999955,633.4293261249986,633.4293261249986,633.4293261249986,633.4293261249986,633.4368395420024,634.4355128339957,634.4355128339957,634.8431313750043,,,,,c,1,0.39982058299938217,None,5,001,2025-10-02_18h28.59.078,motor sequence learning,,2025.1.1,None,2025-10-02 18h29.26.803622 +0530,
-50,x,71,71,14,x,1,0.3912755830097012,None,,,,,14,71,71,0,634.8518104999966,,634.8434709590074,634.8518104999966,635.8441292920033,635.8441292920033,635.8441292920033,635.8441292920033,635.8441292920033,636.8431325840065,636.8431325840065,637.2377650840062,,,,,x,1,0.3912755830097012,None,5,001,2025-10-02_18h28.59.078,motor sequence learning,,2025.1.1,None,2025-10-02 18h29.26.803622 +0530,
150,v,72,72,21,v,1,0.5997379580076085,None,,,,,21,72,72,1,637.2425640840083,,637.2382205000031,637.2425640840083,638.2364919170068,638.2364919170068,638.2364919170068,638.2364919170068,638.2364919170068,639.2355288340041,639.2355288340041,639.8377104170067,,,,,v,1,0.5997379580076085,None,5,001,2025-10-02_18h28.59.078,motor sequence learning,,2025.1.1,None,2025-10-02 18h29.26.803622 +0530,
-50,x,73,73,15,x,1,0.43696325000200886,None,,,,,15,73,73,0,639.8426201249968,,639.8382674589957,639.8426201249968,640.8365488749987,640.8365488749987,640.8365488749987,640.8365488749987,640.8365488749987,641.8281927089993,641.8281927089993,642.2705596669985,,,,,x,1,0.43696325000200886,None,5,001,2025-10-02_18h28.59.078,motor sequence learning,,2025.1.1,None,2025-10-02 18h29.26.803622 +0530,
150,v,74,74,22,v,1,0.4485049579961924,None,,,,,22,74,74,1,642.2786787090008,,642.2709159590013,642.2786787090008,643.2624289999949,643.2624289999949,643.2624289999949,643.2624289999949,643.2698567089974,644.2606309999974,644.2606309999974,644.7117823750013,,,,,v,1,0.4485049579961924,None,5,001,2025-10-02_18h28.59.078,motor sequence learning,,2025.1.1,None,2025-10-02 18h29.26.803622 +0530,
-50,x,75,75,16,x,1,0.5356389579974348,None,,,,,16,75,75,0,644.7208849169983,,644.7122108339972,644.7208849169983,645.7130118339992,645.7130118339992,645.7130118339992,645.7130118339992,645.7130118339992,646.7094998749963,646.7094998749963,647.2545019170066,,,,,x,1,0.5356389579974348,None,5,001,2025-10-02_18h28.59.078,motor sequence learning,,2025.1.1,None,2025-10-02 18h29.26.803622 +0530,
50,c,76,76,13,c,1,0.33020474899967667,None,,,,,13,76,76,2,647.2624490000017,,647.2549546670052,647.2624490000017,648.2463782499981,648.2463782499981,648.2463782499981,648.2463782499981,648.2539174590056,649.2519367920031,649.2519367920031,649.5868601249967,,,,,c,1,0.33020474899967667,None,5,001,2025-10-02_18h28.59.078,motor sequence learning,,2025.1.1,None,2025-10-02 18h29.26.803622 +0530,
-150,z,77,77,23,z,1,0.32512304100964684,None,,,,,23,77,77,3,649.5950674170017,,649.5872950000048,649.5950674170017,650.5797118750052,650.5797118750052,650.5797118750052,650.5797118750052,650.5872831250017,651.5769016249978,651.5769016249978,651.9128233749943,,,,,z,1,0.32512304100964684,None,5,001,2025-10-02_18h28.59.078,motor sequence learning,,2025.1.1,None,2025-10-02 18h29.26.803622 +0530,
150,v,78,78,23,v,1,0.6369784160051495,None,,,,,23,78,78,1,651.9184972920048,,651.9131425420055,651.9184972920048,652.9113225839974,652.9113225839974,652.9113225839974,652.9113225839974,652.9113225839974,653.9100480000052,653.9100480000052,654.5543835419958,,,,,v,1,0.6369784160051495,None,5,001,2025-10-02_18h28.59.078,motor sequence learning,,2025.1.1,None,2025-10-02 18h29.26.803622 +0530,
-50,x,79,79,17,x,1,0.3880572500056587,None,,,,,17,79,79,0,654.562621834004,,654.5548178339959,654.562621834004,655.5527113340067,655.5527113340067,655.5527113340067,655.5527113340067,655.5605564590078,656.5531476250035,656.5531476250035,656.9437942090008,,,,,x,1,0.3880572500056587,None,5,001,2025-10-02_18h28.59.078,motor sequence learning,,2025.1.1,None,2025-10-02 18h29.26.803622 +0530,
-50,x,80,80,18,x,1,0.5226275419990998,None,,,,,18,80,80,0,656.9532044170046,,656.9442375000071,656.9532044170046,657.9435629590007,657.9435629590007,657.9435629590007,657.9435629590007,657.9435629590007,658.935260667,658.935260667,659.4612364170025,,,,,x,1,0.5226275419990998,None,5,001,2025-10-02_18h28.59.078,motor sequence learning,,2025.1.1,None,2025-10-02 18h29.26.803622 +0530,
150,v,81,81,24,v,1,0.4060216250072699,None,,,,,24,81,81,1,659.4694699999964,,659.461580749994,659.4694699999964,660.4627480420022,660.4627480420022,660.4627480420022,660.4627480420022,660.4627480420022,661.4607673749997,661.4607673749997,661.8711985840055,,,,,v,1,0.4060216250072699,None,5,001,2025-10-02_18h28.59.078,motor sequence learning,,2025.1.1,None,2025-10-02 18h29.26.803622 +0530,
150,v,82,82,25,v,1,0.36567120801191777,None,,,,,25,82,82,1,661.8803253340011,,661.8716156250011,661.8803253340011,662.8620326670061,662.8620326670061,662.8620326670061,662.8620326670061,662.8770623339951,663.8701139170007,663.8701139170007,664.2376367499965,,,,,v,1,0.36567120801191777,None,5,001,2025-10-02_18h28.59.078,motor sequence learning,,2025.1.1,None,2025-10-02 18h29.26.803622 +0530,
-50,x,83,83,19,x,1,0.5033019580005202,None,,,,,19,83,83,0,664.2428444170073,,664.237995042,664.2428444170073,665.2293277090066,665.2293277090066,665.2293277090066,665.2293277090066,665.2368518340081,666.2363571250025,666.2363571250025,666.7451559170004,,,,,x,1,0.5033019580005202,None,5,001,2025-10-02_18h28.59.078,motor sequence learning,,2025.1.1,None,2025-10-02 18h29.26.803622 +0530,
-50,x,84,84,20,x,1,0.3945678330055671,None,,,,,20,84,84,0,666.7537452499964,,666.7455754590046,666.7537452499964,667.7458826250077,667.7458826250077,667.7458826250077,667.7458826250077,667.7458826250077,668.7441392089968,668.7441392089968,669.1413942500076,,,,,x,1,0.3945678330055671,None,5,001,2025-10-02_18h28.59.078,motor sequence learning,,2025.1.1,None,2025-10-02 18h29.26.803622 +0530,
-50,x,85,85,21,x,1,0.3609330829931423,None,,,,,21,85,85,0,669.1534978749987,,669.1417344590009,669.1534978749987,670.1354060000012,670.1354060000012,670.1354060000012,670.1354060000012,670.152303750001,671.1357406250027,671.1357406250027,671.5045035840012,,,,,x,1,0.3609330829931423,None,5,001,2025-10-02_18h28.59.078,motor sequence learning,,2025.1.1,None,2025-10-02 18h29.26.803622 +0530,
50,c,86,86,14,c,1,0.3703028739982983,None,,,,,14,86,86,2,671.5134659589967,,671.5052047920035,671.5134659589967,672.503149917,672.503149917,672.503149917,672.503149917,672.5098235839978,673.5022133339953,673.5022133339953,673.877267584001,,,,,c,1,0.3703028739982983,None,5,001,2025-10-02_18h28.59.078,motor sequence learning,,2025.1.1,None,2025-10-02 18h29.26.803622 +0530,
150,v,87,87,26,v,1,0.6687937499955297,None,,,,,26,87,87,1,673.885321624999,,673.877679666999,673.885321624999,674.8778540839994,674.8778540839994,674.8778540839994,674.8778540839994,674.8778540839994,675.8686797919945,675.8686797919945,676.5426407500054,,,,,v,1,0.6687937499955297,None,5,001,2025-10-02_18h28.59.078,motor sequence learning,,2025.1.1,None,2025-10-02 18h29.26.803622 +0530,
150,v,88,88,27,v,1,0.3657847909926204,None,,,,,27,88,88,1,676.5520856670046,,676.542995374999,676.5520856670046,677.5444569170068,677.5444569170068,677.5444569170068,677.5444569170068,677.5444569170068,678.5367715839966,678.5367715839966,678.9046956670063,,,,,v,1,0.3657847909926204,None,5,001,2025-10-02_18h28.59.078,motor sequence learning,,2025.1.1,None,2025-10-02 18h29.26.803622 +0530,
150,v,89,89,28,v,1,0.313119958009338,None,,,,,28,89,89,1,678.9138088339969,,678.9051732500084,678.9138088339969,679.8964075420081,679.8964075420081,679.8964075420081,679.8964075420081,679.9039425000083,680.9022466669994,680.9022466669994,681.2198433750018,,,,,v,1,0.313119958009338,None,5,001,2025-10-02_18h28.59.078,motor sequence learning,,2025.1.1,None,2025-10-02 18h29.26.803622 +0530,
-50,x,90,90,22,x,1,0.4718173739966005,None,,,,,22,90,90,0,681.2281560840056,,681.220286249998,681.2281560840056,682.213363709001,682.213363709001,682.213363709001,682.213363709001,682.2210074589966,683.2095465839957,683.2095465839957,683.6875080419995,,,,,x,1,0.4718173739966005,None,5,001,2025-10-02_18h28.59.078,motor sequence learning,,2025.1.1,None,2025-10-02 18h29.26.803622 +0530,
-150,z,91,91,24,z,1,0.37518729199655354,None,,,,,24,91,91,3,683.6949046670052,,683.6878409170022,683.6949046670052,684.6800551250053,684.6800551250053,684.6800551250053,684.6800551250053,684.6876157500083,685.686991584007,685.686991584007,686.0700283750048,,,,,z,1,0.37518729199655354,None,5,001,2025-10-02_18h28.59.078,motor sequence learning,,2025.1.1,None,2025-10-02 18h29.26.803622 +0530,
-50,x,92,92,23,x,1,0.329481582986773,None,,,,,23,92,92,0,686.0784917090059,,686.0704957919952,686.0784917090059,687.0627792500018,687.0627792500018,687.0627792500018,687.0627792500018,687.0701645420049,688.0617995000066,688.0617995000066,688.3951562090078,,,,,x,1,0.329481582986773,None,5,001,2025-10-02_18h28.59.078,motor sequence learning,,2025.1.1,None,2025-10-02 18h29.26.803622 +0530,
50,c,93,93,15,c,1,0.9928174999949988,None,,,,,15,93,93,2,688.4031146250054,,688.3954936670052,688.4031146250054,689.3948092500068,689.3948092500068,689.3948092500068,689.3948092500068,689.3948092500068,690.394421792007,690.394421792007,691.3936660839972,,,,,c,1,0.9928174999949988,None,5,001,2025-10-02_18h28.59.078,motor sequence learning,,2025.1.1,None,2025-10-02 18h29.26.803622 +0530,
-50,x,94,94,24,x,1,0.8700747080001747,None,,,,,24,94,94,0,691.4021137090022,,691.3941062920057,691.4021137090022,692.3857137500017,692.3857137500017,692.3857137500017,692.3857137500017,692.3931085840013,693.3929623340082,693.3929623340082,694.270441583998,,,,,x,1,0.8700747080001747,None,5,001,2025-10-02_18h28.59.078,motor sequence learning,,2025.1.1,None,2025-10-02 18h29.26.803622 +0530,
-50,x,95,95,25,x,1,0.31903387399506755,None,,,,,25,95,95,0,694.2794795000082,,694.2709173750045,694.2794795000082,695.2618474170013,695.2618474170013,695.2618474170013,695.2618474170013,695.2690046250063,696.2610680420039,696.2610680420039,696.587934708994,,,,,x,1,0.31903387399506755,None,5,001,2025-10-02_18h28.59.078,motor sequence learning,,2025.1.1,None,2025-10-02 18h29.26.803622 +0530,
-150,z,96,96,25,z,1,0.4051456659944961,None,,,,,25,96,96,3,696.5964355839969,,696.588375709005,696.5964355839969,697.5790382090054,697.5790382090054,697.5790382090054,697.5790382090054,697.5864335000078,698.5869887090084,698.5869887090084,698.9951925839996,,,,,z,1,0.4051456659944961,None,5,001,2025-10-02_18h28.59.078,motor sequence learning,,2025.1.1,None,2025-10-02 18h29.26.803622 +0530,
50,c,97,97,16,c,1,0.33344266600033734,None,,,,,16,97,97,2,699.0037721249973,,698.9956114170054,699.0037721249973,699.9959221250028,699.9959221250028,699.9959221250028,699.9959221250028,699.9959221250028,700.9935028339969,700.9935028339969,701.3380106670083,,,,,c,1,0.33344266600033734,None,5,001,2025-10-02_18h28.59.078,motor sequence learning,,2025.1.1,None,2025-10-02 18h29.26.803622 +0530,
-50,x,98,98,26,x,1,0.3186130829999456,None,,,,,26,98,98,0,701.346474542006,,701.3384301250044,701.346474542006,702.3299370000022,702.3299370000022,702.3299370000022,702.3299370000022,702.3375167500053,703.3282907920075,703.3282907920075,703.654630917008,,,,,x,1,0.3186130829999456,None,5,001,2025-10-02_18h28.59.078,motor sequence learning,,2025.1.1,None,2025-10-02 18h29.26.803622 +0530,
-150,z,99,99,26,z,1,0.5113628749968484,None,,,,,26,99,99,3,703.6622786250082,,703.6550662090012,703.6622786250082,704.6464835840015,704.6464835840015,704.6464835840015,704.6464835840015,704.6537924590084,705.6534324590029,705.6534324590029,706.1711897920031,,,,,z,1,0.5113628749968484,None,5,001,2025-10-02_18h28.59.078,motor sequence learning,,2025.1.1,None,2025-10-02 18h29.26.803622 +0530,
-50,x,100,100,27,x,1,0.37850404100026935,None,,,,,27,100,100,0,706.1794692920084,,706.1716247500008,706.1794692920084,707.1701597920037,707.1701597920037,707.1701597920037,707.1701597920037,707.1782384170074,708.1693518340035,708.1693518340035,708.5540771249944,,,,,x,1,0.37850404100026935,None,5,001,2025-10-02_18h28.59.078,motor sequence learning,,2025.1.1,None,2025-10-02 18h29.26.803622 +0530,
150,v,101,101,29,v,1,0.5535467079898808,None,,,,,29,101,101,1,708.561838499998,,708.5544490419998,708.561838499998,709.5455176249961,709.5455176249961,709.5455176249961,709.5455176249961,709.5526895420044,710.5442648750031,710.5442648750031,711.1044183339982,,,,,v,1,0.5535467079898808,None,5,001,2025-10-02_18h28.59.078,motor sequence learning,,2025.1.1,None,2025-10-02 18h29.26.803622 +0530,
50,c,102,102,17,c,1,0.3354382919933414,None,,,,,17,102,102,2,711.1122055000014,,711.1047911250062,711.1122055000014,712.1031379170017,712.1031379170017,712.1031379170017,712.1031379170017,712.1096134590043,713.1027937089966,713.1027937089966,713.4432827919954,,,,,c,1,0.3354382919933414,None,5,001,2025-10-02_18h28.59.078,motor sequence learning,,2025.1.1,None,2025-10-02 18h29.26.803622 +0530,
-50,x,103,103,28,x,1,0.2551219159940956,None,,,,,28,103,103,0,713.452046499995,,713.4436072920071,713.452046499995,714.4423430839961,714.4423430839961,714.4423430839961,714.4423430839961,714.4423430839961,715.4354371250083,715.4354371250083,715.6938074589998,,,,,x,1,0.2551219159940956,None,5,001,2025-10-02_18h28.59.078,motor sequence learning,,2025.1.1,None,2025-10-02 18h29.26.803622 +0530,
-150,z,104,104,27,z,1,0.11814562400104478,None,,,,,27,104,104,3,715.702138875,,715.6941842499946,715.702138875,716.6855639169953,716.6855639169953,716.6855639169953,716.6855639169953,716.6937230839976,717.6854895840079,717.6854895840079,717.8106041249994,,,,,z,1,0.11814562400104478,None,5,001,2025-10-02_18h28.59.078,motor sequence learning,,2025.1.1,None,2025-10-02 18h29.26.803622 +0530,
50,c,105,105,18,c,1,0.4513154580054106,None,,,,,18,105,105,2,717.8188017089997,,717.8109285840037,717.8188017089997,718.802171125004,718.802171125004,718.802171125004,718.802171125004,718.8095285419986,719.8021627499984,719.8021627499984,720.2593992500042,,,,,c,1,0.4513154580054106,None,5,001,2025-10-02_18h28.59.078,motor sequence learning,,2025.1.1,None,2025-10-02 18h29.26.803622 +0530,
-50,x,106,106,29,x,1,0.4383069580071606,None,,,,,29,106,106,0,720.2689068750042,,720.259740249996,720.2689068750042,721.2521827500022,721.2521827500022,721.2521827500022,721.2521827500022,721.2596137920045,722.2522078750044,722.2522078750044,722.6951964170003,,,,,x,1,0.4383069580071606,None,5,001,2025-10-02_18h28.59.078,motor sequence learning,,2025.1.1,None,2025-10-02 18h29.26.803622 +0530,
-50,x,107,107,30,x,1,0.3643007909995504,None,,,,,30,107,107,0,722.7036905840068,,722.6956478750071,722.7036905840068,723.6955832920066,723.6955832920066,723.6955832920066,723.6955832920066,723.6955832920066,724.6941363750084,724.6941363750084,725.060805000001,,,,,x,1,0.3643007909995504,None,5,001,2025-10-02_18h28.59.078,motor sequence learning,,2025.1.1,None,2025-10-02 18h29.26.803622 +0530,
50,c,108,108,19,c,1,1.4702746240072884,None,,,,,19,108,108,2,725.0693619170052,,725.0612614999991,725.0693619170052,726.0613093749998,726.0613093749998,726.0613093749998,726.0613093749998,726.0613093749998,727.0610904589994,727.0610904589994,728.5372442090011,,,,,c,1,1.4702746240072884,None,5,001,2025-10-02_18h28.59.078,motor sequence learning,,2025.1.1,None,2025-10-02 18h29.26.803622 +0530,
50,c,109,109,20,c,1,0.6508252080093371,None,,,,,20,109,109,2,728.5416715419997,,728.5375914169999,728.5416715419997,729.5285589999985,729.5285589999985,729.5285589999985,729.5285589999985,729.5356694590009,730.5281299170019,730.5281299170019,731.1875730839965,,,,,c,1,0.6508252080093371,None,5,001,2025-10-02_18h28.59.078,motor sequence learning,,2025.1.1,None,2025-10-02 18h29.26.803622 +0530,
50,c,110,110,21,c,1,0.4575282489968231,None,,,,,21,110,110,2,731.1955856669956,,731.1879301669978,731.1955856669956,732.1784977920033,732.1784977920033,732.1784977920033,732.1784977920033,732.1856546670024,733.1776461669942,733.1776461669942,733.6384757920023,,,,,c,1,0.4575282489968231,None,5,001,2025-10-02_18h28.59.078,motor sequence learning,,2025.1.1,None,2025-10-02 18h29.26.803622 +0530,
50,c,111,111,22,c,1,0.4031127079942962,None,,,,,22,111,111,2,733.647515167002,,733.6389539999946,733.647515167002,734.6356545419985,734.6356545419985,734.6356545419985,734.6356545419985,734.6434929170064,735.6371033339965,735.6371033339965,736.0445190419996,,,,,c,1,0.4031127079942962,None,5,001,2025-10-02_18h28.59.078,motor sequence learning,,2025.1.1,None,2025-10-02 18h29.26.803622 +0530,
-50,x,112,112,31,x,1,0.5071047079982236,None,,,,,31,112,112,0,736.0538639169972,,736.0449728749954,736.0538639169972,737.0454315840034,737.0454315840034,737.0454315840034,737.0454315840034,737.0454315840034,738.035974708997,738.035974708997,738.5453342920082,,,,,x,1,0.5071047079982236,None,5,001,2025-10-02_18h28.59.078,motor sequence learning,,2025.1.1,None,2025-10-02 18h29.26.803622 +0530,
150,v,113,113,30,v,1,0.4133485830097925,None,,,,,30,113,113,1,738.5547027499997,,738.5457429590024,738.5547027499997,739.5464865420072,739.5464865420072,739.5464865420072,739.5464865420072,739.5464865420072,740.544739917008,740.544739917008,740.9620474170079,,,,,v,1,0.4133485830097925,None,5,001,2025-10-02_18h28.59.078,motor sequence learning,,2025.1.1,None,2025-10-02 18h29.26.803622 +0530,
50,c,114,114,23,c,1,1.1632634999987204,None,,,,,23,114,114,2,740.986929125007,,740.962465500008,740.986929125007,741.9630753340025,741.9630753340025,741.9630753340025,741.9630753340025,741.9778923340054,742.9616494170041,742.9616494170041,744.1268992499972,,,,,c,1,1.1632634999987204,None,5,001,2025-10-02_18h28.59.078,motor sequence learning,,2025.1.1,None,2025-10-02 18h29.26.803622 +0530,
150,v,115,115,31,v,1,0.5439090410072822,None,,,,,31,115,115,1,744.135545666999,,744.1273094589997,744.135545666999,745.1189524590009,745.1189524590009,745.1189524590009,745.1189524590009,745.1267892500036,746.1200548750057,746.1200548750057,746.6709713750024,,,,,v,1,0.5439090410072822,None,5,001,2025-10-02_18h28.59.078,motor sequence learning,,2025.1.1,None,2025-10-02 18h29.26.803622 +0530,
-150,z,116,116,28,x,0,0.36776104201271664,None,,,,,28,116,116,3,746.6798302499956,,746.6714397089963,746.6798302499956,747.6621987499966,747.6621987499966,747.6621987499966,747.6621987499966,747.669128249996,748.6611637919996,748.6611637919996,749.0372754169948,,,,,x,0,0.36776104201271664,None,5,001,2025-10-02_18h28.59.078,motor sequence learning,,2025.1.1,None,2025-10-02 18h29.26.803622 +0530,
50,c,117,117,24,c,1,0.45566120800503995,None,,,,,24,117,117,2,749.0458919170051,,749.0377787920006,749.0458919170051,750.0285063750052,750.0285063750052,750.0285063750052,750.0285063750052,750.035683042006,751.0281567920028,751.0281567920028,751.4880566250067,,,,,c,1,0.45566120800503995,None,5,001,2025-10-02_18h28.59.078,motor sequence learning,,2025.1.1,None,2025-10-02 18h29.26.803622 +0530,
150,v,118,118,32,v,1,0.8387293330015382,None,,,,,32,118,118,1,751.496454542008,,751.488524291999,751.496454542008,752.4795366250037,752.4795366250037,752.4795366250037,752.4795366250037,752.486977624998,753.4781107089948,753.4781107089948,754.3219357920025,,,,,v,1,0.8387293330015382,None,5,001,2025-10-02_18h28.59.078,motor sequence learning,,2025.1.1,None,2025-10-02 18h29.26.803622 +0530,
-150,z,119,119,29,z,1,1.1725727489974815,None,,,,,29,119,119,3,754.3306679590023,,754.3223587090033,754.3306679590023,755.3190391249955,755.3190391249955,755.3190391249955,755.3190391249955,755.3266955419967,756.3191127089958,756.3191127089958,757.4953485839942,,,,,z,1,1.1725727489974815,None,5,001,2025-10-02_18h28.59.078,motor sequence learning,,2025.1.1,None,2025-10-02 18h29.26.803622 +0530,
50,c,120,120,25,c,1,1.7607013329979964,None,,,,,25,120,120,2,757.5040634589968,,757.4958185840078,757.5040634589968,758.4963526670035,758.4963526670035,758.4963526670035,758.4963526670035,758.4963526670035,759.4949442920042,759.4949442920042,761.2612224589975,,,,,c,1,1.7607013329979964,None,5,001,2025-10-02_18h28.59.078,motor sequence learning,,2025.1.1,None,2025-10-02 18h29.26.803622 +0530,
-150,z,121,121,30,z,1,0.5463035829889122,None,,,,,30,121,121,3,761.2691274590034,,761.261592625,761.2691274590034,762.2609247920045,762.2609247920045,762.2609247920045,762.2609247920045,762.2609247920045,763.2591914590012,763.2591914590012,763.8098647919978,,,,,z,1,0.5463035829889122,None,5,001,2025-10-02_18h28.59.078,motor sequence learning,,2025.1.1,None,2025-10-02 18h29.26.803622 +0530,
150,v,122,122,33,v,1,0.5041657490073703,None,,,,,33,122,122,1,763.8190303339943,,763.810259417005,763.8190303339943,764.803604708999,764.803604708999,764.803604708999,764.803604708999,764.8101841250027,765.8023462499987,765.8023462499987,766.3111861250072,,,,,v,1,0.5041657490073703,None,5,001,2025-10-02_18h28.59.078,motor sequence learning,,2025.1.1,None,2025-10-02 18h29.26.803622 +0530,
-50,x,123,123,32,x,1,0.40827083299518563,None,,,,,32,123,123,0,766.319412249999,,766.3115312919981,766.319412249999,767.3110025839997,767.3110025839997,767.3110025839997,767.3110025839997,767.3110025839997,768.302294292007,768.302294292007,768.7215932090039,,,,,x,1,0.40827083299518563,None,5,001,2025-10-02_18h28.59.078,motor sequence learning,,2025.1.1,None,2025-10-02 18h29.26.803622 +0530,
-150,z,124,124,31,z,1,0.48214950000692625,None,,,,,31,124,124,3,768.730249166998,,768.7220102090068,768.730249166998,769.7130842500046,769.7130842500046,769.7130842500046,769.7130842500046,769.7209395840036,770.7193652499991,770.7193652499991,771.2050887500081,,,,,z,1,0.48214950000692625,None,5,001,2025-10-02_18h28.59.078,motor sequence learning,,2025.1.1,None,2025-10-02 18h29.26.803622 +0530,
-50,x,125,125,33,z,0,0.38649895798880607,None,,,,,33,125,125,0,771.2143768749957,,771.2055505000026,771.2143768749957,772.2039051250031,772.2039051250031,772.2039051250031,772.2039051250031,772.2120805419981,773.2038518339978,773.2038518339978,773.5939443749958,,,,,z,0,0.38649895798880607,None,5,001,2025-10-02_18h28.59.078,motor sequence learning,,2025.1.1,None,2025-10-02 18h29.26.803622 +0530,
50,c,126,126,26,c,1,0.4345603739930084,None,,,,,26,126,126,2,773.602360667006,,773.594280499994,773.602360667006,774.5862190420012,774.5862190420012,774.5862190420012,774.5862190420012,774.5940915840038,775.5857457090024,775.5857457090024,776.0217875840026,,,,,c,1,0.4345603739930084,None,5,001,2025-10-02_18h28.59.078,motor sequence learning,,2025.1.1,None,2025-10-02 18h29.26.803622 +0530,
-150,z,127,127,32,z,1,0.42187133300467394,None,,,,,32,127,127,3,776.0310654170025,,776.0222412090079,776.0310654170025,777.0202877499978,777.0202877499978,777.0202877499978,777.0202877499978,777.028064166996,778.020364416996,778.020364416996,778.4451294589962,,,,,z,1,0.42187133300467394,None,5,001,2025-10-02_18h28.59.078,motor sequence learning,,2025.1.1,None,2025-10-02 18h29.26.803622 +0530,
50,c,128,128,27,c,1,0.6816271669958951,None,,,,,27,128,128,2,778.4536431669985,,778.4455710420007,778.4536431669985,779.4443841250031,779.4443841250031,779.4443841250031,779.4443841250031,779.4443841250031,780.4434674590011,780.4434674590011,781.1289003340062,,,,,c,1,0.6816271669958951,None,5,001,2025-10-02_18h28.59.078,motor sequence learning,,2025.1.1,None,2025-10-02 18h29.26.803622 +0530,
150,v,129,129,34,v,1,0.5962586660025408,None,,,,,34,129,129,1,781.1538852920057,,781.1293138750043,781.1538852920057,782.129016167004,782.129016167004,782.129016167004,782.129016167004,782.1446029590006,783.1278627090069,783.1278627090069,783.7264312920015,,,,,v,1,0.5962586660025408,None,5,001,2025-10-02_18h28.59.078,motor sequence learning,,2025.1.1,None,2025-10-02 18h29.26.803622 +0530,
50,c,130,130,28,x,0,0.4607620830065571,None,,,,,28,130,130,2,783.7357323750039,,783.7267939169978,783.7357323750039,784.7194737090031,784.7194737090031,784.7194737090031,784.7194737090031,784.727117500006,785.7283358749992,785.7283358749992,786.1935840840015,,,,,x,0,0.4607620830065571,None,5,001,2025-10-02_18h28.59.078,motor sequence learning,,2025.1.1,None,2025-10-02 18h29.26.803622 +0530,
-50,x,131,131,34,x,1,0.40305695799179375,None,,,,,34,131,131,0,786.2023466249957,,786.1939730839949,786.2023466249957,787.195220374997,787.195220374997,787.195220374997,787.195220374997,787.195220374997,788.1859820420068,788.1859820420068,788.5951952500036,,,,,x,1,0.40305695799179375,None,5,001,2025-10-02_18h28.59.078,motor sequence learning,,2025.1.1,None,2025-10-02 18h29.26.803622 +0530,
-150,z,132,132,33,z,1,0.4448345410055481,None,,,,,33,132,132,3,788.6038160000026,,788.595542916999,788.6038160000026,789.5950232089963,789.5950232089963,789.5950232089963,789.5950232089963,789.5950232089963,790.595168084008,790.595168084008,791.0425855420035,,,,,z,1,0.4448345410055481,None,5,001,2025-10-02_18h28.59.078,motor sequence learning,,2025.1.1,None,2025-10-02 18h29.26.803622 +0530,
50,c,133,133,29,c,1,0.29716937500052154,None,,,,,29,133,133,2,791.0539335840003,,791.0429407920019,791.0539335840003,792.0357960840047,792.0357960840047,792.0357960840047,792.0357960840047,792.0536122500052,793.0357589589985,793.0357589589985,793.3379598339961,,,,,c,1,0.29716937500052154,None,5,001,2025-10-02_18h28.59.078,motor sequence learning,,2025.1.1,None,2025-10-02 18h29.26.803622 +0530,
150,v,134,134,35,v,1,0.485455500005628,None,,,,,35,134,134,1,793.3453200840013,,793.3382840840059,793.3453200840013,794.3301992089982,794.3301992089982,794.3301992089982,794.3301992089982,794.3380734999955,795.3374195420038,795.3374195420038,795.8288210839964,,,,,v,1,0.485455500005628,None,5,001,2025-10-02_18h28.59.078,motor sequence learning,,2025.1.1,None,2025-10-02 18h29.26.803622 +0530,
-150,z,135,135,34,z,1,0.4963629160047276,None,,,,,34,135,135,3,795.8375517090026,,795.8292728749948,795.8375517090026,796.8300921250047,796.8300921250047,796.8300921250047,796.8300921250047,796.8300921250047,797.8283837500057,797.8283837500057,798.3285362089955,,,,,z,1,0.4963629160047276,None,5,001,2025-10-02_18h28.59.078,motor sequence learning,,2025.1.1,None,2025-10-02 18h29.26.803622 +0530,
50,c,136,136,30,c,1,0.5884819159982726,None,,,,,30,136,136,2,798.3372854589979,,798.3289802500076,798.3372854589979,799.3284879169951,799.3284879169951,799.3284879169951,799.3284879169951,799.3284879169951,800.3283774589945,800.3283774589945,800.9216012090037,,,,,c,1,0.5884819159982726,None,5,001,2025-10-02_18h28.59.078,motor sequence learning,,2025.1.1,None,2025-10-02 18h29.26.803622 +0530,
50,c,137,137,31,c,1,0.7861745410045842,None,,,,,31,137,137,2,800.929723084002,,800.9220097920042,800.929723084002,801.9198502090003,801.9198502090003,801.9198502090003,801.9198502090003,801.927089083998,802.9204313340015,802.9204313340015,803.709850750005,,,,,c,1,0.7861745410045842,None,5,001,2025-10-02_18h28.59.078,motor sequence learning,,2025.1.1,None,2025-10-02 18h29.26.803622 +0530,
150,v,138,138,36,v,1,0.45913333298813086,None,,,,,36,138,138,1,803.7191070840054,,803.710274750003,803.7191070840054,804.7111050840031,804.7111050840031,804.7111050840031,804.7111050840031,804.7111050840031,805.7035378340079,805.7035378340079,806.1715362499963,,,,,v,1,0.45913333298813086,None,5,001,2025-10-02_18h28.59.078,motor sequence learning,,2025.1.1,None,2025-10-02 18h29.26.803622 +0530,
50,c,139,139,32,x,0,0.47098783300316427,None,,,,,32,139,139,2,806.1796269170009,,806.1719145420066,806.1796269170009,807.1624179589999,807.1624179589999,807.1624179589999,807.1624179589999,807.1699517090019,808.1615250000032,808.1615250000032,808.6383412499999,,,,,x,0,0.47098783300316427,None,5,001,2025-10-02_18h28.59.078,motor sequence learning,,2025.1.1,None,2025-10-02 18h29.26.803622 +0530,
50,c,140,140,33,c,1,0.43389404100889806,None,,,,,33,140,140,2,808.6467995419953,,808.6387907089957,808.6467995419953,809.6301385840052,809.6301385840052,809.6301385840052,809.6301385840052,809.6379459589953,810.6286330840085,810.6286330840085,811.0710134999972,,,,,c,1,0.43389404100889806,None,5,001,2025-10-02_18h28.59.078,motor sequence learning,,2025.1.1,None,2025-10-02 18h29.26.803622 +0530,
150,v,141,141,37,v,1,0.5227807500050403,None,,,,,37,141,141,1,811.077857833996,,811.0713809169974,811.077857833996,812.0633707499946,812.0633707499946,812.0633707499946,812.0633707499946,812.0709506249987,813.0607615839981,813.0607615839981,813.5884293340059,,,,,v,1,0.5227807500050403,None,5,001,2025-10-02_18h28.59.078,motor sequence learning,,2025.1.1,None,2025-10-02 18h29.26.803622 +0530,
-150,z,142,142,35,z,1,0.5359877909941133,None,,,,,35,142,142,3,813.5972962920059,,813.5888440419949,813.5972962920059,814.5866315839958,814.5866315839958,814.5866315839958,814.5866315839958,814.594070459003,815.5863125839969,815.5863125839969,816.1273089589959,,,,,z,1,0.5359877909941133,None,5,001,2025-10-02_18h28.59.078,motor sequence learning,,2025.1.1,None,2025-10-02 18h29.26.803622 +0530,
150,v,143,143,38,v,1,0.543087750003906,None,,,,,38,143,143,1,816.1359177919949,,816.1277675000019,816.1359177919949,817.1292214999994,817.1292214999994,817.1292214999994,817.1292214999994,817.1292214999994,818.1282214999956,818.1282214999956,818.6778385840007,,,,,v,1,0.543087750003906,None,5,001,2025-10-02_18h28.59.078,motor sequence learning,,2025.1.1,None,2025-10-02 18h29.26.803622 +0530,
-50,x,144,144,35,z,0,0.49389370800054166,None,,,,,35,144,144,0,818.6864496670023,,818.678252209007,818.6864496670023,819.6791875000054,819.6791875000054,819.6791875000054,819.6791875000054,819.6791875000054,820.6692465420056,820.6692465420056,821.1717130000034,,,,,z,0,0.49389370800054166,None,5,001,2025-10-02_18h28.59.078,motor sequence learning,,2025.1.1,None,2025-10-02 18h29.26.803622 +0530,
-150,z,145,145,36,z,1,0.7522429170057876,None,,,,,36,145,145,3,821.1798192499991,,821.1723020420031,821.1798192499991,822.1703321249952,822.1703321249952,822.1703321249952,822.1703321249952,822.1773450000037,823.1700030000065,823.1700030000065,823.9278432090068,,,,,z,1,0.7522429170057876,None,5,001,2025-10-02_18h28.59.078,motor sequence learning,,2025.1.1,None,2025-10-02 18h29.26.803622 +0530,
50,c,146,146,34,c,1,0.7758495410089381,None,,,,,34,146,146,2,823.9359416250081,,823.9283253750036,823.9359416250081,824.9302698340034,824.9302698340034,824.9302698340034,824.9302698340034,824.9302698340034,825.9192950419965,825.9192950419965,826.7050072499987,,,,,c,1,0.7758495410089381,None,5,001,2025-10-02_18h28.59.078,motor sequence learning,,2025.1.1,None,2025-10-02 18h29.26.803622 +0530,
150,v,147,147,39,v,1,0.5941567080008099,None,,,,,39,147,147,1,826.7134199590073,,826.7054500420054,826.7134199590073,827.6980875419977,827.6980875419977,827.6980875419977,827.6980875419977,827.7214911670017,828.6949914169963,828.6949914169963,829.295899417004,,,,,v,1,0.5941567080008099,None,5,001,2025-10-02_18h28.59.078,motor sequence learning,,2025.1.1,None,2025-10-02 18h29.26.803622 +0530,
-150,z,148,148,37,z,1,0.4064400829956867,None,,,,,37,148,148,3,829.3043929590058,,829.2962426669983,829.3043929590058,830.2962812089972,830.2962812089972,830.2962812089972,830.2962812089972,830.2962812089972,831.2945309170027,831.2945309170027,831.7050344169984,,,,,z,1,0.4064400829956867,None,5,001,2025-10-02_18h28.59.078,motor sequence learning,,2025.1.1,None,2025-10-02 18h29.26.803622 +0530,
-150,z,149,149,38,z,1,0.6162338750000345,None,,,,,38,149,149,3,831.7144762499956,,831.7055136249983,831.7144762499956,832.6951664170047,832.6951664170047,832.6951664170047,832.6951664170047,832.709715459001,833.6948026669997,833.6948026669997,834.3221349170053,,,,,z,1,0.6162338750000345,None,5,001,2025-10-02_18h28.59.078,motor sequence learning,,2025.1.1,None,2025-10-02 18h29.26.803622 +0530,
150,v,150,150,40,v,1,0.5771218750014668,None,,,,,40,150,150,1,834.3312704169948,,834.3226274589979,834.3312704169948,835.3195202920033,835.3195202920033,835.3195202920033,835.3195202920033,835.327358709008,836.3205168340064,836.3205168340064,836.9050528340013,,,,,v,1,0.5771218750014668,None,5,001,2025-10-02_18h28.59.078,motor sequence learning,,2025.1.1,None,2025-10-02 18h29.26.803622 +0530,
-50,x,151,151,36,x,1,0.9630534579919185,None,,,,,36,151,151,0,836.9144294590078,,836.905624417006,836.9144294590078,837.9038083750056,837.9038083750056,837.9038083750056,837.9038083750056,837.9108043339947,838.9038737090013,838.9038737090013,839.8714723339945,,,,,x,1,0.9630534579919185,None,5,001,2025-10-02_18h28.59.078,motor sequence learning,,2025.1.1,None,2025-10-02 18h29.26.803622 +0530,
-150,z,152,152,39,z,1,0.9503493749944028,None,,,,,39,152,152,3,839.8766781669983,,839.8720336249971,839.8766781669983,840.8704133749998,840.8704133749998,840.8704133749998,840.8704133749998,840.8775973339943,841.8601849170082,841.8601849170082,842.8121470839978,,,,,z,1,0.9503493749944028,None,5,001,2025-10-02_18h28.59.078,motor sequence learning,,2025.1.1,None,2025-10-02 18h29.26.803622 +0530,
150,v,153,153,41,v,1,1.1852712920081103,None,,,,,41,153,153,1,842.8196096250031,,842.8126173750061,842.8196096250031,843.8132946670084,843.8132946670084,843.8132946670084,843.8132946670084,843.8132946670084,844.8115346669947,844.8115346669947,846.003823084,,,,,v,1,1.1852712920081103,None,5,001,2025-10-02_18h28.59.078,motor sequence learning,,2025.1.1,None,2025-10-02 18h29.26.803622 +0530,
-50,x,154,154,37,x,1,0.5968520829919726,None,,,,,37,154,154,0,846.0119098750001,,846.0041735419945,846.0119098750001,846.9966050000075,846.9966050000075,846.9966050000075,846.9966050000075,847.0041816250014,847.9939112919965,847.9939112919965,848.5957129169983,,,,,x,1,0.5968520829919726,None,5,001,2025-10-02_18h28.59.078,motor sequence learning,,2025.1.1,None,2025-10-02 18h29.26.803622 +0530,
150,v,155,155,42,v,1,0.35815020800509956,None,,,,,42,155,155,1,848.6047326669941,,848.5961702920031,848.6047326669941,849.5959998339968,849.5959998339968,849.5959998339968,849.5959998339968,849.6028169170022,850.5935166249983,850.5935166249983,850.955592667,,,,,v,1,0.35815020800509956,None,5,001,2025-10-02_18h28.59.078,motor sequence learning,,2025.1.1,None,2025-10-02 18h29.26.803622 +0530,
50,c,156,156,35,c,1,0.3697572920063976,None,,,,,35,156,156,2,850.9652774169954,,850.9560824590008,850.9652774169954,851.952940874995,851.952940874995,851.952940874995,851.952940874995,851.9607060419949,852.9538677920063,852.9538677920063,853.3270542499959,,,,,c,1,0.3697572920063976,None,5,001,2025-10-02_18h28.59.078,motor sequence learning,,2025.1.1,None,2025-10-02 18h29.26.803622 +0530,
-50,x,157,157,38,x,1,0.7110939170088386,None,,,,,38,157,157,0,853.336016250003,,853.3273973750038,853.336016250003,854.3206190000055,854.3206190000055,854.3206190000055,854.3206190000055,854.328413958996,855.3204724170064,855.3204724170064,856.0378737090068,,,,,x,1,0.7110939170088386,None,5,001,2025-10-02_18h28.59.078,motor sequence learning,,2025.1.1,None,2025-10-02 18h29.26.803622 +0530,
150,v,158,158,43,v,1,0.9200594579888275,None,,,,,43,158,158,1,856.0457139589998,,856.0382168340002,856.0457139589998,857.029263999997,857.029263999997,857.029263999997,857.029263999997,857.036492625004,858.0284450000036,858.0284450000036,858.9549947089981,,,,,v,1,0.9200594579888275,None,5,001,2025-10-02_18h28.59.078,motor sequence learning,,2025.1.1,None,2025-10-02 18h29.26.803622 +0530,
-150,z,159,159,40,z,1,0.4298570410028333,None,,,,,40,159,159,3,858.9645254170027,,858.9554500420054,858.9645254170027,859.9536907500005,859.9536907500005,859.9536907500005,859.9536907500005,859.9613482919958,860.9455259170063,860.9455259170063,861.3778807920025,,,,,z,1,0.4298570410028333,None,5,001,2025-10-02_18h28.59.078,motor sequence learning,,2025.1.1,None,2025-10-02 18h29.26.803622 +0530,
-50,x,160,160,39,x,1,0.3070109580003191,None,,,,,39,160,160,0,861.387275000001,,861.3782861670043,861.387275000001,862.3796642090019,862.3796642090019,862.3796642090019,862.3796642090019,862.3796642090019,863.369416667003,863.369416667003,863.6788417920034,,,,,x,1,0.3070109580003191,None,5,001,2025-10-02_18h28.59.078,motor sequence learning,,2025.1.1,None,2025-10-02 18h29.26.803622 +0530,
50,c,161,161,36,c,1,0.5290557500120485,None,,,,,36,161,161,2,863.6874804170075,,863.679293084002,863.6874804170075,864.6790210839972,864.6790210839972,864.6790210839972,864.6790210839972,864.6790210839972,865.6772851669957,865.6772851669957,866.2116182089958,,,,,c,1,0.5290557500120485,None,5,001,2025-10-02_18h28.59.078,motor sequence learning,,2025.1.1,None,2025-10-02 18h29.26.803622 +0530,
150,v,162,162,44,v,1,0.2552393329970073,None,,,,,44,162,162,1,866.2205067500036,,866.2119722089992,866.2205067500036,867.2028532499971,867.2028532499971,867.2028532499971,867.2028532499971,867.2103600840055,868.2030560840067,868.2030560840067,868.4608975419978,,,,,v,1,0.2552393329970073,None,5,001,2025-10-02_18h28.59.078,motor sequence learning,,2025.1.1,None,2025-10-02 18h29.26.803622 +0530,
50,c,163,163,37,c,1,0.29535566599224694,None,,,,,37,163,163,2,868.4693824169954,,868.4612448340049,868.4693824169954,869.4634161669965,869.4634161669965,869.4634161669965,869.4634161669965,869.4634161669965,870.4608944170031,870.4608944170031,870.7590573750058,,,,,c,1,0.29535566599224694,None,5,001,2025-10-02_18h28.59.078,motor sequence learning,,2025.1.1,None,2025-10-02 18h29.26.803622 +0530,
50,c,164,164,38,c,1,0.46496445800585207,None,,,,,38,164,164,2,870.7709349170036,,870.7593980840029,870.7709349170036,871.7537646669953,871.7537646669953,871.7537646669953,871.7537646669953,871.7614177500072,872.7542364590045,872.7542364590045,873.2217563750019,,,,,c,1,0.46496445800585207,None,5,001,2025-10-02_18h28.59.078,motor sequence learning,,2025.1.1,None,2025-10-02 18h29.26.803622 +0530,
-50,x,165,165,40,x,1,0.4034352909948211,None,,,,,40,165,165,0,873.2263240419998,,873.222199166994,873.2263240419998,874.2208406669961,874.2208406669961,874.2208406669961,874.2208406669961,874.2208406669961,875.2206818340055,875.2206818340055,875.6294592500053,,,,,x,1,0.4034352909948211,None,5,001,2025-10-02_18h28.59.078,motor sequence learning,,2025.1.1,None,2025-10-02 18h29.26.803622 +0530,
150,v,166,166,45,v,1,0.3792270410049241,None,,,,,45,166,166,1,875.6377680839942,,875.6298669170064,875.6377680839942,876.6286749169958,876.6286749169958,876.6286749169958,876.6286749169958,876.6286749169958,877.6288801250048,877.6288801250048,878.0101319999958,,,,,v,1,0.3792270410049241,None,5,001,2025-10-02_18h28.59.078,motor sequence learning,,2025.1.1,None,2025-10-02 18h29.26.803622 +0530,
150,v,167,167,46,v,1,0.20566445800068323,None,,,,,46,167,167,1,878.0202121670009,,878.010455124997,878.0202121670009,879.0028679590032,879.0028679590032,879.0028679590032,879.0028679590032,879.0104974590067,880.0043050420063,880.0043050420063,880.2124089999998,,,,,v,1,0.20566445800068323,None,5,001,2025-10-02_18h28.59.078,motor sequence learning,,2025.1.1,None,2025-10-02 18h29.26.803622 +0530,
-150,z,168,168,41,z,1,0.38720587400894146,None,,,,,41,168,168,3,880.2375072499999,,880.212849625008,880.2375072499999,881.2137269999948,881.2137269999948,881.2137269999948,881.2137269999948,881.2289480420004,882.2117587090033,882.2117587090033,882.6053965839965,,,,,z,1,0.38720587400894146,None,5,001,2025-10-02_18h28.59.078,motor sequence learning,,2025.1.1,None,2025-10-02 18h29.26.803622 +0530,
150,v,169,169,47,v,1,0.6739850829908391,None,,,,,47,169,169,1,882.6137047090015,,882.6058065420075,882.6137047090015,883.5968371250055,883.5968371250055,883.5968371250055,883.5968371250055,883.6043554589996,884.6039159170032,884.6039159170032,885.2791129170073,,,,,v,1,0.6739850829908391,None,5,001,2025-10-02_18h28.59.078,motor sequence learning,,2025.1.1,None,2025-10-02 18h29.26.803622 +0530,
150,v,170,170,48,v,1,0.6102800410008058,None,,,,,48,170,170,1,885.2862088749971,,885.2795437500026,885.2862088749971,886.2799342090002,886.2799342090002,886.2799342090002,886.2799342090002,886.2799342090002,887.2785039589944,887.2785039589944,887.8959355420084,,,,,v,1,0.6102800410008058,None,5,001,2025-10-02_18h28.59.078,motor sequence learning,,2025.1.1,None,2025-10-02 18h29.26.803622 +0530,
50,c,171,171,39,c,1,0.4427032910025446,None,,,,,39,171,171,2,887.9051702919969,,887.8963424999965,887.9051702919969,888.8969547919987,888.8969547919987,888.8969547919987,888.8969547919987,888.8969547919987,889.8950905840029,889.8950905840029,890.3440560419986,,,,,c,1,0.4427032910025446,None,5,001,2025-10-02_18h28.59.078,motor sequence learning,,2025.1.1,None,2025-10-02 18h29.26.803622 +0530,
-150,z,172,172,42,z,1,0.37908866700308863,None,,,,,42,172,172,3,890.352800624998,,890.3443995840062,890.352800624998,891.3451670840004,891.3451670840004,891.3451670840004,891.3451670840004,891.3451670840004,892.3365345839993,892.3365345839993,892.7220832089952,,,,,z,1,0.37908866700308863,None,5,001,2025-10-02_18h28.59.078,motor sequence learning,,2025.1.1,None,2025-10-02 18h29.26.803622 +0530,
-50,x,173,173,41,x,1,0.8435947910038522,None,,,,,41,173,173,0,892.7298089999967,,892.7225013340067,892.7298089999967,893.7203006670024,893.7203006670024,893.7203006670024,893.7203006670024,893.7282973340043,894.721026291998,894.721026291998,895.5712397919997,,,,,x,1,0.8435947910038522,None,5,001,2025-10-02_18h28.59.078,motor sequence learning,,2025.1.1,None,2025-10-02 18h29.26.803622 +0530,
-50,x,174,174,42,x,1,1.3799164579977514,None,,,,,42,174,174,0,895.5796165000065,,895.5716154999973,895.5796165000065,896.5625001669978,896.5625001669978,896.5625001669978,896.5625001669978,896.5696230419999,897.5607037919981,897.5607037919981,898.9446554589958,,,,,x,1,1.3799164579977514,None,5,001,2025-10-02_18h28.59.078,motor sequence learning,,2025.1.1,None,2025-10-02 18h29.26.803622 +0530,
-50,x,175,175,43,x,1,0.8243379580089822,None,,,,,43,175,175,0,898.9536484169948,,898.9450875420007,898.9536484169948,899.936270834005,899.936270834005,899.936270834005,899.936270834005,899.944369208999,900.9362242500065,900.9362242500065,901.7622410839977,,,,,x,1,0.8243379580089822,None,5,001,2025-10-02_18h28.59.078,motor sequence learning,,2025.1.1,None,2025-10-02 18h29.26.803622 +0530,
-50,x,176,176,44,c,0,0.5507098749949364,None,,,,,44,176,176,0,901.7710669590015,,901.7626687500015,901.7710669590015,902.7636048749991,902.7636048749991,902.7636048749991,902.7636048749991,902.7636048749991,903.7528037919983,903.7528037919983,904.3101987919945,,,,,c,0,0.5507098749949364,None,5,001,2025-10-02_18h28.59.078,motor sequence learning,,2025.1.1,None,2025-10-02 18h29.26.803622 +0530,
50,c,177,177,40,c,1,0.26622233299713116,None,,,,,40,177,177,2,904.3198999589949,,904.3105225000036,904.3198999589949,905.3043936670001,905.3043936670001,905.3043936670001,905.3043936670001,905.3120958750078,906.3031320000009,906.3031320000009,906.5723649590072,,,,,c,1,0.26622233299713116,None,5,001,2025-10-02_18h28.59.078,motor sequence learning,,2025.1.1,None,2025-10-02 18h29.26.803622 +0530,
50,c,178,178,41,c,1,0.9806306250102352,None,,,,,41,178,178,2,906.5810867920081,,906.572805792006,906.5810867920081,907.5706542499975,907.5706542499975,907.5706542499975,907.5706542499975,907.577951875006,908.5707336250052,908.5707336250052,909.5552402089961,,,,,c,1,0.9806306250102352,None,5,001,2025-10-02_18h28.59.078,motor sequence learning,,2025.1.1,None,2025-10-02 18h29.26.803622 +0530,
50,c,179,179,42,c,1,0.38338587500038557,None,,,,,42,179,179,2,909.5638001670013,,909.5556620419957,909.5638001670013,910.5540290839999,910.5540290839999,910.5540290839999,910.5540290839999,910.5617160420079,911.5448122920061,911.5448122920061,911.942807667001,,,,,c,1,0.38338587500038557,None,5,001,2025-10-02_18h28.59.078,motor sequence learning,,2025.1.1,None,2025-10-02 18h29.26.803622 +0530,
-150,z,180,180,43,z,1,0.5030232910066843,None,,,,,43,180,180,3,911.953977875004,,911.9431065840035,911.953977875004,912.9374434170022,912.9374434170022,912.9374434170022,912.9374434170022,912.9442085420014,913.9362169170054,913.9362169170054,914.444159791994,,,,,z,1,0.5030232910066843,None,5,001,2025-10-02_18h28.59.078,motor sequence learning,,2025.1.1,None,2025-10-02 18h29.26.803622 +0530,
-50,x,181,181,45,x,1,0.9656780420045834,None,,,,,45,181,181,0,914.4528645840037,,914.4445026250032,914.4528645840037,915.4363890420063,915.4363890420063,915.4363890420063,915.4363890420063,915.4441013339965,916.4363737920066,916.4363737920066,917.4040352089942,,,,,x,1,0.9656780420045834,None,5,001,2025-10-02_18h28.59.078,motor sequence learning,,2025.1.1,None,2025-10-02 18h29.26.803622 +0530,
-50,x,182,182,46,x,1,0.6298232499975711,None,,,,,46,182,182,0,917.4089898749953,,917.4044944589987,917.4089898749953,918.3969131670019,918.3969131670019,918.3969131670019,918.3969131670019,918.4045115420013,919.3952090420062,919.3952090420062,920.0263038340054,,,,,x,1,0.6298232499975711,None,5,001,2025-10-02_18h28.59.078,motor sequence learning,,2025.1.1,None,2025-10-02 18h29.26.803622 +0530,
-150,z,183,183,44,z,1,0.7115766250062734,None,,,,,44,183,183,3,920.0378508340073,,920.0267300419946,920.0378508340073,921.0197369170055,921.0197369170055,921.0197369170055,921.0197369170055,921.0373872920027,922.0213467919966,922.0213467919966,922.7389900840062,,,,,z,1,0.7115766250062734,None,5,001,2025-10-02_18h28.59.078,motor sequence learning,,2025.1.1,None,2025-10-02 18h29.26.803622 +0530,
-150,z,184,184,45,z,1,0.4806685829971684,None,,,,,45,184,184,3,922.7477732919942,,922.7394705000042,922.7477732919942,923.7296960840031,923.7296960840031,923.7296960840031,923.7296960840031,923.7449747089995,924.7363554589974,924.7363554589974,925.2207545840065,,,,,z,1,0.4806685829971684,None,5,001,2025-10-02_18h28.59.078,motor sequence learning,,2025.1.1,None,2025-10-02 18h29.26.803622 +0530,
-150,z,185,185,46,z,1,0.4607243749924237,None,,,,,46,185,185,3,925.228773416995,,925.2211755419994,925.228773416995,926.212217584005,926.212217584005,926.212217584005,926.212217584005,926.2197286250012,927.210188416997,927.210188416997,927.6771094590076,,,,,z,1,0.4607243749924237,None,5,001,2025-10-02_18h28.59.078,motor sequence learning,,2025.1.1,None,2025-10-02 18h29.26.803622 +0530,
50,c,186,186,43,c,1,0.5339072500064503,None,,,,,43,186,186,2,927.6863125840027,,927.6774628340063,927.6863125840027,928.6702380420029,928.6702380420029,928.6702380420029,928.6702380420029,928.6769004590024,929.6760060420056,929.6760060420056,930.2219845000072,,,,,c,1,0.5339072500064503,None,5,001,2025-10-02_18h28.59.078,motor sequence learning,,2025.1.1,None,2025-10-02 18h29.26.803622 +0530,
50,c,187,187,44,c,1,0.6000543739937712,None,,,,,44,187,187,2,930.2302504170075,,930.2224322090042,930.2302504170075,931.2136867499939,931.2136867499939,931.2136867499939,931.2136867499939,931.2209059169982,932.220819833994,932.220819833994,932.8222665000067,,,,,c,1,0.6000543739937712,None,5,001,2025-10-02_18h28.59.078,motor sequence learning,,2025.1.1,None,2025-10-02 18h29.26.803622 +0530,
-150,z,188,188,47,z,1,1.0125540000008186,None,,,,,47,188,188,3,932.8302484169981,,932.8226839169947,932.8302484169981,933.813583916999,933.813583916999,933.813583916999,933.813583916999,933.8212793340062,934.821077583998,934.821077583998,935.8391786249995,,,,,z,1,1.0125540000008186,None,5,001,2025-10-02_18h28.59.078,motor sequence learning,,2025.1.1,None,2025-10-02 18h29.26.803622 +0530,
-50,x,189,189,47,x,1,0.5118262079922715,None,,,,,47,189,189,0,935.8489914170059,,935.839665624997,935.8489914170059,936.8314984589961,936.8314984589961,936.8314984589961,936.8314984589961,936.8546202090074,937.8379057919956,937.8379057919956,938.3557948749949,,,,,x,1,0.5118262079922715,None,5,001,2025-10-02_18h28.59.078,motor sequence learning,,2025.1.1,None,2025-10-02 18h29.26.803622 +0530,
-150,z,190,190,48,z,1,0.4706862919993,None,,,,,48,190,190,3,938.3637602499948,,938.3562744170049,938.3637602499948,939.3546282919997,939.3546282919997,939.3546282919997,939.3546282919997,939.3623150000058,940.3529847500031,940.3529847500031,940.8284591669944,,,,,z,1,0.4706862919993,None,5,001,2025-10-02_18h28.59.078,motor sequence learning,,2025.1.1,None,2025-10-02 18h29.26.803622 +0530,
-150,z,191,191,49,z,1,0.4308046660007676,None,,,,,49,191,191,3,940.8364259590016,,940.8288013340061,940.8364259590016,941.8301541249966,941.8301541249966,941.8301541249966,941.8301541249966,941.8301541249966,942.8277660000022,942.8277660000022,943.2628693340084,,,,,z,1,0.4308046660007676,None,5,001,2025-10-02_18h28.59.078,motor sequence learning,,2025.1.1,None,2025-10-02 18h29.26.803622 +0530,
50,c,192,192,45,c,1,0.7968702919897623,None,,,,,45,192,192,2,943.2718781669973,,943.2633268339996,943.2718781669973,944.2613725419942,944.2613725419942,944.2613725419942,944.2613725419942,944.2699695420015,945.2616386669979,945.2616386669979,946.0600297500059,,,,,c,1,0.7968702919897623,None,5,001,2025-10-02_18h28.59.078,motor sequence learning,,2025.1.1,None,2025-10-02 18h29.26.803622 +0530,
50,c,193,193,46,c,1,0.4072665420098929,None,,,,,46,193,193,2,946.0709597090026,,946.0603751250019,946.0709597090026,947.0539862090081,947.0539862090081,947.0539862090081,947.0539862090081,947.0614129589958,948.0540883750073,948.0540883750073,948.4624579999945,,,,,c,1,0.4072665420098929,None,5,001,2025-10-02_18h28.59.078,motor sequence learning,,2025.1.1,None,2025-10-02 18h29.26.803622 +0530,
150,v,194,194,49,v,1,0.4108572080003796,None,,,,,49,194,194,1,948.4709591249994,,948.4628672090039,948.4709591249994,949.4626275000046,949.4626275000046,949.4626275000046,949.4626275000046,949.4626275000046,950.4615703750023,950.4615703750023,950.8786549170036,,,,,v,1,0.4108572080003796,None,5,001,2025-10-02_18h28.59.078,motor sequence learning,,2025.1.1,None,2025-10-02 18h29.26.803622 +0530,
-50,x,195,195,48,z,0,0.7990698329958832,None,,,,,48,195,195,0,950.8876737920073,,950.8791099590017,950.8876737920073,951.8762350000034,951.8762350000034,951.8762350000034,951.8762350000034,951.8762350000034,952.8703150420042,952.8703150420042,953.6707544999954,,,,,z,0,0.7990698329958832,None,5,001,2025-10-02_18h28.59.078,motor sequence learning,,2025.1.1,None,2025-10-02 18h29.26.803622 +0530,
50,c,196,196,47,c,1,0.6385625830007484,None,,,,,47,196,196,2,953.6759947920073,,953.6711975000071,953.6759947920073,954.6631550839957,954.6631550839957,954.6631550839957,954.6631550839957,954.6706985000055,955.6608583750058,955.6608583750058,956.3044046249997,,,,,c,1,0.6385625830007484,None,5,001,2025-10-02_18h28.59.078,motor sequence learning,,2025.1.1,None,2025-10-02 18h29.26.803622 +0530,
50,c,197,197,48,c,1,0.3993411660048878,None,,,,,48,197,197,2,956.3124030000035,,956.3047433750035,956.3124030000035,957.2975447920035,957.2975447920035,957.2975447920035,957.2975447920035,957.3049026670051,958.2958179999987,958.2958179999987,958.6961619590002,,,,,c,1,0.3993411660048878,None,5,001,2025-10-02_18h28.59.078,motor sequence learning,,2025.1.1,None,2025-10-02 18h29.26.803622 +0530,
50,c,198,198,49,c,1,0.5236331250052899,None,,,,,49,198,198,2,958.7044542920048,,958.6965667920012,958.7044542920048,959.6967530420079,959.6967530420079,959.6967530420079,959.6967530420079,959.6967530420079,960.6956191670033,960.6956191670033,961.2226415420009,,,,,c,1,0.5236331250052899,None,5,001,2025-10-02_18h28.59.078,motor sequence learning,,2025.1.1,None,2025-10-02 18h29.26.803622 +0530,
-50,x,199,199,49,x,1,0.5939430410071509,None,,,,,49,199,199,0,961.231675959003,,961.2230962920003,961.231675959003,962.2221718750079,962.2221718750079,962.2221718750079,962.2221718750079,962.2296286670025,963.2210909169953,963.2210909169953,963.822844209004,,,,,x,1,0.5939430410071509,None,5,001,2025-10-02_18h28.59.078,motor sequence learning,,2025.1.1,None,2025-10-02 18h29.26.803622 +0530,
