delay,freq,condition,thisN,thisTrialN,thisRepN,key_resp.keys,key_resp.rt,key_resp.duration,textbox.text,button.numClicks,button.timesOn,button.timesOff,trials.thisRepN,trials.thisTrialN,trials.thisN,trials.thisIndex,thisRow.t,notes,trial.started,polygon.started,polygon_2.started,key_resp.started,polygon.stopped,trial.stopped,trials.key_resp.keys,trials.key_resp.rt,trials.key_resp.duration,beep.started,sound_1.started,sound_1.stopped,beep.stopped,response.started,text.started,textbox.started,button.started,response.stopped,trials.textbox.text,trials.button.numClicks,trials.button.timesOn,trials.button.timesOff,participant,session,date,expName,expVersion,psychopyVersion,frameRate,expStart,
0.7,1000.0,exp,0,0,0,space,3.8086849990068004,None,400,1,[3.0979282499756664],[3.097934167017229],0,0,0,11,0.05180995899718255,,0.03779175004456192,0.05180995899718255,0.9993275420274585,0.9993275420274585,1.0496930840308778,4.813521625008434,space,3.8086849990068004,None,4.815528292034287,5.51858683367415,5.841278875013813,5.806856000039261,5.809469792002346,5.841278875013813,5.841278875013813,5.841278875013813,8.93954895902425,400,1,[3.0979282499756664],[3.097934167017229],p001,001,2025-11-12_10h35.26.886,intentional binding,,2025.1.1,None,2025-11-12 10h35.36.129666 +0530,
0.1,400.0,unexp,1,1,0,space,1.4553040830069222,None,200,1,[6.2277681669802405],[6.227773167018313],0,1,1,0,8.944190292037092,,8.939826959045604,8.944190292037092,9.935568042041268,9.935568042041268,9.935568042041268,11.397470250027254,space,1.4553040830069222,None,11.399895334034227,11.500222666716825,11.808120667003095,11.789344917051494,11.790867209027056,11.808120667003095,11.808120667003095,11.808120667003095,18.036190709040966,200,1,[6.2277681669802405],[6.227773167018313],p001,001,2025-11-12_10h35.26.886,intentional binding,,2025.1.1,None,2025-11-12 10h35.36.129666 +0530,
0.4,1000.0,exp,2,2,0,space,0.9293776249978691,None,100,1,[4.159695166978054],[4.159701416967437],0,2,2,10,18.044149750028737,,18.036422667035367,18.044149750028737,19.028190084034577,19.028190084034577,19.035061792004853,19.963637584005482,space,0.9293776249978691,None,19.965395000006538,20.36800587567656,20.67586704203859,20.65532575000543,20.65664291701978,20.67586704203859,20.67586704203859,20.67586704203859,24.835873167030513,100,1,[4.159695166978054],[4.159701416967437],p001,001,2025-11-12_10h35.26.886,intentional binding,,2025.1.1,None,2025-11-12 10h35.36.129666 +0530,
0.1,1000.0,exp,3,3,0,space,0.9365129999932833,None,300,1,[2.180223333009053],[2.1802282499847934],0,3,3,9,24.844052000029478,,24.836063834023662,24.844052000029478,25.834991750016343,25.834991750016343,25.834991750016343,26.78056754200952,space,0.9365129999932833,None,26.782190750003792,26.884867458666363,27.205567667027935,27.184519166999962,27.18666695902357,27.205567667027935,27.205567667027935,27.205567667027935,29.386100459028967,300,1,[2.180223333009053],[2.1802282499847934],p001,001,2025-11-12_10h35.26.886,intentional binding,,2025.1.1,None,2025-11-12 10h35.36.129666 +0530,
0.7,1000.0,exp,4,4,0,space,0.7262506660190411,None,300,1,[2.958730458980426],[2.958735166990664],0,4,4,8,29.394000209053047,,29.386323042039294,29.394000209053047,30.396505417011213,30.396505417011213,30.412979209038895,31.13068620901322,space,0.7262506660190411,None,31.132999084016774,31.83473362570318,32.14361225004541,32.122995542013086,32.12479404202895,32.14361225004541,32.14361225004541,32.14361225004541,35.102627625048626,300,1,[2.958730458980426],[2.958735166990664],p001,001,2025-11-12_10h35.26.886,intentional binding,,2025.1.1,None,2025-11-12 10h35.36.129666 +0530,
0.7,400.0,unexp,5,5,0,space,1.3862726659863256,None,700,1,[2.7490420829853974],[2.7490474159712903],0,5,5,2,35.110726417042315,,35.10287387500284,35.110726417042315,36.09493433404714,36.09493433404714,36.10136870900169,37.48708258400438,space,1.3862726659863256,None,37.488819667021744,38.19554183370589,38.50316370901419,38.4826794170076,38.48442029202124,38.50316370901419,38.50316370901419,38.50316370901419,41.252526250027586,700,1,[2.7490420829853974],[2.7490474159712903],p001,001,2025-11-12_10h35.26.886,intentional binding,,2025.1.1,None,2025-11-12 10h35.36.129666 +0530,
0.4,1000.0,exp,6,6,0,space,1.0743886660202406,None,400,1,[2.551221124944277],[2.5512252079788595],0,6,6,4,41.26071962504648,,41.25275737501215,41.26071962504648,42.24466241704067,42.24466241704067,42.25226170901442,43.32084304204909,space,1.0743886660202406,None,43.322620667051524,43.72806045867425,44.03556445904542,44.0164155420498,44.017912375042215,44.03556445904542,44.03556445904542,44.03556445904542,46.58706108405022,400,1,[2.551221124944277],[2.5512252079788595],p001,001,2025-11-12_10h35.26.886,intentional binding,,2025.1.1,None,2025-11-12 10h35.36.129666 +0530,
0.4,1000.0,exp,7,7,0,space,0.6970870830118656,None,200,1,[2.0855591659783386],[2.085563500004355],0,7,7,7,46.59509754204191,,46.587283583998214,46.59509754204191,47.58587495901156,47.58587495901156,47.58587495901156,48.28754741704324,space,0.6970870830118656,None,48.289113709004596,48.69554016669669,49.00062758399872,48.9830051670433,48.984461792046204,49.00062758399872,49.00062758399872,49.00062758399872,51.08646512503037,200,1,[2.0855591659783386],[2.085563500004355],p001,001,2025-11-12_10h35.26.886,intentional binding,,2025.1.1,None,2025-11-12 10h35.36.129666 +0530,
0.1,1000.0,exp,8,8,0,space,0.913899791019503,None,300,1,[2.5600485840113834],[2.5600536669953726],0,8,8,3,51.09435691701947,,51.086655125021935,51.09435691701947,52.07802587503102,52.07802587503102,52.086709499999415,52.99641725001857,space,0.913899791019503,None,52.997835125017446,53.10117266670956,53.40914158400847,53.388962709053885,53.390261792053934,53.40914158400847,53.40914158400847,53.40914158400847,55.969501750019845,300,1,[2.5600485840113834],[2.5600536669953726],p001,001,2025-11-12_10h35.26.886,intentional binding,,2025.1.1,None,2025-11-12 10h35.36.129666 +0530,
0.1,1000.0,exp,9,9,0,space,0.28860254102619365,None,100,1,[2.1836248749750666],[2.18362949998118],0,9,9,6,55.97767654201016,,55.96973687503487,55.97767654201016,56.96118583402131,56.96118583402131,56.96836333401734,57.254706375009846,space,0.28860254102619365,None,57.256908959010616,57.361451166685825,57.66874837502837,57.64933154202299,57.65069300000323,57.66874837502837,57.66874837502837,57.66874837502837,59.85269833402708,100,1,[2.1836248749750666],[2.18362949998118],p001,001,2025-11-12_10h35.26.886,intentional binding,,2025.1.1,None,2025-11-12 10h35.36.129666 +0530,
0.7,1000.0,exp,10,10,0,space,2.0227960830088705,None,200,1,[4.101046374998987],[4.101051624980755],0,10,10,5,59.86101537500508,,59.852906625019386,59.86101537500508,60.84483245899901,60.84483245899901,60.851765584026,62.870665916998405,space,2.0227960830088705,None,62.87312608404318,63.57822075067476,63.88506266701734,63.86564570904011,63.86760816699825,63.88506266701734,63.88506266701734,63.88506266701734,67.98639504204039,200,1,[4.101046374998987],[4.101051624980755],p001,001,2025-11-12_10h35.26.886,intentional binding,,2025.1.1,None,2025-11-12 10h35.36.129666 +0530,
0.4,400.0,unexp,11,11,0,space,0.565588083001785,None,800,1,[3.0493701249943115],[3.0493742079706863],0,11,11,1,67.99426229204983,,67.98659145901911,67.99426229204983,68.98662741703447,68.98662741703447,68.98662741703447,69.55401058401912,space,0.565588083001785,None,69.5556434590253,69.96139212570075,70.27010275004432,70.2494785420131,70.25132579205092,70.27010275004432,70.27010275004432,70.27010275004432,73.3197593340301,800,1,[3.0493701249943115],[3.0493742079706863],p001,001,2025-11-12_10h35.26.886,intentional binding,,2025.1.1,None,2025-11-12 10h35.36.129666 +0530,
0.1,1000.0,exp,12,0,1,space,0.6291730820084922,None,100,1,[2.3438545410172082],[2.3438595000188798],1,0,12,9,73.3279020000482,,73.3199472920387,73.3279020000482,74.31129066704307,74.31129066704307,74.31869037501747,74.94802641699789,space,0.6291730820084922,None,74.9496813340229,75.05174054170881,75.36012583400588,75.3400117920246,75.34139283403056,75.36012583400588,75.36012583400588,75.36012583400588,77.7042778750183,100,1,[2.3438545410172082],[2.3438595000188798],p001,001,2025-11-12_10h35.26.886,intentional binding,,2025.1.1,None,2025-11-12 10h35.36.129666 +0530,
0.1,1000.0,exp,13,1,1,space,0.7944478330318816,None,300,1,[1.7852809579926543],[1.7852853749645874],1,1,13,3,77.71112570900004,,77.70449733402347,77.71112570900004,78.70187516702572,78.70187516702572,78.70187516702572,79.50339545903262,space,0.7944478330318816,None,79.50493070902303,79.6125962086992,79.91934945899993,79.9000900000101,79.90228212502552,79.91934945899993,79.91934945899993,79.91934945899993,81.70493241702206,300,1,[1.7852809579926543],[1.7852853749645874],p001,001,2025-11-12_10h35.26.886,intentional binding,,2025.1.1,None,2025-11-12 10h35.36.129666 +0530,
0.7,1000.0,exp,14,2,1,space,0.8256638330058195,None,300,1,[1.5420259580132551],[1.5420311660273],1,2,14,11,81.72865579201607,,81.7051576670492,81.72865579201607,82.70168729202123,82.70168729202123,82.71866670902818,83.53102950000903,space,0.8256638330058195,None,83.53309254202759,84.23541512567705,84.5449387920089,84.52358366700355,84.52601379202679,84.5449387920089,84.5449387920089,84.5449387920089,86.08728762500687,300,1,[1.5420259580132551],[1.5420311660273],p001,001,2025-11-12_10h35.26.886,intentional binding,,2025.1.1,None,2025-11-12 10h35.36.129666 +0530,
0.7,1000.0,exp,15,3,1,space,0.738246081979014,None,400,1,[1.5998587500071153],[1.5998633750132285],1,3,15,8,86.09432208404178,,86.08752508403268,86.09432208404178,87.08497729204828,87.08497729204828,87.08497729204828,87.83033450000221,space,0.738246081979014,None,87.83175495901378,88.53621758369651,88.8538580420427,88.83357279200573,88.83544229203835,88.8538580420427,88.8538580420427,88.8538580420427,90.45402058400214,400,1,[1.5998587500071153],[1.5998633750132285],p001,001,2025-11-12_10h35.26.886,intentional binding,,2025.1.1,None,2025-11-12 10h35.36.129666 +0530,
0.4,1000.0,exp,16,4,1,space,0.8489546239725314,None,300,1,[2.849419542006217],[2.849424584012013],1,4,16,7,90.46100716700312,,90.45423308404861,90.46100716700312,91.4521307500545,91.4521307500545,91.4521307500545,92.30310483404901,space,0.8489546239725314,None,92.30510875000618,92.7117037916944,93.02012487500906,93.00047575001372,93.00236212502932,93.02012487500906,93.02012487500906,93.02012487500906,95.86984341702191,300,1,[2.849419542006217],[2.849424584012013],p001,001,2025-11-12_10h35.26.886,intentional binding,,2025.1.1,None,2025-11-12 10h35.36.129666 +0530,
0.1,400.0,unexp,17,5,1,space,0.5275896660168655,None,600,1,[8.71715724997921],[8.717161666951142],1,5,17,0,95.87892558402382,,95.8700332090375,95.87892558402382,96.86828962503932,96.86828962503932,96.86828962503932,97.40324108401546,space,0.5275896660168655,None,97.40467012504814,97.51217104168997,97.81908987503266,97.79958691704087,97.80155766702956,97.81908987503266,97.81908987503266,97.81908987503266,106.53657279204344,600,1,[8.71715724997921],[8.717161666951142],p001,001,2025-11-12_10h35.26.886,intentional binding,,2025.1.1,None,2025-11-12 10h35.36.129666 +0530,
0.1,1000.0,exp,18,6,1,space,0.6797070410102606,None,300,1,[3.89296458294848],[3.8929694169783033],1,6,18,6,106.54516304202843,,106.53678975004004,106.54516304202843,107.52810900000622,107.52810900000622,107.53526358405361,108.21310750005068,space,0.6797070410102606,None,108.21476100001018,108.31889262568826,108.6265617920435,108.60616837500129,108.60792575002415,108.6265617920435,108.6265617920435,108.6265617920435,112.51985404203879,300,1,[3.89296458294848],[3.8929694169783033],p001,001,2025-11-12_10h35.26.886,intentional binding,,2025.1.1,None,2025-11-12 10h35.36.129666 +0530,
0.7,400.0,unexp,19,7,1,space,0.6581163739901967,None,600,1,[5.384164375020191],[5.38416983402567],1,7,19,2,112.52822008403018,,112.52007062500343,112.52822008403018,113.51133516704431,113.51133516704431,113.51891866704682,114.17998354200972,space,0.6581163739901967,None,114.1813900420093,114.8798833757212,115.18626112502534,115.1669566250057,115.16877441701945,115.18626112502534,115.18626112502534,115.18626112502534,120.57076208404033,600,1,[5.384164375020191],[5.38416983402567],p001,001,2025-11-12_10h35.26.886,intentional binding,,2025.1.1,None,2025-11-12 10h35.36.129666 +0530,
0.4,400.0,unexp,20,8,1,space,1.493657290993724,None,300,1,[4.794384333014023],[4.794388833048288],1,8,20,1,120.57786054204917,,120.57097312505357,120.57786054204917,121.56871758401394,121.56871758401394,121.56871758401394,123.06499333400279,space,1.493657290993724,None,123.06705166702159,123.46838120872077,123.77776491700206,123.75689312501345,123.7586127090035,123.77776491700206,123.77776491700206,123.77776491700206,128.57247445901157,300,1,[4.794384333014023],[4.794388833048288],p001,001,2025-11-12_10h35.26.886,intentional binding,,2025.1.1,None,2025-11-12 10h35.36.129666 +0530,
0.4,1000.0,exp,21,9,1,space,0.6085396240232512,None,300,1,[3.180123750003986],[3.180127708008513],1,9,21,4,128.58061395899858,,128.5726847090409,128.58061395899858,129.5687443750212,129.5687443750212,129.57833512499928,130.18067412503297,space,0.6085396240232512,None,130.18239437503507,130.58517270867404,130.8904012920102,130.87221566704102,130.8735779170529,130.8904012920102,130.8904012920102,130.8904012920102,134.07085233402904,300,1,[3.180123750003986],[3.180127708008513],p001,001,2025-11-12_10h35.26.886,intentional binding,,2025.1.1,None,2025-11-12 10h35.36.129666 +0530,
0.4,1000.0,exp,22,10,1,space,1.1931139570078813,None,400,1,[1.7020011669956148],[1.702005208004266],1,10,22,10,134.0778093750123,,134.0710457500536,134.0778093750123,135.06898900005035,135.06898900005035,135.06898900005035,136.27042200003052,space,1.1931139570078813,None,136.27173600002425,136.67867779167526,136.9854645000305,136.9657387920306,136.96765841700835,136.9854645000305,136.9854645000305,136.9854645000305,138.68777612503618,400,1,[1.7020011669956148],[1.702005208004266],p001,001,2025-11-12_10h35.26.886,intentional binding,,2025.1.1,None,2025-11-12 10h35.36.129666 +0530,
0.7,1000.0,exp,23,11,1,space,0.8468231239821762,None,300,1,[3.6343470420106314],[3.6343522919924],1,11,23,5,138.6947030420415,,138.6880110000493,138.6947030420415,139.68618237500777,139.68618237500777,139.68618237500777,140.53838162502507,space,0.8468231239821762,None,140.5401230000425,141.24549654167302,141.5520735840546,141.533227042004,141.5348287920351,141.5520735840546,141.5520735840546,141.5520735840546,145.18678112502676,300,1,[3.6343470420106314],[3.6343522919924],p001,001,2025-11-12_10h35.26.886,intentional binding,,2025.1.1,None,2025-11-12 10h35.36.129666 +0530,
0.7,400.0,unexp,24,0,2,space,0.7291696660104208,None,900,1,[3.9347109170048498],[3.9347162499907427],2,0,24,2,145.19446108402917,,145.18696725001791,145.19446108402917,146.18592816701857,146.18592816701857,146.18592816701857,146.92191662505502,space,0.7291696660104208,None,146.92402462504106,147.6285575836703,147.93556387501303,147.916111833998,147.91800566704478,147.93556387501303,147.93556387501303,147.93556387501303,151.8705957500497,900,1,[3.9347109170048498],[3.9347162499907427],p001,001,2025-11-12_10h35.26.886,intentional binding,,2025.1.1,None,2025-11-12 10h35.36.129666 +0530,
0.1,1000.0,exp,25,1,2,space,0.3159279159735888,None,300,1,[3.0010523749515414],[3.0010565419797786],2,1,25,6,151.87780416704481,,151.87087525002426,151.87780416704481,152.86881816701498,152.86881816701498,152.86881816701498,153.18940375000238,space,0.3159279159735888,None,153.19166537502315,153.29515812569687,153.6035661250353,153.58302920905408,153.58493808400817,153.6035661250353,153.6035661250353,153.6035661250353,156.60493175004376,300,1,[3.0010523749515414],[3.0010565419797786],p001,001,2025-11-12_10h35.26.886,intentional binding,,2025.1.1,None,2025-11-12 10h35.36.129666 +0530,
0.7,1000.0,exp,26,2,2,space,0.44079087499994785,None,200,1,[3.3115559999714606],[3.311561708978843],2,2,26,8,156.62879416701617,,156.60516620904673,156.62879416701617,157.60283704200992,157.60283704200992,157.61881954205455,158.04889758402715,space,0.44079087499994785,None,158.0510167920147,158.75202662567997,159.05968729202868,159.03956100001233,159.04116708401125,159.05968729202868,159.05968729202868,159.05968729202868,162.37159466702724,200,1,[3.3115559999714606],[3.311561708978843],p001,001,2025-11-12_10h35.26.886,intentional binding,,2025.1.1,None,2025-11-12 10h35.36.129666 +0530,
0.4,1000.0,exp,27,3,2,space,0.6525425409781747,None,500,1,[4.815054374979809],[4.815059082990047],2,3,27,7,162.3956824170309,,162.37212162499782,162.3956824170309,163.37994333403185,163.37994333403185,163.38541191699915,164.03679895901587,space,0.6525425409781747,None,164.03886883403175,164.44686245872097,164.75546012504492,164.73456179205095,164.73670208401745,164.75546012504492,164.75546012504492,164.75546012504492,169.5708498750464,500,1,[4.815054374979809],[4.815059082990047],p001,001,2025-11-12_10h35.26.886,intentional binding,,2025.1.1,None,2025-11-12 10h35.36.129666 +0530,
0.7,1000.0,exp,28,4,2,space,1.237815999018494,None,600,1,[3.229211708996445],[3.2292168749845587],2,4,28,11,169.57819254201604,,169.5710783340037,169.57819254201604,170.56842012505513,170.56842012505513,170.56842012505513,171.8146739170188,space,1.237815999018494,None,171.8169992090552,172.51853137568494,172.82501349999802,172.8062115420471,172.8076804590528,172.82501349999802,172.82501349999802,172.82501349999802,176.0545512920362,600,1,[3.229211708996445],[3.2292168749845587],p001,001,2025-11-12_10h35.26.886,intentional binding,,2025.1.1,None,2025-11-12 10h35.36.129666 +0530,
0.1,1000.0,exp,29,5,2,space,1.8198465409805067,None,100,1,[5.150467208004557],[5.150472166016698],2,5,29,9,176.06144379201578,,176.05476666701725,176.06144379201578,177.05223991704406,177.05223991704406,177.05223991704406,178.88023479201365,space,1.8198465409805067,None,178.8815680000116,178.9794625417019,179.28599983401364,179.26658425002825,179.26841516705463,179.28599983401364,179.28599983401364,179.28599983401364,184.43678741704207,100,1,[5.150467208004557],[5.150472166016698],p001,001,2025-11-12_10h35.26.886,intentional binding,,2025.1.1,None,2025-11-12 10h35.36.129666 +0530,
0.1,1000.0,exp,30,6,2,space,0.14990691596176475,None,100,1,[2.200371958024334],[2.2003767080022953],2,6,30,3,184.4453463750542,,184.43699920905055,184.4453463750542,185.43608770903666,185.43608770903666,185.43608770903666,185.58832258405164,space,0.14990691596176475,None,185.58995983400382,185.69543125067528,186.00300066702766,185.98350766702788,185.98536762502044,186.00300066702766,186.00300066702766,186.00300066702766,188.20370333403116,100,1,[2.200371958024334],[2.2003767080022953],p001,001,2025-11-12_10h35.26.886,intentional binding,,2025.1.1,None,2025-11-12 10h35.36.129666 +0530,
0.7,1000.0,exp,31,7,2,space,1.021910707000643,None,800,1,[3.5597898340201937],[3.559794042026624],2,7,31,5,188.2115756670246,,188.20389325002907,188.2115756670246,189.20298100000946,189.20298100000946,189.20298100000946,190.24820966704283,space,1.021910707000643,None,190.25009608402615,190.95260212570818,191.2600546250469,191.240367334045,191.24194733402692,191.2600546250469,191.2600546250469,191.2600546250469,194.82017737504793,800,1,[3.5597898340201937],[3.559794042026624],p001,001,2025-11-12_10h35.26.886,intentional binding,,2025.1.1,None,2025-11-12 10h35.36.129666 +0530,
0.4,1000.0,exp,32,8,2,space,0.5771977489930578,None,700,1,[2.417805875011254],[2.4178098749835044],2,8,32,4,194.82863637502305,,194.82036208402133,194.82863637502305,195.8124784170068,195.8124784170068,195.81892637501005,196.39786604203982,space,0.5771977489930578,None,196.39921195904026,196.803808958681,197.11931258405093,197.0998391250032,197.10175941704074,197.11931258405093,197.11931258405093,197.11931258405093,199.53745575004723,700,1,[2.417805875011254],[2.4178098749835044],p001,001,2025-11-12_10h35.26.886,intentional binding,,2025.1.1,None,2025-11-12 10h35.36.129666 +0530,
0.4,1000.0,exp,33,9,2,space,1.590686250012368,None,500,1,[3.211494500050321],[3.2114999589975923],2,9,33,10,199.54457200004254,,199.53764712502016,199.54457200004254,200.53497312503168,200.53497312503168,200.53497312503168,202.13042037503328,space,1.590686250012368,None,202.131942542037,202.53596562566625,202.84184212505352,202.82323520904174,202.82474695902783,202.84184212505352,202.84184212505352,202.84184212505352,206.05367395904614,500,1,[3.211494500050321],[3.2114999589975923],p001,001,2025-11-12_10h35.26.886,intentional binding,,2025.1.1,None,2025-11-12 10h35.36.129666 +0530,
0.1,400.0,unexp,34,10,2,space,0.5784930409863591,None,300,1,[2.5668584579834715],[2.566862624953501],2,10,34,0,206.061809042003,,206.05390233400976,206.061809042003,207.0449811250437,207.0449811250437,207.05334929202218,207.63051895902026,space,0.5784930409863591,None,207.63225295901066,207.73714520869933,208.05317754205316,208.03397445904557,208.03589450003346,208.05317754205316,208.05317754205316,208.05317754205316,210.6203585000476,300,1,[2.5668584579834715],[2.566862624953501],p001,001,2025-11-12_10h35.26.886,intentional binding,,2025.1.1,None,2025-11-12 10h35.36.129666 +0530,
0.4,400.0,unexp,35,11,2,space,0.5174110819934867,None,500,1,[4.126549042004626],[4.126553333015181],2,11,35,1,210.62885825004196,,210.62055891699856,210.62885825004196,211.6118772920454,211.6118772920454,211.6196073340252,212.13294337503612,space,0.5174110819934867,None,212.1355706670438,212.53495579166727,212.84350129205268,212.82332162500825,212.82521620905027,212.84350129205268,212.84350129205268,212.84350129205268,216.97039045899874,500,1,[4.126549042004626],[4.126553333015181],p001,001,2025-11-12_10h35.26.886,intentional binding,,2025.1.1,None,2025-11-12 10h35.36.129666 +0530,
0.1,1000.0,exp,36,0,3,space,0.7250518740038387,None,200,1,[3.3101312079816125],[3.3101355410180986],3,0,36,9,216.97881654201774,,216.97063908400014,216.97881654201774,217.97020766703645,217.97020766703645,217.97020766703645,218.69701837503817,space,0.7250518740038387,None,218.6986782500171,218.80092150066437,219.11070345900953,219.09022466704482,219.0919692920288,219.11070345900953,219.11070345900953,219.11070345900953,222.4211591250496,200,1,[3.3101312079816125],[3.3101355410180986],p001,001,2025-11-12_10h35.26.886,intentional binding,,2025.1.1,None,2025-11-12 10h35.36.129666 +0530,
0.7,1000.0,exp,37,1,3,space,0.5445568750146776,None,300,1,[1.7336377920000814],[1.7336420829524286],3,1,37,11,222.42855483404128,,222.42139833403053,222.42855483404128,223.41959362500347,223.41959362500347,223.41959362500347,223.9702631670516,space,0.5445568750146776,None,223.97165300004417,224.67863904167123,224.98688666702947,224.96747200004756,224.96938862500247,224.98688666702947,224.98688666702947,224.98688666702947,226.7208462920389,300,1,[1.7336377920000814],[1.7336420829524286],p001,001,2025-11-12_10h35.26.886,intentional binding,,2025.1.1,None,2025-11-12 10h35.36.129666 +0530,
0.7,1000.0,exp,38,2,3,space,0.6589059989782982,None,700,1,[2.142337500001304],[2.142341541009955],3,2,38,8,226.7283112500445,,226.72106862504734,226.7283112500445,227.71936600003392,227.71936600003392,227.71936600003392,228.3803275420214,space,0.6589059989782982,None,228.38176925003063,229.07951291668385,229.38755850004964,229.36695079202764,229.36888291704236,229.38755850004964,229.38755850004964,229.38755850004964,231.53024995903252,700,1,[2.142337500001304],[2.142341541009955],p001,001,2025-11-12_10h35.26.886,intentional binding,,2025.1.1,None,2025-11-12 10h35.36.129666 +0530,
0.7,400.0,unexp,39,3,3,space,0.468520749011077,None,600,1,[3.683414041996002],[3.6834187079803087],3,3,39,2,231.53379179205513,,231.53045591700356,231.53379179205513,232.52869462501258,232.52869462501258,232.52869462501258,233.00440887501463,space,0.468520749011077,None,233.00570079201134,233.71301729168434,234.02089237503242,234.00008854200132,234.00232420902466,234.02089237503242,234.02089237503242,234.02089237503242,237.70464175002417,600,1,[3.683414041996002],[3.6834187079803087],p001,001,2025-11-12_10h35.26.886,intentional binding,,2025.1.1,None,2025-11-12 10h35.36.129666 +0530,
0.4,1000.0,exp,40,4,3,space,0.4610579570289701,None,400,1,[2.367287542030681],[2.367291375005152],3,4,40,4,237.71168408403173,,237.70485816703876,237.71168408403173,238.70276295900112,238.70276295900112,238.70276295900112,239.17113720905036,space,0.4610579570289701,None,239.1724005000433,239.5791076257049,239.8867922089994,239.86696458404185,239.86893637501635,239.8867922089994,239.8867922089994,239.8867922089994,242.2544089590083,400,1,[2.367287542030681],[2.367291375005152],p001,001,2025-11-12_10h35.26.886,intentional binding,,2025.1.1,None,2025-11-12 10h35.36.129666 +0530,
0.1,1000.0,exp,41,5,3,space,0.47315820696530864,None,100,1,[2.544225500023458],[2.5442307500052266],3,5,41,6,242.2625397090451,,242.25463629205478,242.2625397090451,243.25254350004252,243.25254350004252,243.25254350004252,243.73105666704942,space,0.47315820696530864,None,243.7327492920449,243.83578512567718,244.1436431670445,244.12318233400583,244.12500245904084,244.1436431670445,244.1436431670445,244.1436431670445,246.6882184590213,100,1,[2.544225500023458],[2.5442307500052266],p001,001,2025-11-12_10h35.26.886,intentional binding,,2025.1.1,None,2025-11-12 10h35.36.129666 +0530,
0.4,1000.0,exp,42,6,3,space,0.03672062396071851,None,100,1,[1.22532670898363],[1.225331291963812],3,6,42,10,246.69526816700818,,246.68841837503714,246.69526816700818,247.68682800000533,247.68682800000533,247.68682800000533,247.73138150002342,space,0.03672062396071851,None,247.7331490420038,248.13594937569385,248.44520995899802,248.42414062505122,248.425963125017,248.44520995899802,248.44520995899802,248.44520995899802,249.67087775003165,100,1,[1.22532670898363],[1.225331291963812],p001,001,2025-11-12_10h35.26.886,intentional binding,,2025.1.1,None,2025-11-12 10h35.36.129666 +0530,
0.4,1000.0,exp,43,7,3,space,8.833138332003728,None,400,1,[1.7934797499910928],[1.7934839160297997],3,7,43,7,249.67866258404683,,249.67108470899984,249.67866258404683,250.66917391703464,250.66917391703464,250.66917391703464,259.50389858405106,space,8.833138332003728,None,259.50553508399753,259.9030016256768,260.21100020903395,260.19079375005094,260.1924028340145,260.21100020903395,260.21100020903395,260.21100020903395,262.0048409170122,400,1,[1.7934797499910928],[1.7934839160297997],p001,001,2025-11-12_10h35.26.886,intentional binding,,2025.1.1,None,2025-11-12 10h35.36.129666 +0530,
0.1,1000.0,exp,44,8,3,space,1.9613200000021607,None,500,1,[2.601098708983045],[2.601103792025242],3,8,44,3,262.01203220902244,,262.0050373750273,262.01203220902244,263.00368720904225,263.00368720904225,263.00368720904225,264.9707137090154,space,1.9613200000021607,None,264.9721116250148,265.07901637570853,265.3863827090245,265.36710562504595,265.3690545000136,265.3863827090245,265.3863827090245,265.3863827090245,267.9878093340085,500,1,[2.601098708983045],[2.601103792025242],p001,001,2025-11-12_10h35.26.886,intentional binding,,2025.1.1,None,2025-11-12 10h35.36.129666 +0530,
0.4,400.0,unexp,45,9,3,space,4.093568166019395,None,600,1,[2.1100657079950906],[2.1100696669891477],3,9,45,1,267.99520750000374,,267.98801362502854,267.99520750000374,268.98612795904046,268.98612795904046,268.98612795904046,273.0872115420061,space,4.093568166019395,None,273.0887367920368,273.49642575066923,273.8033810420311,273.78400829201564,273.7860561670386,273.8033810420311,273.8033810420311,273.8033810420311,275.91380066704005,600,1,[2.1100657079950906],[2.1100696669891477],p001,001,2025-11-12_10h35.26.886,intentional binding,,2025.1.1,None,2025-11-12 10h35.36.129666 +0530,
0.1,400.0,unexp,46,10,3,space,0.48859149997588247,None,200,1,[1.910920583002735],[1.9109250000328757],3,10,46,0,275.9175195420394,,275.91402275004657,275.9175195420394,276.9042835420114,276.9042835420114,276.9302140000509,277.39735529205063,space,0.48859149997588247,None,277.3987782920012,277.496756708719,277.8109775840421,277.7905708340113,277.7922345000552,277.8109775840421,277.8109775840421,277.8109775840421,279.7222316249972,200,1,[1.910920583002735],[1.9109250000328757],p001,001,2025-11-12_10h35.26.886,intentional binding,,2025.1.1,None,2025-11-12 10h35.36.129666 +0530,
0.7,1000.0,exp,47,11,3,space,0.7200387910124846,None,600,1,[2.3698289160383865],[2.369834166020155],3,11,47,5,279.746140125033,,279.7224280000082,279.746140125033,280.73057750001317,280.73057750001317,280.73743995901896,281.45419212500565,space,0.7200387910124846,None,281.45561729202745,282.15325554169635,282.4607342920499,282.4405776670319,282.4422327920329,282.4607342920499,282.4607342920499,282.4607342920499,284.83090749999974,600,1,[2.3698289160383865],[2.369834166020155],p001,001,2025-11-12_10h35.26.886,intentional binding,,2025.1.1,None,2025-11-12 10h35.36.129666 +0530,
0.1,1000.0,exp,48,0,4,space,0.47531420801533386,None,300,1,[3.8113256249926053],[3.8113299169926904],4,0,48,3,284.84660745901056,,284.83109970903024,284.84660745901056,285.82919645903166,285.82919645903166,285.8360032089986,286.31399062502896,space,0.47531420801533386,None,286.3153653340414,286.41851050069477,286.72725400002673,286.70745408401126,286.70891333400505,286.72725400002673,286.72725400002673,286.72725400002673,290.5389377090032,300,1,[3.8113256249926053],[3.8113299169926904],p001,001,2025-11-12_10h35.26.886,intentional binding,,2025.1.1,None,2025-11-12 10h35.36.129666 +0530,
0.7,400.0,unexp,49,1,4,space,0.8032524160225876,None,900,1,[1.4660614170134068],[1.4660656250198372],4,1,49,2,290.5630801250227,,290.5391577920527,290.5630801250227,291.5473020420177,291.5473020420177,291.55460054200375,292.3559645420173,space,0.8032524160225876,None,292.35738762503024,293.06256695872094,293.3718134590308,293.35162929201033,293.3533254590002,293.3718134590308,293.3718134590308,293.3718134590308,294.8382107920479,900,1,[1.4660614170134068],[1.4660656250198372],p001,001,2025-11-12_10h35.26.886,intentional binding,,2025.1.1,None,2025-11-12 10h35.36.129666 +0530,
0.1,400.0,unexp,50,2,4,space,1.5736902080243453,None,100,1,[3.725378625036683],[3.725383209006395],4,2,50,0,294.8453006670461,,294.8384068340529,294.8453006670461,295.8366489170003,295.8366489170003,295.8366489170003,297.41587112500565,space,1.5736902080243453,None,297.4182036250131,297.51886183367264,297.8290533340187,297.80883466702653,297.8110783340526,297.8290533340187,297.8290533340187,297.8290533340187,301.5548301670351,100,1,[3.725378625036683],[3.725383209006395],p001,001,2025-11-12_10h35.26.886,intentional binding,,2025.1.1,None,2025-11-12 10h35.36.129666 +0530,
0.4,1000.0,exp,51,3,4,space,0.7739135409938172,None,300,1,[2.5112383749801666],[2.5112448330037296],4,3,51,4,301.5618433339987,,301.5550628750352,301.5618433339987,302.5530830420321,302.5530830420321,302.5530830420321,303.33072591701057,space,0.7739135409938172,None,303.33252541703405,303.7360646667114,304.0432556250016,304.02392170904204,304.0256958750542,304.0432556250016,304.0432556250016,304.0432556250016,306.5548523340258,300,1,[2.5112383749801666],[2.5112448330037296],p001,001,2025-11-12_10h35.26.886,intentional binding,,2025.1.1,None,2025-11-12 10h35.36.129666 +0530,
0.7,1000.0,exp,52,4,4,space,0.5499012070358731,None,800,1,[1.4494586249929853],[1.4494630830013193],4,4,52,5,306.57909654203104,,306.55504645901965,306.57909654203104,307.5640622090432,307.5640622090432,307.57113850000314,308.12413025001297,space,0.5499012070358731,None,308.12652370904107,308.8293437506693,309.13772712502396,309.1173454170348,309.1196639590198,309.13772712502396,309.13772712502396,309.13772712502396,310.5875425840495,800,1,[1.4494586249929853],[1.4494630830013193],p001,001,2025-11-12_10h35.26.886,intentional binding,,2025.1.1,None,2025-11-12 10h35.36.129666 +0530,
0.1,1000.0,exp,53,5,4,space,1.1487972490140237,None,300,1,[1.6844368330202997],[1.6844432080397382],4,5,53,6,310.59591725002974,,310.5877273340011,310.59591725002974,311.57907191704726,311.57907191704726,311.58768658404006,312.73068312503165,space,1.1487972490140237,None,312.732092500024,312.8304169166988,313.1373683340498,313.1176708750427,313.1196559590171,313.1373683340498,313.1373683340498,313.1373683340498,314.822158709052,300,1,[1.6844368330202997],[1.6844432080397382],p001,001,2025-11-12_10h35.26.886,intentional binding,,2025.1.1,None,2025-11-12 10h35.36.129666 +0530,
0.4,1000.0,exp,54,6,4,space,0.2691992500331253,None,200,1,[2.0086331250495277],[2.008638333005365],4,6,54,7,314.8301436250331,,314.8223406250472,314.8301436250331,315.8305767920101,315.8305767920101,315.8305767920101,316.11553241702495,space,0.2691992500331253,None,316.116973709024,316.5199259166877,316.82848399999784,316.80795683403267,316.80979458399815,316.82848399999784,316.82848399999784,316.82848399999784,318.8374725000467,200,1,[2.0086331250495277],[2.008638333005365],p001,001,2025-11-12_10h35.26.886,intentional binding,,2025.1.1,None,2025-11-12 10h35.36.129666 +0530,
0.7,1000.0,exp,55,7,4,space,0.5318729989812709,None,700,1,[1.5667975839460269],[1.5668034589616582],4,7,55,8,318.84562458400615,,318.8376562500489,318.84562458400615,319.8368148340378,319.8368148340378,319.8368148340378,320.371348625049,space,0.5318729989812709,None,320.37305425002705,321.0793553337028,321.38746729202103,321.36741104203975,321.36943675001385,321.38746729202103,321.38746729202103,321.38746729202103,322.9546084169997,700,1,[1.5667975839460269],[1.5668034589616582],p001,001,2025-11-12_10h35.26.886,intentional binding,,2025.1.1,None,2025-11-12 10h35.36.129666 +0530,
0.4,1000.0,exp,56,8,4,space,1.0546427500084974,None,200,1,[1.5086346669704653],[1.508638917002827],4,8,56,10,322.96198983403156,,322.95481004205067,322.96198983403156,323.95297979202587,323.95297979202587,323.95297979202587,325.014277875016,space,1.0546427500084974,None,325.01568412501365,325.41934829170737,325.7282502500457,325.70738954201806,325.7093244170537,325.7282502500457,325.7282502500457,325.7282502500457,327.23724312504055,200,1,[1.5086346669704653],[1.508638917002827],p001,001,2025-11-12_10h35.26.886,intentional binding,,2025.1.1,None,2025-11-12 10h35.36.129666 +0530,
0.4,400.0,unexp,57,9,4,space,0.34664220694685355,None,700,1,[1.6115081669995561],[1.6115138750174083],4,9,57,1,327.2453004590352,,327.2374484590255,327.2453004590352,328.22928725002566,328.22928725002566,328.2365309590241,328.58121358405333,space,0.34664220694685355,None,328.5825724590104,328.98642025067625,329.2949957920355,329.27398950001225,329.2757882090518,329.2949957920355,329.2949957920355,329.2949957920355,330.9068529170472,700,1,[1.6115081669995561],[1.6115138750174083],p001,001,2025-11-12_10h35.26.886,intentional binding,,2025.1.1,None,2025-11-12 10h35.36.129666 +0530,
0.7,1000.0,exp,58,10,4,space,0.678257666004356,None,800,1,[1.4164887909428217],[1.41649299999699],4,10,58,11,330.9152723340085,,330.9070574590005,330.9152723340085,331.9033144590212,331.9033144590212,331.91256970900577,332.58995200000936,space,0.678257666004356,None,332.5921500840341,333.2962265416902,333.6053647090448,333.58471895899856,333.5869075000519,333.6053647090448,333.6053647090448,333.6053647090448,335.0222156670061,800,1,[1.4164887909428217],[1.41649299999699],p001,001,2025-11-12_10h35.26.886,intentional binding,,2025.1.1,None,2025-11-12 10h35.36.129666 +0530,
0.1,1000.0,exp,59,11,4,space,0.62636062403908,None,100,1,[2.6257824590429664],[2.6257877920288593],4,11,59,9,335.02976154204225,,335.0224088340183,335.02976154204225,336.0199998340104,336.0199998340104,336.0199998340104,336.64873316703597,space,0.62636062403908,None,336.6502825420466,336.75450579170524,337.0717787090107,337.05186504201265,337.0540482090437,337.0717787090107,337.0717787090107,337.0717787090107,339.69792404200416,100,1,[2.6257824590429664],[2.6257877920288593],p001,001,2025-11-12_10h35.26.886,intentional binding,,2025.1.1,None,2025-11-12 10h35.36.129666 +0530,
0.4,1000.0,exp,60,0,5,space,0.6904007909470238,None,500,1,[1.960986457997933],[1.9609913330059499],5,0,60,10,339.7136434590211,,339.6981212920509,339.7136434590211,340.69678300002124,340.69678300002124,340.70363704202464,341.3977348339977,space,0.6904007909470238,None,341.39916766702663,341.8032784166901,342.1097979590413,342.0905516250059,342.0922760000103,342.1097979590413,342.1097979590413,342.1097979590413,344.0711680840468,500,1,[1.960986457997933],[1.9609913330059499],p001,001,2025-11-12_10h35.26.886,intentional binding,,2025.1.1,None,2025-11-12 10h35.36.129666 +0530,
0.7,1000.0,exp,61,1,5,space,1.2082961239502765,None,900,1,[1.4087847089977004],[1.4087902089813724],5,1,61,5,344.0800761670107,,344.07136795902625,344.0800761670107,345.06991675001336,345.06991675001336,345.06991675001336,346.2822465840145,space,1.2082961239502765,None,346.2843339590472,346.98666166671705,347.29485295905033,347.2743528750143,347.27603962505236,347.29485295905033,347.29485295905033,347.29485295905033,348.70400970900664,900,1,[1.4087847089977004],[1.4087902089813724],p001,001,2025-11-12_10h35.26.886,intentional binding,,2025.1.1,None,2025-11-12 10h35.36.129666 +0530,
0.1,1000.0,exp,62,2,5,space,0.135386374022346,None,100,1,[1.6502946669934317],[1.650299749977421],5,2,62,9,348.712071750022,,348.70422425004654,348.712071750022,349.69566112500615,349.69566112500615,349.704123042,349.8389159590006,space,0.135386374022346,None,349.84010066703195,349.9460355006779,350.25358037505066,350.2340705420356,350.2357570420136,350.25358037505066,350.25358037505066,350.25358037505066,351.9042399590253,100,1,[1.6502946669934317],[1.650299749977421],p001,001,2025-11-12_10h35.26.886,intentional binding,,2025.1.1,None,2025-11-12 10h35.36.129666 +0530,
0.1,1000.0,exp,63,3,5,space,1.293108832964208,None,300,1,[1.5994948339648545],[1.599499041971285],5,3,63,6,351.91209295904264,,351.90443125000456,351.91209295904264,352.8957963749999,352.8957963749999,352.90260187501553,354.1978696670267,space,1.293108832964208,None,354.19932670902926,354.29698679171656,354.60480600001756,354.5841565420269,354.58627762499964,354.60480600001756,354.60480600001756,354.60480600001756,356.20472883404,300,1,[1.5994948339648545],[1.599499041971285],p001,001,2025-11-12_10h35.26.886,intentional binding,,2025.1.1,None,2025-11-12 10h35.36.129666 +0530,
0.1,1000.0,exp,64,4,5,space,0.7933539160294458,None,300,1,[1.4527689579990692],[1.4527734580333345],5,4,64,3,356.2123242090456,,356.20491345901974,356.2123242090456,357.20356758404523,357.20356758404523,357.20356758404523,358.0055691250018,space,0.7933539160294458,None,358.00758025003597,358.11403458367954,358.4277912500547,358.40758891700534,358.4093015840044,358.4277912500547,358.4277912500547,358.4277912500547,359.8809041250497,300,1,[1.4527689579990692],[1.4527734580333345],p001,001,2025-11-12_10h35.26.886,intentional binding,,2025.1.1,None,2025-11-12 10h35.36.129666 +0530,
0.4,1000.0,exp,65,5,5,space,0.47787424898706377,None,200,1,[1.5504937910009176],[1.5504989579785615],5,5,65,4,359.88483079202706,,359.8811000420246,359.88483079202706,360.8710200000205,360.8710200000205,360.880143959017,361.3550923750154,space,0.47787424898706377,None,361.3566960419994,361.7626564587156,362.0708885000204,362.0507295000134,362.05279712501215,362.0708885000204,362.0708885000204,362.0708885000204,363.62174850003794,200,1,[1.5504937910009176],[1.5504989579785615],p001,001,2025-11-12_10h35.26.886,intentional binding,,2025.1.1,None,2025-11-12 10h35.36.129666 +0530,
0.7,1000.0,exp,66,6,5,space,0.8848848330089822,None,800,1,[1.7606123329605907],[1.7606170419603586],5,6,66,8,363.6459941670182,,363.62194512505084,363.6459941670182,364.62079341703793,364.62079341703793,364.63692200003425,365.51449204201344,space,0.8848848330089822,None,365.5158359170309,366.2199751666669,366.5277037920314,366.50707495905226,366.5088000840042,366.5277037920314,366.5277037920314,366.5277037920314,368.2887158750091,800,1,[1.7606123329605907],[1.7606170419603586],p001,001,2025-11-12_10h35.26.886,intentional binding,,2025.1.1,None,2025-11-12 10h35.36.129666 +0530,
0.7,400.0,unexp,67,7,5,space,0.7629443320329301,None,700,1,[2.184541666007135],[2.1845467499806546],5,7,67,2,368.29593908402603,,368.28896508400794,368.29593908402603,369.286624750006,369.286624750006,369.286624750006,370.0553805840318,space,0.7629443320329301,None,370.0575044590514,370.7630175006964,371.06997470901115,371.05037162505323,371.0525464590173,371.06997470901115,371.06997470901115,371.06997470901115,373.254914750054,700,1,[2.184541666007135],[2.1845467499806546],p001,001,2025-11-12_10h35.26.886,intentional binding,,2025.1.1,None,2025-11-12 10h35.36.129666 +0530,
0.4,1000.0,exp,68,8,5,space,0.4554502909886651,None,600,1,[1.5119206669623964],[1.5119247079710476],5,8,68,7,373.2621927500004,,373.25510129204486,373.2621927500004,374.2531111250282,374.2531111250282,374.2531111250282,374.71508879202884,space,0.4554502909886651,None,374.71662700001616,375.1199720416955,375.4268288340536,375.4073280420271,375.40889325004537,375.4268288340536,375.4268288340536,375.4268288340536,376.9391156670172,600,1,[1.5119206669623964],[1.5119247079710476],p001,001,2025-11-12_10h35.26.886,intentional binding,,2025.1.1,None,2025-11-12 10h35.36.129666 +0530,
0.1,400.0,unexp,69,9,5,space,0.06107970798620954,None,200,1,[1.4316242089844309],[1.431628833990544],5,9,69,0,376.9630790420342,,376.9393131250399,376.9630790420342,377.9373742090538,377.9373742090538,377.9538170840242,378.00543329201173,space,0.06107970798620954,None,378.0070905840257,378.1127420836749,378.4223799169995,378.4014630000456,378.4036239590496,378.4223799169995,378.4223799169995,378.4223799169995,379.8543802089989,200,1,[1.4316242089844309],[1.431628833990544],p001,001,2025-11-12_10h35.26.886,intentional binding,,2025.1.1,None,2025-11-12 10h35.36.129666 +0530,
0.7,1000.0,exp,70,10,5,space,0.287379541026894,None,900,1,[1.2832069169962779],[1.2832110419985838],5,10,70,11,379.861881000048,,379.85456620901823,379.861881000048,380.84604804200353,380.84604804200353,380.85441662505036,381.13805958401645,space,0.287379541026894,None,381.13977112504654,381.8467675836912,382.1548073340091,382.1337343340274,382.13594491704134,382.1548073340091,382.1548073340091,382.1548073340091,383.43837454204913,900,1,[1.2832069169962779],[1.2832110419985838],p001,001,2025-11-12_10h35.26.886,intentional binding,,2025.1.1,None,2025-11-12 10h35.36.129666 +0530,
0.4,400.0,unexp,71,11,5,space,1.0587811659788713,None,700,1,[2.1597729999921285],[2.159777083026711],5,11,71,1,383.4456156670349,,383.43856662500184,383.4456156670349,384.4363536669989,384.4363536669989,384.4363536669989,385.4976541250362,space,1.0587811659788713,None,385.49923583405325,385.9025482506879,386.2109040840296,386.19092337501934,386.19254279200686,386.2109040840296,386.2109040840296,386.2109040840296,388.3710545420181,700,1,[2.1597729999921285],[2.159777083026711],p001,001,2025-11-12_10h35.26.886,intentional binding,,2025.1.1,None,2025-11-12 10h35.36.129666 +0530,
0.7,400.0,unexp,72,0,6,space,1.091374998970423,None,900,1,[1.4467730420292355],[1.4467775840312243],6,0,72,2,388.37898320902605,,388.3712908750167,388.37898320902605,389.37078525003744,389.37078525003744,389.37078525003744,390.4644522090093,space,1.091374998970423,None,390.4660787920002,391.1646672086829,391.4740746250027,391.45155916700605,391.4549392500194,391.4740746250027,391.4740746250027,391.4740746250027,392.92124508402776,900,1,[1.4467730420292355],[1.4467775840312243],p001,001,2025-11-12_10h35.26.886,intentional binding,,2025.1.1,None,2025-11-12 10h35.36.129666 +0530,
0.4,1000.0,exp,73,1,6,space,0.7315137489931658,None,600,1,[1.3760995420161635],[1.3761036249925382],6,1,73,10,392.9291455000057,,392.9214741670294,392.9291455000057,393.93055650003953,393.93055650003953,393.9475224590278,394.6645713340258,space,0.7315137489931658,None,394.66635091701755,395.06976612570384,395.3777825840516,395.3580588750192,395.35978308401536,395.3777825840516,395.3777825840516,395.3777825840516,396.75428020901745,600,1,[1.3760995420161635],[1.3761036249925382],p001,001,2025-11-12_10h35.26.886,intentional binding,,2025.1.1,None,2025-11-12 10h35.36.129666 +0530,
0.1,1000.0,exp,74,2,6,space,0.31991795799694955,None,200,1,[1.16662550001638],[1.1666308749699965],6,2,74,6,396.7620683340356,,396.7544649170013,396.7620683340356,397.76404683402507,397.76404683402507,397.7808978340472,398.08808995899744,space,0.31991795799694955,None,398.0898417090066,398.19711841666526,398.5043748750468,398.48407854203833,398.48619858402526,398.5043748750468,398.5043748750468,398.5043748750468,399.6713725000154,200,1,[1.16662550001638],[1.1666308749699965],p001,001,2025-11-12_10h35.26.886,intentional binding,,2025.1.1,None,2025-11-12 10h35.36.129666 +0530,
0.1,400.0,unexp,75,3,6,space,0.5209947080002166,None,100,1,[1.5599582910072058],[1.5599622079753317],6,3,75,0,399.695745834033,,399.6715518340352,399.695745834033,400.67006658401806,400.67006658401806,400.68608283402864,401.1981759170303,space,0.5209947080002166,None,401.2000997920404,401.30352400069046,401.6110837919987,401.5906326670083,401.5926212090417,401.6110837919987,401.6110837919987,401.6110837919987,403.1714454170433,100,1,[1.5599582910072058],[1.5599622079753317],p001,001,2025-11-12_10h35.26.886,intentional binding,,2025.1.1,None,2025-11-12 10h35.36.129666 +0530,
0.1,1000.0,exp,76,4,6,space,0.6815217080293223,None,300,1,[1.276507708011195],[1.2765118749812245],6,4,76,3,403.19557641702704,,403.17162645905046,403.19557641702704,404.16236483404646,404.16236483404646,404.187141084054,404.84812495904043,space,0.6815217080293223,None,404.849427667039,404.94741850067317,405.26100658404175,405.2409661250422,405.2428254170227,405.26100658404175,405.26100658404175,405.26100658404175,406.53791650000494,300,1,[1.276507708011195],[1.2765118749812245],p001,001,2025-11-12_10h35.26.886,intentional binding,,2025.1.1,None,2025-11-12 10h35.36.129666 +0530,
0.1,1000.0,exp,77,5,6,space,0.4380998320411891,None,100,1,[1.1344992500380613],[1.1345040000160225],6,5,77,9,406.54571987502277,,406.53812083404046,406.54571987502277,407.5376892500208,407.5376892500208,407.5376892500208,407.981200625014,space,0.4380998320411891,None,407.9825468340423,408.08528845868227,408.3950031250133,408.37440583400894,408.37644216703484,408.3950031250133,408.3950031250133,408.3950031250133,409.52988562500104,100,1,[1.1344992500380613],[1.1345040000160225],p001,001,2025-11-12_10h35.26.886,intentional binding,,2025.1.1,None,2025-11-12 10h35.36.129666 +0530,
0.4,400.0,unexp,78,6,6,space,0.5528148740413599,None,500,1,[1.3508377500111237],[1.3508425829932094],6,6,78,1,409.53351975005353,,409.5300624590018,409.53351975005353,410.5208981670439,410.5208981670439,410.52926545904484,411.0812508750241,space,0.5528148740413599,None,411.08260550000705,411.48668287566784,411.79593654203927,411.77508987503825,411.7771762920311,411.79593654203927,411.79593654203927,411.79593654203927,413.14716162503464,500,1,[1.3508377500111237],[1.3508425829932094],p001,001,2025-11-12_10h35.26.886,intentional binding,,2025.1.1,None,2025-11-12 10h35.36.129666 +0530,
0.7,1000.0,exp,79,7,6,space,0.311428708024323,None,900,1,[0.9662414170452394],[0.9662464580032974],6,7,79,5,413.16255612502573,,413.1473445840529,413.16255612502573,414.137126000016,414.137126000016,414.15337216702756,414.45552733400837,space,0.311428708024323,None,414.4567347090342,415.1629330416947,415.47136879200116,415.4507410840015,415.45290187501814,415.47136879200116,415.47136879200116,415.47136879200116,416.437994750042,900,1,[0.9662414170452394],[0.9662464580032974],p001,001,2025-11-12_10h35.26.886,intentional binding,,2025.1.1,None,2025-11-12 10h35.36.129666 +0530,
0.7,1000.0,exp,80,8,6,space,0.502576456987299,None,900,1,[1.7083114159759134],[1.7083152909763157],6,8,80,11,416.4454672500142,,416.4381849170313,416.4454672500142,417.4370100420201,417.4370100420201,417.4370100420201,417.94907466700533,space,0.502576456987299,None,417.9510514170397,418.6530222087206,418.96255354204914,418.94226095901104,418.9439115000423,418.96255354204914,418.96255354204914,418.96255354204914,420.67126916704,900,1,[1.7083114159759134],[1.7083152909763157],p001,001,2025-11-12_10h35.26.886,intentional binding,,2025.1.1,None,2025-11-12 10h35.36.129666 +0530,
0.4,1000.0,exp,81,9,6,space,1.0458459990331903,None,700,1,[1.250049875001423],[1.2500541250337847],6,9,81,7,420.6791162500158,,420.6714543340495,420.6791162500158,421.6706212920253,421.6706212920253,421.6706212920253,422.72189379204065,space,1.0458459990331903,None,422.72354129201267,423.130126791719,423.4374402500107,423.4173476670403,423.4194027920021,423.4374402500107,423.4374402500107,423.4374402500107,424.68786091700895,700,1,[1.250049875001423],[1.2500541250337847],p001,001,2025-11-12_10h35.26.886,intentional binding,,2025.1.1,None,2025-11-12 10h35.36.129666 +0530,
0.7,1000.0,exp,82,10,6,space,1.065410374023486,None,800,1,[1.433288000000175],[1.4332923329784535],6,10,82,8,424.6957966670161,,424.68804325000383,424.6957966670161,425.6870231250068,425.6870231250068,425.6870231250068,426.75476679200074,space,1.065410374023486,None,426.7564801250119,427.46271870867736,427.77074829203775,427.7504747500061,427.7523054589983,427.77074829203775,427.77074829203775,427.77074829203775,429.2044302090071,800,1,[1.433288000000175],[1.4332923329784535],p001,001,2025-11-12_10h35.26.886,intentional binding,,2025.1.1,None,2025-11-12 10h35.36.129666 +0530,
0.4,1000.0,exp,83,11,6,space,1.0439573740004562,None,700,1,[1.426722583011724],[1.42672670801403],6,11,83,4,429.2123122920166,,429.2046556250425,429.2123122920166,430.19604658405297,430.19604658405297,430.2044330839999,431.2482639590162,space,1.0439573740004562,None,431.24976983404486,431.6532590416648,431.96075008402113,431.94047791702906,431.94206820899853,431.96075008402113,431.96075008402113,431.96075008402113,433.387857542024,700,1,[1.426722583011724],[1.42672670801403],p001,001,2025-11-12_10h35.26.886,intentional binding,,2025.1.1,None,2025-11-12 10h35.36.129666 +0530,
0.7,400.0,unexp,84,0,7,space,0.43860816600499675,None,900,1,[1.5834536249749362],[1.5834573750034906],7,0,84,2,433.3956336250412,,433.38806516700424,433.3956336250412,434.3865987920435,434.3865987920435,434.3865987920435,434.83175145904534,space,0.43860816600499675,None,434.8333323750412,435.5373682917018,435.85408520902274,435.83397470903583,435.83610295900144,435.85408520902274,435.85408520902274,435.85408520902274,437.437914292037,900,1,[1.5834536249749362],[1.5834573750034906],p001,001,2025-11-12_10h35.26.886,intentional binding,,2025.1.1,None,2025-11-12 10h35.36.129666 +0530,
0.1,400.0,unexp,85,1,7,space,1.1961358319967985,None,500,1,[1.6103370410273783],[1.6103413330274634],7,1,85,0,437.445683167025,,437.43811362504493,437.445683167025,438.43696562503465,438.43696562503465,438.43696562503465,439.6486089170212,space,1.1961358319967985,None,439.64989837503526,439.7534041666697,440.0605997090461,440.04087379202247,440.04279883403797,440.0605997090461,440.0605997090461,440.0605997090461,441.6713276250521,500,1,[1.6103370410273783],[1.6103413330274634],p001,001,2025-11-12_10h35.26.886,intentional binding,,2025.1.1,None,2025-11-12 10h35.36.129666 +0530,
0.4,400.0,unexp,86,2,7,space,0.2779187080450356,None,400,1,[4.826795207976829],[4.8267997080110945],7,2,86,1,441.6786797090317,,441.67152516701026,441.6786797090317,442.67094883404206,442.67094883404206,442.67094883404206,442.9547198340297,space,0.2779187080450356,None,442.9560264170286,443.36358787567974,443.6714783750358,443.6505889170221,443.6527910840232,443.6714783750358,443.6714783750358,443.6714783750358,448.49866466701496,400,1,[4.826795207976829],[4.8267997080110945],p001,001,2025-11-12_10h35.26.886,intentional binding,,2025.1.1,None,2025-11-12 10h35.36.129666 +0530,
0.7,1000.0,exp,87,3,7,space,0.33453308301977813,None,500,1,[1.6281058329623193],[1.6281108330003917],7,3,87,5,448.5033070000354,,448.4988547920366,448.5033070000354,449.4962449170416,449.4962449170416,449.4962449170416,449.83740554202814,space,0.33453308301977813,None,449.83869337500073,450.537267625685,450.8433618750423,450.8243262920296,450.8259770840523,450.8433618750423,450.8433618750423,450.8433618750423,452.4718668340356,500,1,[1.6281058329623193],[1.6281108330003917],p001,001,2025-11-12_10h35.26.886,intentional binding,,2025.1.1,None,2025-11-12 10h35.36.129666 +0530,
0.7,1000.0,exp,88,4,7,space,0.28710845799650997,None,900,1,[1.1315288330079056],[1.131533167033922],7,4,88,8,452.4795030000387,,452.4720695420401,452.4795030000387,453.4706366250175,453.4706366250175,453.4706366250175,453.7654496250325,space,0.28710845799650997,None,453.7669497920433,454.4700383757047,454.7894417089992,454.7691551250173,454.77136791701196,454.7894417089992,454.7894417089992,454.7894417089992,455.9213890420506,900,1,[1.1315288330079056],[1.131533167033922],p001,001,2025-11-12_10h35.26.886,intentional binding,,2025.1.1,None,2025-11-12 10h35.36.129666 +0530,
0.4,1000.0,exp,89,5,7,space,1.702632331987843,None,900,1,[1.2586228330037557],[1.2586283329874277],7,5,89,10,455.9287459170446,,455.9215663750074,455.9287459170446,456.9200825840235,456.9200825840235,456.9200825840235,458.6332988750073,space,1.702632331987843,None,458.63509216700913,459.0367922086773,459.3462095420109,459.32533979200525,459.3275162090431,459.3462095420109,459.3462095420109,459.3462095420109,460.60522291704547,900,1,[1.2586228330037557],[1.2586283329874277],p001,001,2025-11-12_10h35.26.886,intentional binding,,2025.1.1,None,2025-11-12 10h35.36.129666 +0530,
0.1,1000.0,exp,90,6,7,space,1.0146559569984674,None,200,1,[2.408825041959062],[2.4088310829829425],7,6,90,3,460.629174583999,,460.605453709024,460.629174583999,461.61476620903704,461.61476620903704,461.63118625001516,462.63225658400916,space,1.0146559569984674,None,462.63468445901526,462.7362027507081,463.0460287500173,463.024380625051,463.0265520000248,463.0460287500173,463.0460287500173,463.0460287500173,465.45526245899964,200,1,[2.408825041959062],[2.4088310829829425],p001,001,2025-11-12_10h35.26.886,intentional binding,,2025.1.1,None,2025-11-12 10h35.36.129666 +0530,
0.1,1000.0,exp,91,7,7,space,0.4542133740033023,None,200,1,[2.158847875020001],[2.158851833024528],7,7,91,6,465.47939212503843,,465.45545645902166,465.47939212503843,466.4542677090503,466.4542677090503,466.4703040840104,466.9146259590052,space,0.4542133740033023,None,466.9167611669982,467.01990275067897,467.3291682920535,467.30815416702535,467.3098600420053,467.3291682920535,467.3291682920535,467.3291682920535,469.48843170900363,200,1,[2.158847875020001],[2.158851833024528],p001,001,2025-11-12_10h35.26.886,intentional binding,,2025.1.1,None,2025-11-12 10h35.36.129666 +0530,
0.7,1000.0,exp,92,8,7,space,0.43663879099767655,None,800,1,[1.8173764999955893],[1.8173805419937707],7,8,92,11,469.51282020902727,,469.48863325000275,469.51282020902727,470.4797313340241,470.4797313340241,470.5042074590456,470.9221555000404,space,0.43663879099767655,None,470.9235295000253,471.62998129171706,471.93690054200124,471.9175561250304,471.91933066700585,471.93690054200124,471.93690054200124,471.93690054200124,473.7546724170097,800,1,[1.8173764999955893],[1.8173805419937707],p001,001,2025-11-12_10h35.26.886,intentional binding,,2025.1.1,None,2025-11-12 10h35.36.129666 +0530,
0.4,1000.0,exp,93,9,7,space,0.7858762079849839,None,600,1,[1.4086355000035837],[1.4086397089995444],7,9,93,7,473.76263658405514,,473.7548928340548,473.76263658405514,474.7463677500491,474.7463677500491,474.75537529203575,475.53974820900476,space,0.7858762079849839,None,475.5420766250463,475.947659916714,476.2624527500011,476.2413407090353,476.2431582090212,476.2624527500011,476.2624527500011,476.2624527500011,477.6714880420477,600,1,[1.4086355000035837],[1.4086397089995444],p001,001,2025-11-12_10h35.26.886,intentional binding,,2025.1.1,None,2025-11-12 10h35.36.129666 +0530,
0.1,1000.0,exp,94,10,7,space,0.3617373739834875,None,100,1,[1.727612541988492],[1.7276170420227572],7,10,94,9,477.67955770902336,,477.67171083402354,477.67955770902336,478.67044670903124,478.67044670903124,478.67044670903124,479.0392114170245,space,0.3617373739834875,None,479.0412955840002,479.14643787569753,479.45388133404776,479.43386329204077,479.43589033401804,479.45388133404776,479.45388133404776,479.45388133404776,481.1818831250421,100,1,[1.727612541988492],[1.7276170420227572],p001,001,2025-11-12_10h35.26.886,intentional binding,,2025.1.1,None,2025-11-12 10h35.36.129666 +0530,
0.4,1000.0,exp,95,11,7,space,0.24911924998741597,None,100,1,[1.199503791052848],[1.1995082080247812],7,11,95,4,481.197454417008,,481.182086084038,481.197454417008,482.17988662503194,482.17988662503194,482.1872511250549,482.431422667054,space,0.24911924998741597,None,482.4327541250386,482.8306422916978,483.13830412505195,483.1173777920194,483.11955312499776,483.13830412505195,483.13830412505195,483.13830412505195,484.33820458402624,100,1,[1.199503791052848],[1.1995082080247812],p001,001,2025-11-12_10h35.26.886,intentional binding,,2025.1.1,None,2025-11-12 10h35.36.129666 +0530,
0.1,1000.0,exp,96,0,8,space,0.6527401659986936,None,200,1,[1.3105665830080397],[1.3105707910144702],8,0,96,6,484.34611920901807,,484.3384098750539,484.34611920901807,485.3372175000259,485.3372175000259,485.3372175000259,485.9991084590438,space,0.6527401659986936,None,486.0006215000176,486.10414829169554,486.41097833402455,486.3910790000227,486.39268433401594,486.41097833402455,486.41097833402455,486.41097833402455,487.7219369590166,200,1,[1.3105665830080397],[1.3105707910144702],p001,001,2025-11-12_10h35.26.886,intentional binding,,2025.1.1,None,2025-11-12 10h35.36.129666 +0530,
0.7,1000.0,exp,97,1,8,space,0.3536744989687577,None,400,1,[1.183233832998667],[1.183239291945938],8,1,97,11,487.74601979204454,,487.7221543750493,487.74601979204454,488.7203216670314,488.7203216670314,488.7368792089983,489.0821252920432,space,0.3536744989687577,None,489.08346987504046,489.7876210417055,490.10478320904076,490.0849087500246,490.087112875015,490.10478320904076,490.10478320904076,490.10478320904076,491.28840695903637,400,1,[1.183233832998667],[1.183239291945938],p001,001,2025-11-12_10h35.26.886,intentional binding,,2025.1.1,None,2025-11-12 10h35.36.129666 +0530,
0.4,400.0,unexp,98,2,8,space,0.7151260409737006,None,800,1,[2.1916124999988824],[2.1916163749992847],8,2,98,1,491.29664220905397,,491.2885842920514,491.29664220905397,492.27972716704244,492.27972716704244,492.2864948339993,492.9978162920452,space,0.7151260409737006,None,492.9998225000454,493.40316070866925,493.71293520904146,493.69111870904453,493.6930905840127,493.71293520904146,493.71293520904146,493.71293520904146,495.9049335840391,800,1,[2.1916124999988824],[2.1916163749992847],p001,001,2025-11-12_10h35.26.886,intentional binding,,2025.1.1,None,2025-11-12 10h35.36.129666 +0530,
0.4,1000.0,exp,99,3,8,space,0.328925582987722,None,200,1,[1.631714625051245],[1.6317186670494266],8,3,99,7,495.91227925004205,,495.90513229201315,495.91227925004205,496.90381937503116,496.90381937503116,496.90381937503116,497.23859750002157,space,0.328925582987722,None,497.24037404201226,497.6467451257088,497.956461667025,497.9359485420282,497.9381623750087,497.956461667025,497.956461667025,497.956461667025,499.5885780000244,200,1,[1.631714625051245],[1.6317186670494266],p001,001,2025-11-12_10h35.26.886,intentional binding,,2025.1.1,None,2025-11-12 10h35.36.129666 +0530,
0.4,1000.0,exp,100,4,8,space,0.41615654103225097,None,400,1,[1.5924227919895202],[1.5924271669937298],8,4,100,10,499.6129302090267,,499.58876229199814,499.6129302090267,500.58749504201114,500.58749504201114,500.60428987501655,501.01527704205364,space,0.41615654103225097,None,501.0167182920268,501.42012891668514,501.72890679200646,501.70803787501063,501.7096058340394,501.72890679200646,501.72890679200646,501.72890679200646,503.32170604204293,400,1,[1.5924227919895202],[1.5924271669937298],p001,001,2025-11-12_10h35.26.886,intentional binding,,2025.1.1,None,2025-11-12 10h35.36.129666 +0530,
0.1,400.0,unexp,101,5,8,space,0.3876561660435982,None,500,1,[3.911043958971277],[3.9110490839811973],8,5,101,0,503.346225959016,,503.32192545902217,503.346225959016,504.31993675004924,504.31993675004924,504.3371535000042,504.71507166704396,space,0.3876561660435982,None,504.71654379204847,504.8190145837182,505.1268718750216,505.10740891704336,505.1088150840369,505.1268718750216,505.1268718750216,505.1268718750216,509.0383314170176,500,1,[3.911043958971277],[3.9110490839811973],p001,001,2025-11-12_10h35.26.886,intentional binding,,2025.1.1,None,2025-11-12 10h35.36.129666 +0530,
0.4,1000.0,exp,102,6,8,space,0.3879677910008468,None,200,1,[1.491530083003454],[1.491534499975387],8,6,102,4,509.04657545901136,,509.03853100002743,509.04657545901136,510.03754162503174,510.03754162503174,510.03754162503174,510.43199616705533,space,0.3879677910008468,None,510.4335352500202,510.8371392507145,511.14661150000757,511.1253484589979,511.1274912090157,511.14661150000757,511.14661150000757,511.14661150000757,512.6385698340018,200,1,[1.491530083003454],[1.491534499975387],p001,001,2025-11-12_10h35.26.886,intentional binding,,2025.1.1,None,2025-11-12 10h35.36.129666 +0530,
0.1,1000.0,exp,103,7,8,space,0.5807966240099631,None,100,1,[1.351146666042041],[1.351150791044347],8,7,103,9,512.6459790000226,,512.6387818750227,512.6459790000226,513.6356071670307,513.6356071670307,513.6356071670307,514.2238367090467,space,0.5807966240099631,None,514.2258525840007,514.3301152506649,514.6382802920416,514.6178683750331,514.6200892920024,514.6382802920416,514.6382802920416,514.6382802920416,515.98983145901,100,1,[1.351146666042041],[1.351150791044347],p001,001,2025-11-12_10h35.26.886,intentional binding,,2025.1.1,None,2025-11-12 10h35.36.129666 +0530,
0.7,400.0,unexp,104,8,8,space,0.3057712080189958,None,500,1,[1.9418366250465624],[1.9418416670523584],8,8,104,2,516.0138852090458,,515.9900085420231,516.0138852090458,516.9874515000265,516.9874515000265,517.0036990420194,517.2984578340547,space,0.3057712080189958,None,517.3005038750125,518.003919708721,518.3131289590383,518.2919007920427,518.2939683340373,518.3131289590383,518.3131289590383,518.3131289590383,520.2553487090045,500,1,[1.9418366250465624],[1.9418416670523584],p001,001,2025-11-12_10h35.26.886,intentional binding,,2025.1.1,None,2025-11-12 10h35.36.129666 +0530,
0.7,1000.0,exp,105,9,8,space,0.372292956977617,None,700,1,[2.957433417032007],[2.9574385420419276],8,9,105,8,520.2797470000223,,520.2555482500466,520.2797470000223,521.2540104590007,521.2540104590007,521.2704242920154,521.6319953339989,space,0.372292956977617,None,521.6334328750381,522.3371891257159,522.6472838339978,522.6250940420432,522.6269947920227,522.6472838339978,522.6472838339978,522.6472838339978,525.6051338340039,700,1,[2.957433417032007],[2.9574385420419276],p001,001,2025-11-12_10h35.26.886,intentional binding,,2025.1.1,None,2025-11-12 10h35.36.129666 +0530,
0.1,1000.0,exp,106,10,8,space,0.3119685410056263,None,200,1,[1.2995191660011187],[1.2995239160372876],8,10,106,3,525.6124864169979,,525.6053343750536,525.6124864169979,526.6041348750005,526.6041348750005,526.6041348750005,526.9217110419995,space,0.3119685410056263,None,526.9230289170519,527.0311234587027,527.3386512090219,527.3188488340238,527.3208395420224,527.3386512090219,527.3386512090219,527.3386512090219,528.6385801249999,200,1,[1.2995191660011187],[1.2995239160372876],p001,001,2025-11-12_10h35.26.886,intentional binding,,2025.1.1,None,2025-11-12 10h35.36.129666 +0530,
0.7,1000.0,exp,107,11,8,space,0.6820406659971923,None,400,1,[1.433360667026136],[1.4333650839980692],8,11,107,5,528.6464008340263,,528.638776250009,528.6464008340263,529.6368922920083,529.6368922920083,529.6368922920083,530.322384625033,space,0.6820406659971923,None,530.3236313340021,531.0299614587022,531.3378805420361,531.3176357090124,531.3198120419984,531.3378805420361,531.3378805420361,531.3378805420361,532.7716225420008,400,1,[1.433360667026136],[1.4333650839980692],p001,001,2025-11-12_10h35.26.886,intentional binding,,2025.1.1,None,2025-11-12 10h35.36.129666 +0530,
0.1,400.0,unexp,108,0,9,space,0.7408439990249462,None,800,1,[2.3775207920116372],[2.3775248330202885],9,0,108,0,532.779587459052,,532.7718286670279,532.779587459052,533.7639684170135,533.7639684170135,533.7715159590007,534.514815542032,space,0.7408439990249462,None,534.5165490420186,534.6191570006815,534.9271407090127,534.9082538750372,534.9099424169981,534.9271407090127,534.9271407090127,534.9271407090127,537.3050432090531,800,1,[2.3775207920116372],[2.3775248330202885],p001,001,2025-11-12_10h35.26.886,intentional binding,,2025.1.1,None,2025-11-12 10h35.36.129666 +0530,
0.1,1000.0,exp,109,1,9,space,0.8750952910049818,None,200,1,[1.8946548329549842],[1.894659249985125],9,1,109,6,537.3128274170449,,537.3052499170299,537.3128274170449,538.2966755840462,538.2966755840462,538.3039635000168,539.1821926670382,space,0.8750952910049818,None,539.184448459011,539.2875725007073,539.594500584004,539.5748997090268,539.5766709170421,539.594500584004,539.594500584004,539.594500584004,541.4895202920306,200,1,[1.8946548329549842],[1.894659249985125],p001,001,2025-11-12_10h35.26.886,intentional binding,,2025.1.1,None,2025-11-12 10h35.36.129666 +0530,
0.7,1000.0,exp,110,2,9,space,0.9034859160310589,None,400,1,[2.1966550829820335],[2.1966599579900503],9,2,110,11,541.5138254589983,,541.489712959039,541.5138254589983,542.4822778340313,542.4822778340313,542.5036557500134,543.3894498340087,space,0.9034859160310589,None,543.3916244590073,544.0967842086723,544.4081448750221,544.3861534590251,544.3886799590546,544.4081448750221,544.4081448750221,544.4081448750221,546.6051986670354,400,1,[2.1966550829820335],[2.1966599579900503],p001,001,2025-11-12_10h35.26.886,intentional binding,,2025.1.1,None,2025-11-12 10h35.36.129666 +0530,
0.7,1000.0,exp,111,3,9,space,0.9610197489964776,None,800,1,[2.526139958004933],[2.5261439160094596],9,3,111,5,546.6130364590208,,546.6054000420263,546.6130364590208,547.6146206670091,547.6146206670091,547.6316633750102,548.5832461670507,space,0.9610197489964776,None,548.5847732920083,549.2882664586689,549.5952387920115,549.5749405000242,549.5765699589974,549.5952387920115,549.5952387920115,549.5952387920115,552.1217822090257,800,1,[2.526139958004933],[2.5261439160094596],p001,001,2025-11-12_10h35.26.886,intentional binding,,2025.1.1,None,2025-11-12 10h35.36.129666 +0530,
0.1,1000.0,exp,112,4,9,space,0.5150161240017042,None,100,1,[2.778265916975215],[2.7782700829557143],9,4,112,9,552.1297441670322,,552.1219648340484,552.1297441670322,553.1208653750364,553.1208653750364,553.1208653750364,553.6391338340472,space,0.5150161240017042,None,553.6407601250103,553.747902250678,554.0604955420131,554.0411341250292,554.0427522920072,554.0604955420131,554.0604955420131,554.0604955420131,556.8391582920449,100,1,[2.778265916975215],[2.7782700829557143],p001,001,2025-11-12_10h35.26.886,intentional binding,,2025.1.1,None,2025-11-12 10h35.36.129666 +0530,
0.7,1000.0,exp,113,5,9,space,0.5013795410050079,None,800,1,[1.9257799169863574],[1.925783958984539],9,5,113,8,556.8633938340354,,556.8393368750112,556.8633938340354,557.8378607920022,557.8378607920022,557.8539602920064,558.3485191670479,space,0.5013795410050079,None,558.3498304170207,559.0538642507202,559.3629553340143,559.3415073750075,559.3435364590259,559.3629553340143,559.3629553340143,559.3629553340143,561.2891235840507,800,1,[1.9257799169863574],[1.925783958984539],p001,001,2025-11-12_10h35.26.886,intentional binding,,2025.1.1,None,2025-11-12 10h35.36.129666 +0530,
0.7,400.0,unexp,114,6,9,space,0.4090049160295166,None,400,1,[3.6268867919570766],[3.626890874991659],9,6,114,2,561.3132605420542,,561.2893185420544,561.3132605420542,562.2882890000474,562.2882890000474,562.3040275420062,562.7052928750054,space,0.4090049160295166,None,562.7066081670346,563.4135797916717,563.7212996670278,563.7015265840455,563.703321375011,563.7212996670278,563.7212996670278,563.7212996670278,567.3485560840345,400,1,[3.6268867919570766],[3.626890874991659],p001,001,2025-11-12_10h35.26.886,intentional binding,,2025.1.1,None,2025-11-12 10h35.36.129666 +0530,
0.4,1000.0,exp,115,7,9,space,0.6632202909677289,None,400,1,[1.4763706250232644],[1.4763754999730736],9,7,115,4,567.3526830840274,,567.3487485840451,567.3526830840274,568.364943209046,568.364943209046,568.364943209046,569.0336114170495,space,0.6632202909677289,None,569.0352777920198,569.4374524166963,569.7456210840028,569.725275667035,569.7269046670408,569.7456210840028,569.7456210840028,569.7456210840028,571.2223870840389,400,1,[1.4763706250232644],[1.4763754999730736],p001,001,2025-11-12_10h35.26.886,intentional binding,,2025.1.1,None,2025-11-12 10h35.36.129666 +0530,
0.4,400.0,unexp,116,8,9,space,2.4601308749988675,None,300,1,[1.995958208979573],[1.9959625839837827],9,8,116,1,571.2465811250149,,571.222585917043,571.2465811250149,572.2218102500192,572.2218102500192,572.2378222090192,574.6944013340399,space,2.4601308749988675,None,574.6971133750048,575.0977564167154,575.4093637500191,575.385669292009,575.38780408405,575.4093637500191,575.4093637500191,575.4093637500191,577.4057350420044,300,1,[1.995958208979573],[1.9959625839837827],p001,001,2025-11-12_10h35.26.886,intentional binding,,2025.1.1,None,2025-11-12 10h35.36.129666 +0530,
0.1,1000.0,exp,117,9,9,space,1.6522928740014322,None,400,1,[4.208500084001571],[4.208504209003877],9,9,117,3,577.429955833999,,577.4059799590032,577.429955833999,578.4046151670045,578.4046151670045,578.4203157920274,580.0655296670157,space,1.6522928740014322,None,580.0670887920423,580.1693928336647,580.4804525840445,580.4591076670331,580.4611635000329,580.4804525840445,580.4804525840445,580.4804525840445,584.6893620840274,400,1,[4.208500084001571],[4.208504209003877],p001,001,2025-11-12_10h35.26.886,intentional binding,,2025.1.1,None,2025-11-12 10h35.36.129666 +0530,
0.4,1000.0,exp,118,10,9,space,0.7082769160042517,None,200,1,[1.3280882089748047],[1.3280922920093872],9,10,118,10,584.7134876250057,,584.6896343750414,584.7134876250057,585.6874896670342,585.6874896670342,585.7035246250452,586.3993283750024,space,0.7082769160042517,None,586.4012030420126,586.8036790416847,587.1104255420505,587.0913722920232,587.0932637500227,587.1104255420505,587.1104255420505,587.1104255420505,588.4389194170362,200,1,[1.3280882089748047],[1.3280922920093872],p001,001,2025-11-12_10h35.26.886,intentional binding,,2025.1.1,None,2025-11-12 10h35.36.129666 +0530,
0.4,1000.0,exp,119,11,9,space,0.9315918329521082,None,400,1,[2.2992915000068024],[2.299295875011012],9,11,119,7,588.4465176250087,,588.4391272500507,588.4465176250087,589.4370470420108,589.4370470420108,589.4370470420108,590.37282400002,space,0.9315918329521082,None,590.3746470420156,590.7818199166834,591.0887132090284,591.0691570840427,591.0705817500129,591.0887132090284,591.0887132090284,591.0887132090284,593.3883999170503,400,1,[2.2992915000068024],[2.299295875011012],p001,001,2025-11-12_10h35.26.886,intentional binding,,2025.1.1,None,2025-11-12 10h35.36.129666 +0530,
0.1,400.0,unexp,120,0,10,space,0.4859563329955563,None,100,1,[1.8091615420416929],[1.8091657920158468],10,0,120,0,593.396304834052,,593.3886062090169,593.396304834052,594.3984400840127,594.3984400840127,594.4150015000487,594.8901967090205,space,0.4859563329955563,None,594.8914270840469,594.9971072917144,595.3050509590539,595.2845607500058,595.2868097090395,595.3050509590539,595.3050509590539,595.3050509590539,597.1145965000032,100,1,[1.8091615420416929],[1.8091657920158468],p001,001,2025-11-12_10h35.26.886,intentional binding,,2025.1.1,None,2025-11-12 10h35.36.129666 +0530,
0.7,400.0,unexp,121,1,10,space,0.604580375016667,None,800,1,[2.3923946249997243],[2.392399124975782],10,1,121,2,597.1183711670456,,597.1147704590112,597.1183711670456,598.1048045000061,598.1048045000061,598.1141080000089,598.7154615840409,space,0.604580375016667,None,598.7168859590311,599.4208037086685,599.7297113340464,599.7088858750067,599.7106544170529,599.7297113340464,599.7297113340464,599.7297113340464,602.1225140420138,800,1,[2.3923946249997243],[2.392399124975782],p001,001,2025-11-12_10h35.26.886,intentional binding,,2025.1.1,None,2025-11-12 10h35.36.129666 +0530,
0.7,1000.0,exp,122,2,10,space,0.6111065410077572,None,600,1,[3.5321337089990266],[3.5321378340013325],10,2,122,5,602.1298146250192,,602.1227104170248,602.1298146250192,603.1211849590181,603.1211849590181,603.1211849590181,603.7391065420234,space,0.6111065410077572,None,603.7406237920513,604.4471373336894,604.7561696670018,604.7361691250117,604.7383373340126,604.7561696670018,604.7561696670018,604.7561696670018,608.2886907090433,600,1,[3.5321337089990266],[3.5321378340013325],p001,001,2025-11-12_10h35.26.886,intentional binding,,2025.1.1,None,2025-11-12 10h35.36.129666 +0530,
0.1,1000.0,exp,123,3,10,space,2.5929508329718374,None,100,1,[1.5666705000330694],[1.566675208043307],10,3,123,6,608.296184750041,,608.2888875839999,608.296184750041,609.2880960840266,609.2880960840266,609.2880960840266,611.8890917090466,space,2.5929508329718374,None,611.8903515840066,611.9971351666647,612.304852375004,612.2849556670408,612.2871323340223,612.304852375004,612.304852375004,612.304852375004,613.8719226670219,100,1,[1.5666705000330694],[1.566675208043307],p001,001,2025-11-12_10h35.26.886,intentional binding,,2025.1.1,None,2025-11-12 10h35.36.129666 +0530,
0.7,1000.0,exp,124,4,10,space,0.7954748739721254,None,800,1,[1.075026708014775],[1.0750307910493575],10,4,124,8,613.8798065000447,,613.8721012500464,613.8798065000447,614.8635363340145,614.8635363340145,614.8707213750458,615.6657986250357,space,0.7954748739721254,None,615.6672222920461,616.3707904166697,616.6796624590061,616.6583929590415,616.6604609170463,616.6796624590061,616.6796624590061,616.6796624590061,617.75506962504,800,1,[1.075026708014775],[1.0750307910493575],p001,001,2025-11-12_10h35.26.886,intentional binding,,2025.1.1,None,2025-11-12 10h35.36.129666 +0530,
0.7,1000.0,exp,125,5,10,space,1.1771849570213817,None,700,1,[2.7335487089585513],[2.7335527499672025],10,5,125,11,617.7630045000114,,617.7552595840534,617.7630045000114,618.7477791249985,618.7477791249985,618.7543588750414,619.9322177499998,space,1.1771849570213817,None,619.9337938340032,620.6368862086713,620.9549632920534,620.9358972090413,620.9376705840114,620.9549632920534,620.9549632920534,620.9549632920534,623.6889163750457,700,1,[2.7335487089585513],[2.7335527499672025],p001,001,2025-11-12_10h35.26.886,intentional binding,,2025.1.1,None,2025-11-12 10h35.36.129666 +0530,
0.1,1000.0,exp,126,6,10,space,1.9134790829848498,None,300,1,[1.3156985000241548],[1.3157026250264607],10,6,126,9,623.6963609590312,,623.6890999170137,623.6963609590312,624.6803767090314,624.6803767090314,624.688056709012,626.5995875420049,space,1.9134790829848498,None,626.6016826250125,626.7148155007201,627.0227110840497,627.0022024590289,627.0043899170123,627.0227110840497,627.0227110840497,627.0227110840497,628.3387840000214,300,1,[1.3156985000241548],[1.3157026250264607],p001,001,2025-11-12_10h35.26.886,intentional binding,,2025.1.1,None,2025-11-12 10h35.36.129666 +0530,
0.1,1000.0,exp,127,7,10,space,1.2540077489684336,None,100,1,[1.6838044170290232],[1.6838085839990526],10,7,127,3,628.3466834170395,,628.3389681249973,628.3466834170395,629.337716375012,629.337716375012,629.337716375012,630.5980936670094,space,1.2540077489684336,None,630.599706500012,630.6981751666792,631.0047918750206,630.9853036670247,630.9867884590058,631.0047918750206,631.0047918750206,631.0047918750206,632.689030834008,100,1,[1.6838044170290232],[1.6838085839990526],p001,001,2025-11-12_10h35.26.886,intentional binding,,2025.1.1,None,2025-11-12 10h35.36.129666 +0530,
0.4,1000.0,exp,128,8,10,space,0.7331480830325745,None,100,1,[2.176797082996927],[2.176801207999233],10,8,128,10,632.7133065420203,,632.6892122090212,632.7133065420203,633.6815063750255,633.6815063750255,633.7041492920252,634.4217472090386,space,0.7331480830325745,None,634.4231289590243,634.8210152086724,635.1281321670394,635.1082325840252,635.1098526249989,635.1281321670394,635.1281321670394,635.1281321670394,637.3053043750115,100,1,[2.176797082996927],[2.176801207999233],p001,001,2025-11-12_10h35.26.886,intentional binding,,2025.1.1,None,2025-11-12 10h35.36.129666 +0530,
0.4,1000.0,exp,129,9,10,space,1.095572040998377,None,400,1,[1.958314374962356],[1.958319165976718],10,9,129,7,637.3131479590083,,637.3054899999988,637.3131479590083,638.303890750045,638.303890750045,638.303890750045,639.4062667500111,space,1.095572040998377,None,639.4077702920185,639.8151898336985,640.1297936250339,640.1094826250337,640.111609625048,640.1297936250339,640.1297936250339,640.1297936250339,642.0885055420222,400,1,[1.958314374962356],[1.958319165976718],p001,001,2025-11-12_10h35.26.886,intentional binding,,2025.1.1,None,2025-11-12 10h35.36.129666 +0530,
0.4,400.0,unexp,130,10,10,space,0.5399422079790384,None,500,1,[2.25935466599185],[2.2593591249897145],10,10,130,1,642.096349917003,,642.0886962920194,642.096349917003,643.0874917920446,643.0874917920446,643.0874917920446,643.6323637920432,space,0.5399422079790384,None,643.6337003340013,644.036993875696,644.3461798750213,644.3254145000246,644.3274770840071,644.3461798750213,644.3461798750213,644.3461798750213,646.6059041670524,500,1,[2.25935466599185],[2.2593591249897145],p001,001,2025-11-12_10h35.26.886,intentional binding,,2025.1.1,None,2025-11-12 10h35.36.129666 +0530,
0.4,1000.0,exp,131,11,10,space,1.154393250006251,None,200,1,[1.8411291249794886],[1.841133332985919],10,11,131,4,646.6300459170016,,646.6060862920131,646.6300459170016,647.60433487501,647.60433487501,647.6209427090362,648.7662624590448,space,1.154393250006251,None,648.7684249170125,649.1719413336871,649.4806288340478,649.460436375055,649.4626430420321,649.4806288340478,649.4806288340478,649.4806288340478,651.3221274590469,200,1,[1.8411291249794886],[1.841133332985919],p001,001,2025-11-12_10h35.26.886,intentional binding,,2025.1.1,None,2025-11-12 10h35.36.129666 +0530,
0.7,400.0,unexp,132,0,11,space,0.5860853740014136,None,300,1,[1.7597059580148198],[1.7597102080471814],11,0,132,2,651.3296352920006,,651.3223129170365,651.3296352920006,652.3210860420368,652.3210860420368,652.3210860420368,652.9159520000103,space,0.5860853740014136,None,652.9172853340278,653.6204020836778,653.9288694590214,653.9089339170023,653.9109933750005,653.9288694590214,653.9288694590214,653.9288694590214,655.6889880840317,300,1,[1.7597059580148198],[1.7597102080471814],p001,001,2025-11-12_10h35.26.886,intentional binding,,2025.1.1,None,2025-11-12 10h35.36.129666 +0530,
0.1,1000.0,exp,133,1,11,space,0.9537771660252474,None,200,1,[5.043732957972679],[5.043737041996792],11,1,133,9,655.6972352500306,,655.6891776670236,655.6972352500306,656.687264459033,656.687264459033,656.687264459033,657.6495144590153,space,0.9537771660252474,None,657.6509153340012,657.7535178337168,658.0612735840259,658.0417101670173,658.0434485840378,658.0612735840259,658.0612735840259,658.0612735840259,663.1054145420203,200,1,[5.043732957972679],[5.043737041996792],p001,001,2025-11-12_10h35.26.886,intentional binding,,2025.1.1,None,2025-11-12 10h35.36.129666 +0530,
0.7,1000.0,exp,134,2,11,space,0.10239079099847004,None,800,1,[2.4584611659520306],[2.458465415984392],11,2,134,5,663.1132358340546,,663.1056633749977,663.1132358340546,664.0975994590553,664.0975994590553,664.1041803749977,664.2058086250327,space,0.10239079099847004,None,664.2073324590456,664.904997875685,665.2133279170375,665.1923902090057,665.1944039590308,665.2133279170375,665.2133279170375,665.2133279170375,667.6721682500211,800,1,[2.4584611659520306],[2.458465415984392],p001,001,2025-11-12_10h35.26.886,intentional binding,,2025.1.1,None,2025-11-12 10h35.36.129666 +0530,
0.7,1000.0,exp,135,3,11,space,0.44327762397006154,None,500,1,[3.06499691598583],[3.065001957991626],11,3,135,8,667.6799504170194,,667.672347292013,667.6799504170194,668.6705643750029,668.6705643750029,668.6705643750029,669.1162123750546,space,0.44327762397006154,None,669.1178106250009,669.815398875686,670.1235421250458,670.1024791670498,670.1048783340375,670.1235421250458,670.1235421250458,670.1235421250458,673.1889168340131,500,1,[3.06499691598583],[3.065001957991626],p001,001,2025-11-12_10h35.26.886,intentional binding,,2025.1.1,None,2025-11-12 10h35.36.129666 +0530,
0.7,1000.0,exp,136,4,11,space,2.882674874039367,None,700,1,[1.1832602499634959],[1.1832657079794444],11,4,136,11,673.1973093340057,,673.1891256250092,673.1973093340057,674.1879814590211,674.1879814590211,674.1879814590211,677.0734491670155,space,2.882674874039367,None,677.0751890840475,677.7808832507037,678.088881209027,678.0687436250155,678.0709768340457,678.088881209027,678.088881209027,678.088881209027,679.2725531670148,700,1,[1.1832602499634959],[1.1832657079794444],p001,001,2025-11-12_10h35.26.886,intentional binding,,2025.1.1,None,2025-11-12 10h35.36.129666 +0530,
0.1,1000.0,exp,137,5,11,space,1.079611582972575,None,200,1,[2.2172441669972613],[2.217248582979664],11,5,137,3,679.2969713750063,,679.2727403750177,679.2969713750063,680.2709318750422,680.2709318750422,680.2874269169988,681.3558556670323,space,1.079611582972575,None,681.3571483340347,681.4646057916727,681.771782374999,681.7522085840465,681.7544370840187,681.771782374999,681.771782374999,681.771782374999,683.9894350840477,200,1,[2.2172441669972613],[2.217248582979664],p001,001,2025-11-12_10h35.26.886,intentional binding,,2025.1.1,None,2025-11-12 10h35.36.129666 +0530,
0.1,1000.0,exp,138,6,11,space,1.9758900820161216,None,200,1,[2.132193166005891],[2.1321974999736995],11,6,138,6,683.9967685840093,,683.9896180000505,683.9967685840093,684.9876308340463,684.9876308340463,684.9876308340463,686.9654088340467,space,1.9758900820161216,None,686.9670055000461,687.0651831667094,687.3732847089996,687.3525537920068,687.3547132500098,687.3732847089996,687.3732847089996,687.3732847089996,689.5058660420473,200,1,[2.132193166005891],[2.1321974999736995],p001,001,2025-11-12_10h35.26.886,intentional binding,,2025.1.1,None,2025-11-12 10h35.36.129666 +0530,
0.4,1000.0,exp,139,7,11,space,1.32328004098963,None,200,1,[1.3444815420079976],[1.3444859169539995],11,7,139,7,689.5138870000374,,689.5060498750536,689.5138870000374,690.5049811250065,690.5049811250065,690.5049811250065,691.8325712500373,space,1.32328004098963,None,691.8343602090026,692.2373604587085,692.5442083750386,692.5248499590089,692.5265777500463,692.5442083750386,692.5442083750386,692.5442083750386,693.8890965000028,200,1,[1.3444815420079976],[1.3444859169539995],p001,001,2025-11-12_10h35.26.886,intentional binding,,2025.1.1,None,2025-11-12 10h35.36.129666 +0530,
0.4,1000.0,exp,140,8,11,space,0.4436529579688795,None,700,1,[2.610443707962986],[2.6104489169665612],11,8,140,10,693.8969260840095,,693.8892814590363,693.8969260840095,694.8805150420521,694.8805150420521,694.8881764590042,695.3330504170153,space,0.4436529579688795,None,695.3346435000421,695.7380874587145,696.0449868340511,696.025347125018,696.0270185000263,696.0449868340511,696.0449868340511,696.0449868340511,698.6558417920023,700,1,[2.610443707962986],[2.6104489169665612],p001,001,2025-11-12_10h35.26.886,intentional binding,,2025.1.1,None,2025-11-12 10h35.36.129666 +0530,
0.4,400.0,unexp,141,9,11,space,0.30550199997378513,None,700,1,[1.3819847500417382],[1.3819890830200166],11,9,141,1,698.6642033340177,,698.6560287090251,698.6642033340177,699.6555786670069,699.6555786670069,699.6555786670069,699.9839073340409,space,0.30550199997378513,None,699.9857330000377,700.3881085006908,700.7068462500465,700.6866838340065,700.6888988340506,700.7068462500465,700.7068462500465,700.7068462500465,702.0892036250443,700,1,[1.3819847500417382],[1.3819890830200166],p001,001,2025-11-12_10h35.26.886,intentional binding,,2025.1.1,None,2025-11-12 10h35.36.129666 +0530,
0.4,1000.0,exp,142,10,11,space,0.4345142910024151,None,400,1,[1.5944416670245118],[1.5944456250290386],11,10,142,4,702.097854459018,,702.089402750018,702.097854459018,703.0874599590315,703.0874599590315,703.0874599590315,703.5325987090473,space,0.4345142910024151,None,703.5344948340207,703.9377250417058,704.2448416670086,704.2247705420014,704.2266198340221,704.2448416670086,704.2448416670086,704.2448416670086,705.8396621670108,400,1,[1.5944416670245118],[1.5944456250290386],p001,001,2025-11-12_10h35.26.886,intentional binding,,2025.1.1,None,2025-11-12 10h35.36.129666 +0530,
0.1,400.0,unexp,143,11,11,space,1.5240172909689136,None,490,1,[2.7592473750119098],[2.7592519170138985],11,11,143,0,705.863742125046,,705.8398485000362,705.863742125046,706.8379534170381,706.8379534170381,706.8544779590447,708.3675080420217,space,1.5240172909689136,None,708.3693070000154,708.4819637087096,708.7962781670503,708.7757946670172,708.7778562920284,708.7962781670503,708.7962781670503,708.7962781670503,711.5559439590434,490,1,[2.7592473750119098],[2.7592519170138985],p001,001,2025-11-12_10h35.26.886,intentional binding,,2025.1.1,None,2025-11-12 10h35.36.129666 +0530,
0.7,1000.0,exp,144,0,12,space,2.3202263319981284,None,400,1,[1.497213708003983],[1.497218000004068],12,0,144,11,711.5634004590102,,711.5561743340222,711.5634004590102,712.5545076670242,712.5545076670242,712.5545076670242,714.8830923750065,space,2.3202263319981284,None,714.8848650840227,715.5876771257065,715.8949864170281,715.8748459590133,715.8767478750087,715.8949864170281,715.8949864170281,715.8949864170281,717.3925788750057,400,1,[1.497213708003983],[1.497218000004068],p001,001,2025-11-12_10h35.26.886,intentional binding,,2025.1.1,None,2025-11-12 10h35.36.129666 +0530,
0.4,400.0,unexp,145,1,12,space,0.5633160410216078,None,700,1,[2.383030041004531],[2.383034333004616],12,1,145,1,717.399321792007,,717.392817459011,717.399321792007,718.3884182500187,718.3884182500187,718.3978935420164,718.9564290000126,space,0.5633160410216078,None,718.9579163750168,719.3643957506904,719.672352750029,719.6517820419976,719.6539685419993,719.672352750029,719.672352750029,719.672352750029,722.0557551250095,700,1,[2.383030041004531],[2.383034333004616],p001,001,2025-11-12_10h35.26.886,intentional binding,,2025.1.1,None,2025-11-12 10h35.36.129666 +0530,
0.7,400.0,unexp,146,2,12,space,0.8351762910024263,None,500,1,[1.3764880840317346],[1.3764922090340406],12,2,146,2,722.0637132090051,,722.0559720420279,722.0637132090051,723.0553858340136,723.0553858340136,723.0553858340136,723.8993485000101,space,0.8351762910024263,None,723.9009254170232,724.6054340006706,724.9123857500381,724.8930067500332,724.8950268750195,724.9123857500381,724.9123857500381,724.9123857500381,726.2892532920232,500,1,[1.3764880840317346],[1.3764922090340406],p001,001,2025-11-12_10h35.26.886,intentional binding,,2025.1.1,None,2025-11-12 10h35.36.129666 +0530,
0.4,1000.0,exp,147,3,12,space,0.07851079100510105,None,200,1,[1.3669072500197217],[1.3669116250239313],12,3,147,4,726.2968065840541,,726.289461959037,726.2968065840541,727.287959542009,727.287959542009,727.287959542009,727.3729672500049,space,0.07851079100510105,None,727.3743088750052,727.7806927507083,728.0887668340001,728.0693276670063,728.0714730840409,728.0887668340001,728.0887668340001,728.0887668340001,729.456056791998,200,1,[1.3669072500197217],[1.3669116250239313],p001,001,2025-11-12_10h35.26.886,intentional binding,,2025.1.1,None,2025-11-12 10h35.36.129666 +0530,
0.1,1000.0,exp,148,4,12,space,0.27189258305588737,None,100,1,[1.5425821249955334],[1.5425875410437584],12,4,148,3,729.4639209590387,,729.4562528750394,729.4639209590387,730.454549792048,730.454549792048,730.454549792048,730.732558125048,space,0.27189258305588737,None,730.7339044170221,730.8319770416749,731.1464730840526,731.1261701250332,731.1281995840254,731.1464730840526,731.1464730840526,731.1464730840526,732.6894613340264,100,1,[1.5425821249955334],[1.5425875410437584],p001,001,2025-11-12_10h35.26.886,intentional binding,,2025.1.1,None,2025-11-12 10h35.36.129666 +0530,
0.7,1000.0,exp,149,5,12,space,0.31881379103288054,None,400,1,[1.1588451249990612],[1.1588500419748016],12,5,149,8,732.6974408750539,,732.6896492090309,732.6974408750539,733.688450042042,733.688450042042,733.688450042042,734.016254709044,space,0.31881379103288054,None,734.0177657920285,734.7212118756763,735.0299248340307,735.0099418750033,735.0119802500121,735.0299248340307,735.0299248340307,735.0299248340307,736.189177042048,400,1,[1.1588451249990612],[1.1588500419748016],p001,001,2025-11-12_10h35.26.886,intentional binding,,2025.1.1,None,2025-11-12 10h35.36.129666 +0530,
0.7,1000.0,exp,150,6,12,space,0.7276281660306267,None,400,1,[1.3587091250228696],[1.3587130419909954],12,6,150,5,736.1969790420262,,736.1893738340004,736.1969790420262,737.1805826250347,737.1805826250347,737.1894141250523,737.9162867090199,space,0.7276281660306267,None,737.9176480420283,738.6217688756917,738.9302586670383,738.9096830000053,738.9128377920133,738.9302586670383,738.9302586670383,738.9302586670383,740.2893617920345,400,1,[1.3587091250228696],[1.3587130419909954],p001,001,2025-11-12_10h35.26.886,intentional binding,,2025.1.1,None,2025-11-12 10h35.36.129666 +0530,
0.4,1000.0,exp,151,7,12,space,0.44120912498328835,None,300,1,[2.341955749958288],[2.341960832942277],12,7,151,7,740.2971332090092,,740.2895448339987,740.2971332090092,741.287904292054,741.287904292054,741.287904292054,741.7324975000229,space,0.44120912498328835,None,741.7338540000492,742.1386716666786,742.4471646670136,742.425968042051,742.4281592920306,742.4471646670136,742.4471646670136,742.4471646670136,744.7894903750275,300,1,[2.341955749958288],[2.341960832942277],p001,001,2025-11-12_10h35.26.886,intentional binding,,2025.1.1,None,2025-11-12 10h35.36.129666 +0530,
0.4,1000.0,exp,152,8,12,space,0.6888302909792401,None,200,1,[1.9751987080089748],[1.975204250018578],12,8,152,10,744.7981789170299,,744.7896853340208,744.7981789170299,745.7882496250095,745.7882496250095,745.7882496250095,746.4827615840477,space,0.6888302909792401,None,746.484198500053,746.8878358337136,747.1971291250084,747.1762915420113,747.178329834016,747.1971291250084,747.1971291250084,747.1971291250084,749.1727413750486,200,1,[1.9751987080089748],[1.975204250018578],p001,001,2025-11-12_10h35.26.886,intentional binding,,2025.1.1,None,2025-11-12 10h35.36.129666 +0530,
0.1,1000.0,exp,153,9,12,space,0.7358485829900019,None,400,1,[1.4909045409876853],[1.4909090409637429],12,9,153,6,749.1801274590543,,749.1729442500509,749.1801274590543,750.1721163750044,750.1721163750044,750.1721163750044,750.9176230000448,space,0.7358485829900019,None,750.9188572920393,751.020172083696,751.3314574590186,751.3091492920066,751.3115536250407,751.3314574590186,751.3314574590186,751.3314574590186,752.8227299590362,400,1,[1.4909045409876853],[1.4909090409637429],p001,001,2025-11-12_10h35.26.886,intentional binding,,2025.1.1,None,2025-11-12 10h35.36.129666 +0530,
0.1,400.0,unexp,154,10,12,space,0.3418416240019724,None,590,1,[4.783329750003759],[4.7833365830010734],12,10,154,0,752.8303842090536,,752.8229143750505,752.8303842090536,753.8140089170192,753.8140089170192,753.8213532500085,754.1840185420006,space,0.3418416240019724,None,754.1856405420112,754.2888611257115,754.6058545840206,754.585729125014,754.5879377090023,754.6058545840206,754.6058545840206,754.6058545840206,759.3896010420285,590,1,[4.783329750003759],[4.7833365830010734],p001,001,2025-11-12_10h35.26.886,intentional binding,,2025.1.1,None,2025-11-12 10h35.36.129666 +0530,
0.1,1000.0,exp,155,11,12,space,0.3815073749865405,None,500,1,[2.5841882080421783],[2.5841934580239467],12,11,155,9,759.3972005000105,,759.3897855840041,759.3972005000105,760.3880746250506,760.3880746250506,760.3880746250506,760.7728096250212,space,0.3815073749865405,None,760.7743289589998,760.8809582917058,761.188098167011,761.169463541999,761.1708336250158,761.188098167011,761.188098167011,761.188098167011,763.7727099170443,500,1,[2.5841882080421783],[2.5841934580239467],p001,001,2025-11-12_10h35.26.886,intentional binding,,2025.1.1,None,2025-11-12 10h35.36.129666 +0530,
0.7,1000.0,exp,156,0,13,space,0.550258123956155,None,700,1,[4.4334488330059685],[4.433453665988054],13,0,156,8,763.7805339170154,,763.7729320000508,763.7805339170154,764.7643431250472,764.7643431250472,764.7715630000457,765.3233830840327,space,0.550258123956155,None,765.3248293340439,766.0312562506917,766.3390924590058,766.3189374170033,766.3211149170529,766.3390924590058,766.3390924590058,766.3390924590058,770.7729566250346,700,1,[4.4334488330059685],[4.433453665988054],p001,001,2025-11-12_10h35.26.886,intentional binding,,2025.1.1,None,2025-11-12 10h35.36.129666 +0530,
0.1,1000.0,exp,157,1,13,space,0.3402934580226429,None,500,1,[1.7330042500398122],[1.7330087500158697],13,1,157,9,770.7805846250267,,770.7731773750274,770.7805846250267,771.7721630420419,771.7721630420419,771.7721630420419,772.1161470840452,space,0.3402934580226429,None,772.1177694170037,772.2224060416959,772.5393910840503,772.5189543750021,772.521251542028,772.5393910840503,772.5393910840503,772.5393910840503,774.272812500014,500,1,[1.7330042500398122],[1.7330087500158697],p001,001,2025-11-12_10h35.26.886,intentional binding,,2025.1.1,None,2025-11-12 10h35.36.129666 +0530,
0.4,1000.0,exp,158,2,13,space,0.38826149998931214,None,700,1,[1.816678416042123],[1.816683583019767],13,2,158,10,774.2805746250087,,774.2729884590372,774.2805746250087,775.2651165840216,775.2651165840216,775.2721311250352,775.6573155420483,space,0.38826149998931214,None,775.6587940000463,776.0655655837074,776.3725041670259,776.3526880840072,776.3544598340522,776.3725041670259,776.3725041670259,776.3725041670259,778.1895942920237,700,1,[1.816678416042123],[1.816683583019767],p001,001,2025-11-12_10h35.26.886,intentional binding,,2025.1.1,None,2025-11-12 10h35.36.129666 +0530,
0.4,400.0,unexp,159,3,13,space,0.2640227079973556,None,200,1,[1.3925302919815294],[1.39253541699145],13,3,159,1,778.1969563340535,,778.1898031250457,778.1969563340535,779.1992859170423,779.1992859170423,779.1992859170423,779.4674051250331,space,0.2640227079973556,None,779.4689000840299,779.8722065836812,780.1799358340213,780.1592470840551,780.1608911670046,780.1799358340213,780.1799358340213,780.1799358340213,781.5728511670022,200,1,[1.3925302919815294],[1.39253541699145],p001,001,2025-11-12_10h35.26.886,intentional binding,,2025.1.1,None,2025-11-12 10h35.36.129666 +0530,
0.7,1000.0,exp,160,4,13,space,0.431141083012335,None,600,1,[1.725500624976121],[1.7255047090002336],13,4,160,5,781.5806260840036,,781.5730555420159,781.5806260840036,782.5712278340361,782.5712278340361,782.5712278340361,783.0067547500366,space,0.431141083012335,None,783.0072612500517,783.7152513756921,784.022700875008,784.0024337090435,784.0046280420502,784.022700875008,784.022700875008,784.022700875008,785.7485885420465,600,1,[1.725500624976121],[1.7255047090002336],p001,001,2025-11-12_10h35.26.886,intentional binding,,2025.1.1,None,2025-11-12 10h35.36.129666 +0530,
0.1,1000.0,exp,161,5,13,space,0.2738317910116166,None,200,1,[1.2776336249662563],[1.2776380410068668],13,5,161,6,785.752422834048,,785.7488035840215,785.752422834048,786.7382690840168,786.7382690840168,786.7478178340243,787.0168580420432,space,0.2738317910116166,None,787.018797167053,787.1167015006688,787.4308059170144,787.409317792044,787.4114636669983,787.4308059170144,787.4308059170144,787.4308059170144,788.7088517920347,200,1,[1.2776336249662563],[1.2776380410068668],p001,001,2025-11-12_10h35.26.886,intentional binding,,2025.1.1,None,2025-11-12 10h35.36.129666 +0530,
0.4,1000.0,exp,162,6,13,space,0.3030197910265997,None,300,1,[1.1939416249515489],[1.1939457079861313],13,6,162,7,788.7165756250033,,788.7090408750228,788.7165756250033,789.7046318339999,789.7046318339999,789.7152245420148,790.0164189170464,space,0.3030197910265997,None,790.0177814590279,790.4214104586902,790.7284786670352,790.7085174170206,790.710350709036,790.7284786670352,790.7284786670352,790.7284786670352,791.9228073750273,300,1,[1.1939416249515489],[1.1939457079861313],p001,001,2025-11-12_10h35.26.886,intentional binding,,2025.1.1,None,2025-11-12 10h35.36.129666 +0530,
0.7,400.0,unexp,163,7,13,space,0.29006520804250613,None,700,1,[3.1674050830188207],[3.167409250047058],13,7,163,2,791.930722500023,,791.9230130840442,791.930722500023,792.9146131669986,792.9146131669986,792.9221620000317,793.206173417042,space,0.29006520804250613,None,793.2080525420024,793.9147647506945,794.2217973340303,794.2020319590229,794.2040240000351,794.2217973340303,794.2217973340303,794.2217973340303,797.3895981250098,700,1,[3.1674050830188207],[3.167409250047058],p001,001,2025-11-12_10h35.26.886,intentional binding,,2025.1.1,None,2025-11-12 10h35.36.129666 +0530,
0.1,1000.0,exp,164,8,13,space,0.5608064159750938,None,200,1,[1.265786083007697],[1.2657903330400586],13,8,164,3,797.3973946670303,,797.389806125022,797.3973946670303,798.3880760419997,798.3880760419997,798.3880760419997,798.9563665000023,space,0.5608064159750938,None,798.9576647500508,799.0644956256767,799.3736790840048,799.3531407090486,799.3552724170149,799.3736790840048,799.3736790840048,799.3736790840048,800.6398617920349,200,1,[1.265786083007697],[1.2657903330400586],p001,001,2025-11-12_10h35.26.886,intentional binding,,2025.1.1,None,2025-11-12 10h35.36.129666 +0530,
0.1,400.0,unexp,165,9,13,space,0.5517854160279967,None,300,1,[1.5441228749696165],[1.5441282090032473],13,9,165,0,800.6641945000156,,800.64003912505,800.6641945000156,801.6383391250274,801.6383391250274,801.6550149170216,802.199157916999,space,0.5517854160279967,None,802.2004597090418,802.2991833756716,802.6130807500449,802.5922193750157,802.5941493340069,802.6130807500449,802.6130807500449,802.6130807500449,804.1576440420467,300,1,[1.5441228749696165],[1.5441282090032473],p001,001,2025-11-12_10h35.26.886,intentional binding,,2025.1.1,None,2025-11-12 10h35.36.129666 +0530,
0.4,1000.0,exp,166,10,13,space,0.36489658197388053,None,200,1,[1.6426752499537542],[1.6426791659905575],13,10,166,4,804.1808640420204,,804.1578459170414,804.1808640420204,805.1547330419999,805.1547330419999,805.1721009590547,805.5234027500264,space,0.36489658197388053,None,805.5254317920189,805.9226975417153,806.2300150420051,806.2097038750071,806.211332084029,806.2300150420051,806.2300150420051,806.2300150420051,807.8730699590524,200,1,[1.6426752499537542],[1.6426791659905575],p001,001,2025-11-12_10h35.26.886,intentional binding,,2025.1.1,None,2025-11-12 10h35.36.129666 +0530,
0.7,1000.0,exp,167,11,13,space,0.27190929104108363,None,700,1,[2.6984047499718145],[2.6984095830121078],13,11,167,11,807.8818300840212,,807.8732562090154,807.8818300840212,808.8642270420096,808.8642270420096,808.873109542008,809.1399939590483,space,0.27190929104108363,None,809.1412552090478,809.8479914167003,810.1572378340061,810.1360220000497,810.1381536670378,810.1572378340061,810.1572378340061,810.1572378340061,812.8560307500302,700,1,[2.6984047499718145],[2.6984095830121078],p001,001,2025-11-12_10h35.26.886,intentional binding,,2025.1.1,None,2025-11-12 10h35.36.129666 +0530,
0.1,400.0,unexp,168,0,14,space,0.25527174898888916,None,400,1,[2.1252369579742663],[2.125241832982283],14,0,168,0,812.8639951670193,,812.8562351670116,812.8639951670193,813.8553779170034,813.8553779170034,813.8553779170034,814.1159323340398,space,0.25527174898888916,None,814.1177764169988,814.2214886666663,814.5306672090082,814.5097688750247,814.5117831670213,814.5306672090082,814.5306672090082,814.5306672090082,816.656290584011,400,1,[2.1252369579742663],[2.125241832982283],p001,001,2025-11-12_10h35.26.886,intentional binding,,2025.1.1,None,2025-11-12 10h35.36.129666 +0530,
0.7,1000.0,exp,169,1,14,space,0.333128415979445,None,800,1,[4.059210915991571],[4.059215249959379],14,1,169,5,816.66465875,,816.6564730840037,816.66465875,817.6552497920347,817.6552497920347,817.6552497920347,817.9993434590288,space,0.333128415979445,None,818.0010567920399,818.7048151667152,819.0132095000008,818.9922717920272,818.9943412500434,819.0132095000008,819.0132095000008,819.0132095000008,823.0727947920095,800,1,[4.059210915991571],[4.059215249959379],p001,001,2025-11-12_10h35.26.886,intentional binding,,2025.1.1,None,2025-11-12 10h35.36.129666 +0530,
0.1,1000.0,exp,170,2,14,space,0.5258148330030963,None,200,1,[1.231861417007167],[1.2318659170414321],14,2,170,6,823.0807799590402,,823.0730291250511,823.0807799590402,824.0643075840198,824.0643075840198,824.0719712090213,824.5990663749981,space,0.5258148330030963,None,824.600493792037,824.6991038337039,825.0073590000393,824.9870044999989,824.9896822090377,825.0073590000393,825.0073590000393,825.0073590000393,826.239637584018,200,1,[1.231861417007167],[1.2318659170414321],p001,001,2025-11-12_10h35.26.886,intentional binding,,2025.1.1,None,2025-11-12 10h35.36.129666 +0530,
0.1,1000.0,exp,171,3,14,space,0.6271572490222752,None,"400
",1,[6.78339345799759],[6.78339804202551],14,3,171,3,826.2469527090434,,826.2398142919992,826.2469527090434,827.2387060840265,827.2387060840265,827.2387060840265,827.8728943340247,space,0.6271572490222752,None,827.8742540420499,827.9811830417059,828.2890827920055,828.2689430420287,828.2711323340191,828.2890827920055,828.2890827920055,828.2890827920055,835.0728768340196,"400
",1,[6.78339345799759],[6.78339804202551],p001,001,2025-11-12_10h35.26.886,intentional binding,,2025.1.1,None,2025-11-12 10h35.36.129666 +0530,
0.7,1000.0,exp,172,4,14,space,1.7602944569662213,None,800,1,[1.542619416024536],[1.5426239160005935],14,4,172,8,835.0805105420295,,835.0730648750323,835.0805105420295,836.0646400000551,836.0646400000551,836.0722205000347,837.8327485000482,space,1.7602944569662213,None,837.8341893340112,838.5380602916741,838.8468836250249,838.8261293750256,838.8277788340347,838.8468836250249,838.8468836250249,838.8468836250249,840.3898799170274,800,1,[1.542619416024536],[1.5426239160005935],p001,001,2025-11-12_10h35.26.886,intentional binding,,2025.1.1,None,2025-11-12 10h35.36.129666 +0530,
0.4,400.0,unexp,173,5,14,space,1.3447360409772955,None,300,1,[0.9422702500014566],[0.9422742919996381],14,5,173,1,840.4140245420276,,840.390098709031,840.4140245420276,841.3810609590146,841.3810609590146,841.4050027500489,842.7334457920515,space,1.3447360409772955,None,842.7352403340046,843.1382812086997,843.4474973340402,843.4261677920003,843.4278975840425,843.4474973340402,843.4474973340402,843.4474973340402,844.3901550840237,300,1,[0.9422702500014566],[0.9422742919996381],p001,001,2025-11-12_10h35.26.886,intentional binding,,2025.1.1,None,2025-11-12 10h35.36.129666 +0530,
0.7,1000.0,exp,174,6,14,space,3.0687236659578048,None,800,1,[1.026648833998479],[1.0266528339707293],14,6,174,11,844.4141826670384,,844.390336542041,844.4141826670384,845.3890223750495,845.3890223750495,845.4046395420446,848.4841863340116,space,3.0687236659578048,None,848.4859902500175,849.1880097087162,849.495991917036,849.4771176250069,849.4841392920353,849.495991917036,849.495991917036,849.495991917036,850.5230230420129,800,1,[1.026648833998479],[1.0266528339707293],p001,001,2025-11-12_10h35.26.886,intentional binding,,2025.1.1,None,2025-11-12 10h35.36.129666 +0530,
0.4,1000.0,exp,175,7,14,space,0.6642299989471212,None,300,1,[0.9494209159747697],[0.9494256249745376],14,7,175,4,850.5307717500255,,850.52320491703,850.5307717500255,851.5224227920407,851.5224227920407,851.5224227920407,852.1905052500078,space,0.6642299989471212,None,852.1919146670261,852.5980479166649,852.9064737920417,852.8862735000439,852.8890019590035,852.9064737920417,852.9064737920417,852.9064737920417,853.8562939170515,300,1,[0.9494209159747697],[0.9494256249745376],p001,001,2025-11-12_10h35.26.886,intentional binding,,2025.1.1,None,2025-11-12 10h35.36.129666 +0530,
0.7,400.0,unexp,176,8,14,space,0.6556674579624087,None,700,1,[2.5095789170009084],[2.50958316703327],14,8,176,2,853.863790500036,,853.8564888340188,853.863790500036,854.8658464590553,854.8658464590553,854.8658464590553,855.5347125000553,space,0.6556674579624087,None,855.5367877090466,856.238732625676,856.5463350420468,856.5259251250536,856.5278770840378,856.5463350420468,856.5463350420468,856.5463350420468,859.0563325840048,700,1,[2.5095789170009084],[2.50958316703327],p001,001,2025-11-12_10h35.26.886,intentional binding,,2025.1.1,None,2025-11-12 10h35.36.129666 +0530,
0.4,1000.0,exp,177,9,14,space,0.5137924990267493,None,400,1,[1.0938980000209995],[1.0939025830011815],14,9,177,10,859.064280999999,,859.0565113340272,859.064280999999,860.0556307090446,860.0556307090446,860.0556307090446,860.5737717500306,space,0.5137924990267493,None,860.5754345840542,860.981640208691,861.2895738340449,861.2700101670343,861.2717617500457,861.2895738340449,861.2895738340449,861.2895738340449,862.3838818340446,400,1,[1.0938980000209995],[1.0939025830011815],p001,001,2025-11-12_10h35.26.886,intentional binding,,2025.1.1,None,2025-11-12 10h35.36.129666 +0530,
0.4,1000.0,exp,178,10,14,space,0.6551538750063628,None,600,1,[1.0920743749593385],[1.0920789169613272],14,10,178,7,862.3884401250398,,862.3840874170419,862.3884401250398,863.3811569170211,863.3811569170211,863.3811569170211,864.0406151670031,space,0.6551538750063628,None,864.0419834590284,864.4397041666709,864.7574953340227,864.7366416670266,864.738933042041,864.7574953340227,864.7574953340227,864.7574953340227,865.8499448340153,600,1,[1.0920743749593385],[1.0920789169613272],p001,001,2025-11-12_10h35.26.886,intentional binding,,2025.1.1,None,2025-11-12 10h35.36.129666 +0530,
0.1,1000.0,exp,179,11,14,space,0.8308441659901291,None,200,1,[1.6421944169560447],[1.6421987499925308],14,11,179,9,865.8655190840364,,865.8501748749986,865.8655190840364,866.8482924590353,866.8482924590353,866.8554204170359,867.6834105000016,space,0.8308441659901291,None,867.6847363340203,867.7884610416988,868.0972240840201,868.0769275840139,868.0790037920233,868.0972240840201,868.0972240840201,868.0972240840201,869.7398062500288,200,1,[1.6421944169560447],[1.6421987499925308],p001,001,2025-11-12_10h35.26.886,intentional binding,,2025.1.1,None,2025-11-12 10h35.36.129666 +0530,
0.1,400.0,unexp,180,0,15,space,0.3893114990205504,None,800,1,[2.2983999169664457],[2.298404750006739],15,0,180,0,869.7477572089992,,869.7400029590353,869.7477572089992,870.7308529590373,870.7308529590373,870.7396115840529,871.1231533340178,space,0.3893114990205504,None,871.1251123750117,871.2320656256672,871.5411905840156,871.5197952919989,871.5222815840389,871.5411905840156,871.5411905840156,871.5411905840156,873.8399737920263,800,1,[2.2983999169664457],[2.298404750006739],p001,001,2025-11-12_10h35.26.886,intentional binding,,2025.1.1,None,2025-11-12 10h35.36.129666 +0530,
0.7,1000.0,exp,181,1,15,space,0.2551424160483293,None,400,1,[2.3517063329927623],[2.3517104579950683],15,1,181,5,873.8644315420534,,873.8401825840119,873.8644315420534,874.8309705000138,874.8309705000138,874.8556336670299,875.0908382500056,space,0.2551424160483293,None,875.0922337090014,875.7978000416808,876.1040977500379,876.0869738340261,876.0885350840399,876.1040977500379,876.1040977500379,876.1040977500379,878.4561889170436,400,1,[2.3517063329927623],[2.3517104579950683],p001,001,2025-11-12_10h35.26.886,intentional binding,,2025.1.1,None,2025-11-12 10h35.36.129666 +0530,
0.1,1000.0,exp,182,2,15,space,0.31811520701739937,None,600,1,[1.6779179589939304],[1.6779232500120997],15,2,182,6,878.4639553750167,,878.4563992920448,878.4639553750167,879.4557982090046,879.4557982090046,879.4557982090046,879.7835341670434,space,0.31811520701739937,None,879.7853076670435,879.8879721667074,880.1950290840468,880.1754415000323,880.1770665000076,880.1950290840468,880.1950290840468,880.1950290840468,881.8733119170065,600,1,[1.6779179589939304],[1.6779232500120997],p001,001,2025-11-12_10h35.26.886,intentional binding,,2025.1.1,None,2025-11-12 10h35.36.129666 +0530,
0.1,1000.0,exp,183,3,15,space,0.2632896240102127,None,200,1,[1.1495540420291945],[1.149558250035625],15,3,183,3,881.8976160000311,,881.8734924590099,881.8976160000311,882.8716092090472,882.8716092090472,882.8883877920453,883.1404474170413,space,0.2632896240102127,None,883.1426219590358,883.2486700416814,883.556637709029,883.536084542051,883.5378628750332,883.556637709029,883.556637709029,883.556637709029,884.7065772500355,200,1,[1.1495540420291945],[1.149558250035625],p001,001,2025-11-12_10h35.26.886,intentional binding,,2025.1.1,None,2025-11-12 10h35.36.129666 +0530,
0.1,1000.0,exp,184,4,15,space,0.28939183201873675,None,600,1,[1.1190483750542626],[1.1190528340521269],15,4,184,9,884.7148201670498,,884.7067902500276,884.7148201670498,885.7054613750079,885.7054613750079,885.7054613750079,886.0004093340249,space,0.28939183201873675,None,886.0017138750409,886.104944166673,886.414283167047,886.3929690000368,886.3949584170477,886.414283167047,886.414283167047,886.414283167047,887.5337253340404,600,1,[1.1190483750542626],[1.1190528340521269],p001,001,2025-11-12_10h35.26.886,intentional binding,,2025.1.1,None,2025-11-12 10h35.36.129666 +0530,
0.7,1000.0,exp,185,5,15,space,0.5223499989951961,None,800,1,[1.6125800830195658],[1.6125845000497065],15,5,185,11,887.5383657920174,,887.5339152500383,887.5383657920174,888.5312733340543,888.5312733340543,888.5312733340543,889.0558641250245,space,0.5223499989951961,None,889.0571387090022,889.754990583697,890.0640480000293,890.0439805840142,890.0456532500102,890.0640480000293,890.0640480000293,890.0640480000293,891.6770914590452,800,1,[1.6125800830195658],[1.6125845000497065],p001,001,2025-11-12_10h35.26.886,intentional binding,,2025.1.1,None,2025-11-12 10h35.36.129666 +0530,
0.7,400.0,unexp,186,6,15,space,0.4199879579828121,None,400,1,[1.458193874976132],[1.4581998749636114],15,6,186,2,891.6837664170307,,891.6772990840254,891.6837664170307,892.6727758750203,892.6727758750203,892.6813414590433,893.1003332090331,space,0.4199879579828121,None,893.1024937920156,893.8049633337107,894.1145369170117,894.0936816250323,894.0957637090469,894.1145369170117,894.1145369170117,894.1145369170117,895.5731484590215,400,1,[1.458193874976132],[1.4581998749636114],p001,001,2025-11-12_10h35.26.886,intentional binding,,2025.1.1,None,2025-11-12 10h35.36.129666 +0530,
0.4,1000.0,exp,187,7,15,space,0.25466183200478554,None,600,1,[0.9594128330354579],[0.9594178750412539],15,7,187,4,895.58155583404,,895.5733251250349,895.58155583404,896.582934334001,896.582934334001,896.582934334001,896.8392710420303,space,0.25466183200478554,None,896.8405302090105,897.2387701667069,897.5466772090294,897.5264331250219,897.5282098340103,897.5466772090294,897.5466772090294,897.5466772090294,898.5064648750122,600,1,[0.9594128330354579],[0.9594178750412539],p001,001,2025-11-12_10h35.26.886,intentional binding,,2025.1.1,None,2025-11-12 10h35.36.129666 +0530,
0.7,1000.0,exp,188,8,15,space,0.2597497079987079,None,600,1,[1.1761346669518389],[1.1761390839819796],15,8,188,8,898.5142770840321,,898.5066542090499,898.5142770840321,899.4978072920348,899.4978072920348,899.5054360000067,899.766768334026,space,0.2597497079987079,None,899.7685422089999,900.4723488757193,900.7800426250324,900.760240625008,900.7622163750348,900.7800426250324,900.7800426250324,900.7800426250324,901.9565820840071,600,1,[1.1761346669518389],[1.1761390839819796],p001,001,2025-11-12_10h35.26.886,intentional binding,,2025.1.1,None,2025-11-12 10h35.36.129666 +0530,
0.4,1000.0,exp,189,9,15,space,0.24529149901354685,None,300,1,[1.2336115420330316],[1.2336156250094064],15,9,189,10,901.9642929590191,,901.9567557920236,901.9642929590191,902.9480451249983,902.9480451249983,902.9558234590222,903.199955209042,space,0.24529149901354685,None,903.2013112500426,903.5991281666832,903.9061883340473,903.8861897500465,903.8883267920464,903.9061883340473,903.9061883340473,903.9061883340473,905.1401770420489,300,1,[1.2336115420330316],[1.2336156250094064],p001,001,2025-11-12_10h35.26.886,intentional binding,,2025.1.1,None,2025-11-12 10h35.36.129666 +0530,
0.4,1000.0,exp,190,10,15,space,0.2644564990187064,None,200,1,[1.2275910419994034],[1.2275958340032957],15,10,190,7,905.1647362090298,,905.1403619589983,905.1647362090298,906.1389934170293,906.1389934170293,906.1552001670352,906.4069121250068,space,0.2644564990187064,None,906.4086807499989,906.8164090006651,907.1217299590353,907.1033890000544,907.104920334008,907.1217299590353,907.1217299590353,907.1217299590353,908.3497071670135,200,1,[1.2275910419994034],[1.2275958340032957],p001,001,2025-11-12_10h35.26.886,intentional binding,,2025.1.1,None,2025-11-12 10h35.36.129666 +0530,
0.4,400.0,unexp,191,11,15,space,0.26721783296670765,None,400,1,[1.6596941250027157],[1.6596990000107326],15,11,191,1,908.3537790840492,,908.3499101670459,908.3537790840492,909.3390766670345,909.3390766670345,909.3480796670192,909.6165203750134,space,0.26721783296670765,None,909.617960167001,910.0224867087129,910.329918500036,910.3096428340068,910.3112125840271,910.329918500036,910.329918500036,910.329918500036,911.9899822500302,400,1,[1.6596941250027157],[1.6596990000107326],p001,001,2025-11-12_10h35.26.886,intentional binding,,2025.1.1,None,2025-11-12 10h35.36.129666 +0530,
0.4,400.0,unexp,192,0,16,space,0.016261957003735006,None,300,1,[1.2496919590048492],[1.2496960840071552],16,0,192,1,911.9979724590085,,911.9901635420392,911.9979724590085,912.9889756670455,912.9889756670455,912.9889756670455,913.0082575420383,space,0.016261957003735006,None,913.0097100420389,913.4152692506943,913.723160625028,913.7031259590294,913.7049336670316,913.723160625028,913.723160625028,913.723160625028,914.9732122920104,300,1,[1.2496919590048492],[1.2496960840071552],p001,001,2025-11-12_10h35.26.886,intentional binding,,2025.1.1,None,2025-11-12 10h35.36.129666 +0530,
0.1,1000.0,exp,193,1,16,space,0.24872191599570215,None,200,1,[1.0427281250013039],[1.042732417001389],16,1,193,9,914.9809431250324,,914.9733906250331,914.9809431250324,915.965405709052,915.965405709052,915.9728262920398,916.2164047920378,space,0.24872191599570215,None,916.2181132090045,916.3210980006882,916.6302397090476,916.6096970420331,916.6115037920536,916.6302397090476,916.6302397090476,916.6302397090476,917.6733647500514,200,1,[1.0427281250013039],[1.042732417001389],p001,001,2025-11-12_10h35.26.886,intentional binding,,2025.1.1,None,2025-11-12 10h35.36.129666 +0530,
0.4,1000.0,exp,194,2,16,space,0.05637829098850489,None,400,1,[1.1097351660137065],[1.1097402080195025],16,2,194,7,917.6808537920006,,917.6735458340263,917.6808537920006,918.6646755840047,918.6646755840047,918.6736511670169,918.7233336670324,space,0.05637829098850489,None,918.7246319170226,919.1226466256815,919.4298587500234,919.4093767500017,919.4110645000474,919.4298587500234,919.4298587500234,919.4298587500234,920.539997667016,400,1,[1.1097351660137065],[1.1097402080195025],p001,001,2025-11-12_10h35.26.886,intentional binding,,2025.1.1,None,2025-11-12 10h35.36.129666 +0530,
0.4,1000.0,exp,195,3,16,space,0.19265983201330528,None,400,1,[1.3756991669652052],[1.3757033339934424],16,3,195,4,920.5477593340329,,920.5401782920235,920.5477593340329,921.5393252090435,921.5393252090435,921.5393252090435,921.7350631669979,space,0.19265983201330528,None,921.7369824170019,922.1387855006653,922.4472051670309,922.4265931670088,922.4285198340076,922.4472051670309,922.4472051670309,922.4472051670309,923.8232993750134,400,1,[1.3756991669652052],[1.3757033339934424],p001,001,2025-11-12_10h35.26.886,intentional binding,,2025.1.1,None,2025-11-12 10h35.36.129666 +0530,
0.7,1000.0,exp,196,4,16,space,0.24103699903935194,None,800,1,[1.1599590829573572],[1.1599632909637876],16,4,196,8,923.8306678340305,,923.8234878750518,923.8306678340305,924.8148933750344,924.8148933750344,924.8217517500161,925.0665865840274,space,0.24103699903935194,None,925.067981625034,925.7718289587103,926.0798634590465,926.0600748340366,926.062097667018,926.0798634590465,926.0798634590465,926.0798634590465,927.2402229170548,800,1,[1.1599590829573572],[1.1599632909637876],p001,001,2025-11-12_10h35.26.886,intentional binding,,2025.1.1,None,2025-11-12 10h35.36.129666 +0530,
0.1,1000.0,exp,197,5,16,space,0.23839058296289295,None,300,1,[2.4110242080059834],[2.411028416012414],16,5,197,6,927.2484110840014,,927.240399042028,927.2484110840014,928.2394700000295,928.2394700000295,928.2394700000295,928.4832424590131,space,0.23839058296289295,None,928.4849335420295,928.5883116666848,928.8960120000411,928.8763183340197,928.8780028750189,928.8960120000411,928.8960120000411,928.8960120000411,931.3074236670509,300,1,[2.4110242080059834],[2.411028416012414],p001,001,2025-11-12_10h35.26.886,intentional binding,,2025.1.1,None,2025-11-12 10h35.36.129666 +0530,
0.7,1000.0,exp,198,6,16,space,0.21318424900528044,None,800,1,[1.3323887909646146],[1.3323941249982454],16,6,198,5,931.3151570840273,,931.3076130000409,931.3151570840273,932.3056072090403,932.3056072090403,932.3056072090403,932.52338925004,space,0.21318424900528044,None,932.5247132500517,933.2317106256999,933.5406215420226,933.5201087919995,933.5228217500262,933.5406215420226,933.5406215420226,933.5406215420226,934.8734303750098,800,1,[1.3323887909646146],[1.3323941249982454],p001,001,2025-11-12_10h35.26.886,intentional binding,,2025.1.1,None,2025-11-12 10h35.36.129666 +0530,
0.1,1000.0,exp,199,7,16,space,0.18207233300199732,None,400,1,[1.6160929579637013],[1.6160974579979666],16,7,199,3,934.8817410420161,,934.8736207090551,934.8817410420161,935.8726535420283,935.8726535420283,935.8726535420283,936.058290792047,space,0.18207233300199732,None,936.0597995000426,936.164749208667,936.4737025420181,936.453587334021,936.455487334053,936.4737025420181,936.4737025420181,936.4737025420181,938.0901912920526,400,1,[1.6160929579637013],[1.6160974579979666],p001,001,2025-11-12_10h35.26.886,intentional binding,,2025.1.1,None,2025-11-12 10h35.36.129666 +0530,
0.1,400.0,unexp,200,8,16,space,0.25594695698237047,None,200,1,[1.5423217079951428],[1.54232679202687],16,8,200,0,938.0979772920255,,938.09039175004,938.0979772920255,939.0887239170261,939.0887239170261,939.0887239170261,939.3504618340521,space,0.25594695698237047,None,939.3522110000486,939.4567984587086,939.7641188750276,939.7442010000232,939.7463362920098,939.7641188750276,939.7641188750276,939.7641188750276,941.3068099170341,200,1,[1.5423217079951428],[1.54232679202687],p001,001,2025-11-12_10h35.26.886,intentional binding,,2025.1.1,None,2025-11-12 10h35.36.129666 +0530,
0.4,1000.0,exp,201,9,16,space,0.24850041599711403,None,500,1,[2.607767542009242],[2.607772457995452],16,9,201,10,941.3141711670323,,941.3069869170431,941.3141711670323,942.2979590840405,942.2979590840405,942.306386250013,942.5510408340488,space,0.24850041599711403,None,942.5529832920292,942.9550021666839,943.2654236250091,943.2439175840118,943.2462138750125,943.2654236250091,943.2654236250091,943.2654236250091,945.873580375046,500,1,[2.607767542009242],[2.607772457995452],p001,001,2025-11-12_10h35.26.886,intentional binding,,2025.1.1,None,2025-11-12 10h35.36.129666 +0530,
0.7,1000.0,exp,202,10,16,space,0.39534529100637883,None,700,1,[2.1830090840230696],[2.1830133339972235],16,10,202,11,945.8820065420005,,945.8737972500385,945.8820065420005,946.8729819590226,946.8729819590226,946.8729819590226,947.2743958340143,space,0.39534529100637883,None,947.2757902500452,947.9822196256757,948.2906682920293,948.2701542920549,948.2719136670348,948.2906682920293,948.2906682920293,948.2906682920293,950.4740901250043,700,1,[2.1830090840230696],[2.1830133339972235],p001,001,2025-11-12_10h35.26.886,intentional binding,,2025.1.1,None,2025-11-12 10h35.36.129666 +0530,
0.7,400.0,unexp,203,11,16,space,0.3212002909858711,None,400,1,[1.5168482919689268],[1.5168534169788472],16,11,203,2,950.4980477500358,,950.4742672090069,950.4980477500358,951.4722365420312,951.4722365420312,951.4890070420224,951.7999809590401,space,0.3212002909858711,None,951.80164358404,952.4991355006971,952.8068627500325,952.7868227920262,952.788989792054,952.8068627500325,952.8068627500325,952.8068627500325,954.3241159590543,400,1,[1.5168482919689268],[1.5168534169788472],p001,001,2025-11-12_10h35.26.886,intentional binding,,2025.1.1,None,2025-11-12 10h35.36.129666 +0530,
0.7,1000.0,exp,204,0,17,space,0.2867351659806445,None,800,1,[2.0750467919860967],[2.0750922079896554],17,0,204,8,954.3480673750164,,954.3243282500189,954.3480673750164,955.3234918340459,955.3234918340459,955.3666132090148,955.617110125022,space,0.2867351659806445,None,955.6185181670007,956.3225807916644,956.6316320840269,956.6102445420111,956.612154084025,956.6316320840269,956.6316320840269,956.6316320840269,958.7071172090364,800,1,[2.0750467919860967],[2.0750922079896554],p001,001,2025-11-12_10h35.26.886,intentional binding,,2025.1.1,None,2025-11-12 10h35.36.129666 +0530,
0.1,1000.0,exp,205,1,17,space,0.24235495802713558,None,300,1,[1.1437034999835305],[1.1437075840076432],17,1,205,9,958.7316333750496,,958.7073001250392,958.7316333750496,959.6987826250261,959.6987826250261,959.722067625029,959.968247959041,space,0.24235495802713558,None,959.970269625017,960.0725959587182,960.3795605420019,960.3599237500457,960.3615653340239,960.3795605420019,960.3795605420019,960.3795605420019,961.5236549170222,300,1,[1.1437034999835305],[1.1437075840076432],p001,001,2025-11-12_10h35.26.886,intentional binding,,2025.1.1,None,2025-11-12 10h35.36.129666 +0530,
0.1,1000.0,exp,206,2,17,space,0.22892470698570833,None,500,1,[0.8938822919735685],[0.8938863340299577],17,2,206,3,961.5316655000206,,961.5238459590473,961.5316655000206,962.5151758750435,962.5151758750435,962.5226165000349,962.7506732920301,space,0.22892470698570833,None,962.75204041705,962.8552597506825,963.1628233750234,963.1433669170365,963.1447667920147,963.1628233750234,963.1628233750234,963.1628233750234,964.0571120420354,500,1,[0.8938822919735685],[0.8938863340299577],p001,001,2025-11-12_10h35.26.886,intentional binding,,2025.1.1,None,2025-11-12 10h35.36.129666 +0530,
0.4,1000.0,exp,207,3,17,space,0.02024954097578302,None,500,1,[0.7868632089812309],[0.7868677090154961],17,3,207,4,964.0812840000144,,964.0572999170399,964.0812840000144,965.0557414590148,965.0557414590148,965.0720389170456,965.0832987500471,space,0.02024954097578302,None,965.0845445420127,965.4829594586665,965.7869430420105,965.7754454590031,965.7761571250157,965.7869430420105,965.7869430420105,965.7869430420105,966.5742297500256,500,1,[0.7868632089812309],[0.7868677090154961],p001,001,2025-11-12_10h35.26.886,intentional binding,,2025.1.1,None,2025-11-12 10h35.36.129666 +0530,
0.1,400.0,unexp,208,4,17,space,0.006941707979422063,None,300,1,[1.4930841670138761],[1.4930881670443341],17,4,208,0,966.5812960000476,,966.5744457920082,966.5812960000476,967.5728646250209,967.5728646250209,967.5728646250209,967.5843732090434,space,0.006941707979422063,None,967.5870908340439,967.6887241667175,967.9974237499991,967.9764930840465,967.9782133750268,967.9974237499991,967.9974237499991,967.9974237499991,969.4908870000509,300,1,[1.4930841670138761],[1.4930881670443341],p001,001,2025-11-12_10h35.26.886,intentional binding,,2025.1.1,None,2025-11-12 10h35.36.129666 +0530,
0.7,1000.0,exp,209,5,17,space,0.26719512400450185,None,800,1,[0.8428421670105308],[0.8428463339805603],17,5,209,5,969.5148125000414,,969.4911169590196,969.5148125000414,970.4897014590097,970.4897014590097,970.5059014170547,970.7668760420056,space,0.26719512400450185,None,970.7682845840463,971.4669485007219,971.7805227090139,971.7599956250051,971.7617506670067,971.7805227090139,971.7805227090139,971.7805227090139,972.6237620000029,800,1,[0.8428421670105308],[0.8428463339805603],p001,001,2025-11-12_10h35.26.886,intentional binding,,2025.1.1,None,2025-11-12 10h35.36.129666 +0530,
0.4,1000.0,exp,210,6,17,space,0.26615141599904746,None,300,1,[1.264390958007425],[1.2643985419999808],17,6,210,7,972.6312042500358,,972.6239457500051,972.6312042500358,973.6221068750019,973.6221068750019,973.6221068750019,973.8905902090482,space,0.26615141599904746,None,973.8920055000344,974.298337791701,974.6079288750188,974.5866105840541,974.5890510000172,974.6079288750188,974.6079288750188,974.6079288750188,975.872933250037,300,1,[1.264390958007425],[1.2643985419999808],p001,001,2025-11-12_10h35.26.886,intentional binding,,2025.1.1,None,2025-11-12 10h35.36.129666 +0530,
0.7,400.0,unexp,211,7,17,space,0.23481570795411244,None,700,1,[2.067027124983724],[2.0670323339872994],17,7,211,2,975.8829465840245,,975.8732422090252,975.8829465840245,976.8659157090005,976.8659157090005,976.8728710420546,977.1079690000042,space,0.23481570795411244,None,977.1101496670162,977.8157458757089,978.1227805000381,978.1028746670345,978.1050894170185,978.1227805000381,978.1227805000381,978.1227805000381,980.1902106670314,700,1,[2.067027124983724],[2.0670323339872994],p001,001,2025-11-12_10h35.26.886,intentional binding,,2025.1.1,None,2025-11-12 10h35.36.129666 +0530,
0.4,400.0,unexp,212,8,17,space,0.43891745700966567,None,600,1,[2.310183583002072],[2.310187666967977],17,8,212,1,980.1979863340384,,980.1904216250405,980.1979863340384,981.1815990420291,981.1815990420291,981.1891271670465,981.636226334027,space,0.43891745700966567,None,981.6381138340221,982.0390185837207,982.3466190000181,982.3258693340467,982.3275953750126,982.3466190000181,982.3466190000181,982.3466190000181,984.6571910000057,600,1,[2.310183583002072],[2.310187666967977],p001,001,2025-11-12_10h35.26.886,intentional binding,,2025.1.1,None,2025-11-12 10h35.36.129666 +0530,
0.4,1000.0,exp,213,9,17,space,0.5880146239651367,None,300,1,[2.244931707973592],[2.2449371669790708],17,9,213,10,984.6655880000326,,984.6573731670505,984.6655880000326,985.656157459016,985.656157459016,985.656157459016,986.2507030840497,space,0.5880146239651367,None,986.252169250045,986.6558705417012,986.9621547090355,986.9491360420361,986.9501530840062,986.9621547090355,986.9621547090355,986.9621547090355,989.207469792047,300,1,[2.244931707973592],[2.2449371669790708],p001,001,2025-11-12_10h35.26.886,intentional binding,,2025.1.1,None,2025-11-12 10h35.36.129666 +0530,
0.7,1000.0,exp,214,10,17,space,0.5552679999964312,None,800,1,[3.409100583055988],[3.4091056670295075],17,10,214,11,989.2315500000259,,989.2076512920321,989.2315500000259,990.1991804170539,990.1991804170539,990.2234789170325,990.7578303750488,space,0.5552679999964312,None,990.7591448750463,991.4667890417079,991.780961542041,991.758849292004,991.7609087920282,991.780961542041,991.780961542041,991.780961542041,995.1905163750052,800,1,[3.409100583055988],[3.4091056670295075],p001,001,2025-11-12_10h35.26.886,intentional binding,,2025.1.1,None,2025-11-12 10h35.36.129666 +0530,
0.1,1000.0,exp,215,11,17,space,0.215965082985349,None,300,1,[3.799891041009687],[3.799895333009772],17,11,215,6,995.1988176670275,,995.1907714590197,995.1988176670275,996.2002426250256,996.2002426250256,996.2002426250256,996.4242609590292,space,0.215965082985349,None,996.4259704170399,996.5322086666749,996.8402159170364,996.8198530420195,996.8220890840166,996.8402159170364,996.8402159170364,996.8402159170364,1000.6405247920193,300,1,[3.799891041009687],[3.799895333009772],p001,001,2025-11-12_10h35.26.886,intentional binding,,2025.1.1,None,2025-11-12 10h35.36.129666 +0530,
0.7,1000.0,exp,216,0,18,space,0.701079999038484,None,300,1,[0.8995297919609584],[0.8995348750031553],18,0,216,5,1000.6488565840409,,1000.6407335840049,1000.6488565840409,1001.6324897920131,1001.6324897920131,1001.6393843340338,1002.3408034170279,space,0.701079999038484,None,1002.3424218340078,1003.0486537917207,1003.3572792090126,1003.3364505000063,1003.3386469590478,1003.3572792090126,1003.3572792090126,1003.3572792090126,1004.2571708340547,300,1,[0.8995297919609584],[0.8995348750031553],p001,001,2025-11-12_10h35.26.886,intentional binding,,2025.1.1,None,2025-11-12 10h35.36.129666 +0530,
0.7,400.0,unexp,217,1,18,space,0.24104766600066796,None,800,1,[2.2119521250133403],[2.2119562919833697],18,1,217,2,1004.2649495840305,,1004.2573468339979,1004.2649495840305,1005.2560342500219,1005.2560342500219,1005.2560342500219,1005.5007921250071,space,0.24104766600066796,None,1005.5025450000539,1006.2052186667026,1006.5116737920325,1006.4925985000446,1006.4940988750313,1006.5116737920325,1006.5116737920325,1006.5116737920325,1008.7240283749998,800,1,[2.2119521250133403],[2.2119562919833697],p001,001,2025-11-12_10h35.26.886,intentional binding,,2025.1.1,None,2025-11-12 10h35.36.129666 +0530,
0.1,1000.0,exp,218,2,18,space,0.2774447909905575,None,300,1,[1.566576500015799],[1.5665812500519678],18,2,218,3,1008.7483408750268,,1008.7242314169998,1008.7483408750268,1009.7225926670362,1009.7225926670362,1009.7386848340393,1010.0074758340488,space,0.2774447909905575,None,1010.0087855420425,1010.1154286667045,1010.4237405420281,1010.4033023340162,1010.4055411250447,1010.4237405420281,1010.4237405420281,1010.4237405420281,1011.9907438340015,300,1,[1.566576500015799],[1.5665812500519678],p001,001,2025-11-12_10h35.26.886,intentional binding,,2025.1.1,None,2025-11-12 10h35.36.129666 +0530,
0.1,1000.0,exp,219,3,18,space,0.6370181660167873,None,400,1,[1.098565458029043],[1.0985694160335697],18,3,219,6,1012.0152679170133,,1011.9909364590421,1012.0152679170133,1012.9827734590508,1012.9827734590508,1013.0057502500131,1013.6239409590489,space,0.6370181660167873,None,1013.6256709170411,1013.732016166676,1014.0414967920515,1014.0208490000223,1014.0232502090512,1014.0414967920515,1014.0414967920515,1014.0414967920515,1015.1404592090403,400,1,[1.098565458029043],[1.0985694160335697],p001,001,2025-11-12_10h35.26.886,intentional binding,,2025.1.1,None,2025-11-12 10h35.36.129666 +0530,
0.1,1000.0,exp,220,4,18,space,0.308682207018137,None,200,1,[1.1923301669885404],[1.1923350419965573],18,4,220,9,1015.1478075000341,,1015.1406408750336,1015.1478075000341,1016.1501134590362,1016.1501134590362,1016.1667924590292,1016.4673992920434,space,0.308682207018137,None,1016.4694845420308,1016.5715095006783,1016.8812749170465,1016.8605035840301,1016.8627104170155,1016.8812749170465,1016.8812749170465,1016.8812749170465,1018.0740281250328,200,1,[1.1923301669885404],[1.1923350419965573],p001,001,2025-11-12_10h35.26.886,intentional binding,,2025.1.1,None,2025-11-12 10h35.36.129666 +0530,
0.4,1000.0,exp,221,5,18,space,1.1388841660227627,None,900,1,[2.2582491249777377],[2.2582538329879753],18,5,221,4,1018.0814214590355,,1018.074625084002,1018.0814214590355,1019.0729200420319,1019.0729200420319,1019.0729200420319,1020.2185632500332,space,1.1388841660227627,None,1020.2202666250523,1020.6222837506832,1020.9322213749983,1020.9108456250397,1020.9129489170155,1020.9322213749983,1020.9322213749983,1020.9322213749983,1023.1908477500547,900,1,[2.2582491249777377],[2.2582538329879753],p001,001,2025-11-12_10h35.26.886,intentional binding,,2025.1.1,None,2025-11-12 10h35.36.129666 +0530,
0.1,400.0,unexp,222,6,18,space,0.2971099989954382,None,400,1,[1.0674485000199638],[1.0674524169880897],18,6,222,0,1023.214945167012,,1023.1910438340274,1023.214945167012,1024.1895110839978,1024.1895110839978,1024.2058822500403,1024.4918754590326,space,0.2971099989954382,None,1024.4942782920552,1024.5995859587022,1024.9057918750332,1024.8861835420248,1024.8885556250461,1024.9057918750332,1024.9057918750332,1024.9057918750332,1025.9736286250409,400,1,[1.0674485000199638],[1.0674524169880897],p001,001,2025-11-12_10h35.26.886,intentional binding,,2025.1.1,None,2025-11-12 10h35.36.129666 +0530,
0.4,400.0,unexp,223,7,18,space,0.37359812401700765,None,300,1,[1.3943412079825066],[1.3943459159927443],18,7,223,1,1025.98226620903,,1025.9738200000138,1025.98226620903,1026.972935250029,1026.972935250029,1026.972935250029,1027.351397209044,space,0.37359812401700765,None,1027.3529784170096,1027.7555591666644,1028.0626126250136,1028.0430320840096,1028.044881125039,1028.0626126250136,1028.0626126250136,1028.0626126250136,1029.4573446670547,300,1,[1.3943412079825066],[1.3943459159927443],p001,001,2025-11-12_10h35.26.886,intentional binding,,2025.1.1,None,2025-11-12 10h35.36.129666 +0530,
0.4,1000.0,exp,224,8,18,space,0.21446908201323822,None,700,1,[1.267002041975502],[1.2670062499819323],18,8,224,7,1029.4646622920409,,1029.457549917046,1029.4646622920409,1030.4559756250237,1030.4559756250237,1030.4559756250237,1030.674431167019,space,0.21446908201323822,None,1030.675880209019,1031.082143250682,1031.3896040420514,1031.3702515000477,1031.3720287920441,1031.3896040420514,1031.3896040420514,1031.3896040420514,1032.657028000045,700,1,[1.267002041975502],[1.2670062499819323],p001,001,2025-11-12_10h35.26.886,intentional binding,,2025.1.1,None,2025-11-12 10h35.36.129666 +0530,
0.7,1000.0,exp,225,9,18,space,0.19461287499871105,None,800,1,[1.9244232079945505],[1.924427458026912],18,9,225,11,1032.6650823750533,,1032.6572089590481,1032.6650823750533,1033.666667084035,1033.666667084035,1033.666667084035,1033.8675282920012,space,0.19461287499871105,None,1033.869758209039,1034.5729289166668,1034.8821952920407,1034.8608976670075,1034.8638154170476,1034.8821952920407,1034.8821952920407,1034.8821952920407,1036.80706666701,800,1,[1.9244232079945505],[1.924427458026912],p001,001,2025-11-12_10h35.26.886,intentional binding,,2025.1.1,None,2025-11-12 10h35.36.129666 +0530,
0.4,1000.0,exp,226,10,18,space,0.6275340830325149,None,500,1,[0.884033415990416],[0.8840382079943083],18,10,226,10,1036.8148495000205,,1036.8072725420352,1036.8148495000205,1037.8091957090073,1037.8091957090073,1037.8091957090073,1038.4417867500451,space,0.6275340830325149,None,1038.4439012090443,1038.8488776666966,1039.1577927090111,1039.136621750018,1039.1388064590283,1039.1577927090111,1039.1577927090111,1039.1577927090111,1040.042220250005,500,1,[0.884033415990416],[0.8840382079943083],p001,001,2025-11-12_10h35.26.886,intentional binding,,2025.1.1,None,2025-11-12 10h35.36.129666 +0530,
0.7,1000.0,exp,227,11,18,space,0.40179129102034494,None,300,1,[2.236310791980941],[2.236316209018696],18,11,227,8,1040.0658900000271,,1040.042409167043,1040.0658900000271,1041.0414567090338,1041.0414567090338,1041.0665063339984,1041.4510256250505,space,0.40179129102034494,None,1041.4531712920289,1042.1571851666706,1042.4705543340533,1042.454372334003,1042.4562028750079,1042.4705543340533,1042.4705543340533,1042.4705543340533,1044.7072801670292,300,1,[2.236310791980941],[2.236316209018696],p001,001,2025-11-12_10h35.26.886,intentional binding,,2025.1.1,None,2025-11-12 10h35.36.129666 +0530,
0.7,400.0,unexp,228,0,19,space,0.24575737497070804,None,500,1,[0.8089847499504685],[0.8089896669844165],19,0,228,2,1044.7316440000432,,1044.7074567500385,1044.7316440000432,1045.698409500008,1045.698409500008,1045.722791334032,1045.950743042049,space,0.24575737497070804,None,1045.9525370839983,1046.6556527506948,1046.9644647920504,1046.944406250026,1046.9463560840231,1046.9644647920504,1046.9644647920504,1046.9644647920504,1047.773849084042,500,1,[0.8089847499504685],[0.8089896669844165],p001,001,2025-11-12_10h35.26.886,intentional binding,,2025.1.1,None,2025-11-12 10h35.36.129666 +0530,
0.1,1000.0,exp,229,1,19,space,0.3330422079889104,None,300,1,[1.0163973340531811],[1.0164020000374876],19,1,229,3,1047.781664625043,,1047.7740253750235,1047.781664625043,1048.7730468750233,1048.7730468750233,1048.7730468750233,1049.1077188340132,space,0.3330422079889104,None,1049.1089442920056,1049.215213416672,1049.5239422500017,1049.5031967090326,1049.505008209031,1049.5239422500017,1049.5239422500017,1049.5239422500017,1050.5407355840434,300,1,[1.0163973340531811],[1.0164020000374876],p001,001,2025-11-12_10h35.26.886,intentional binding,,2025.1.1,None,2025-11-12 10h35.36.129666 +0530,
0.7,1000.0,exp,230,2,19,space,0.5298884160001762,None,800,1,[1.0168993750121444],[1.0169033749843948],19,2,230,5,1050.565015250002,,1050.5409160000272,1050.565015250002,1051.5320626250468,1051.5320626250468,1051.556652584055,1052.0666323750047,space,0.5298884160001762,None,1052.0680924589979,1052.76620354172,1053.0732364590513,1053.0532278750325,1053.0553391250432,1053.0732364590513,1053.0732364590513,1053.0732364590513,1054.0905263750465,800,1,[1.0168993750121444],[1.0169033749843948],p001,001,2025-11-12_10h35.26.886,intentional binding,,2025.1.1,None,2025-11-12 10h35.36.129666 +0530,
0.4,1000.0,exp,231,3,19,space,0.26397354097571224,None,400,1,[0.8493075000005774],[0.8493114170269109],19,3,231,10,1054.0992565000197,,1054.090711167024,1054.0992565000197,1055.0899715420092,1055.0899715420092,1055.0899715420092,1055.356864041998,space,0.26397354097571224,None,1055.35850708402,1055.7653647506997,1056.0739725840394,1056.0538471670006,1056.0559926250135,1056.0739725840394,1056.0739725840394,1056.0739725840394,1056.9236612920067,400,1,[0.8493075000005774],[0.8493114170269109],p001,001,2025-11-12_10h35.26.886,intentional binding,,2025.1.1,None,2025-11-12 10h35.36.129666 +0530,
0.4,1000.0,exp,232,4,19,space,1.5586221659905277,None,500,1,[0.8313047079718672],[0.8313141249818727],19,4,232,7,1056.931493375043,,1056.9238378340378,1056.931493375043,1057.9152269590413,1057.9152269590413,1057.9223757920554,1059.4841413750546,space,1.5586221659905277,None,1059.4859348750324,1059.8888191257176,1060.1977585420245,1060.1772853750153,1060.1791235420387,1060.1977585420245,1060.1977585420245,1060.1977585420245,1061.0296472920454,500,1,[0.8313047079718672],[0.8313141249818727],p001,001,2025-11-12_10h35.26.886,intentional binding,,2025.1.1,None,2025-11-12 10h35.36.129666 +0530,
0.4,1000.0,exp,233,5,19,space,0.32199012400815263,None,300,1,[1.1922229999909177],[1.1922289580106735],19,5,233,4,1061.0362011250108,,1061.030006792047,1061.0362011250108,1062.0227809170028,1062.0227809170028,1062.032059042016,1062.352693459019,space,0.32199012400815263,None,1062.3548344169976,1062.756054916714,1063.064560000028,1063.0435462919995,1063.0454294590163,1063.064560000028,1063.064560000028,1063.064560000028,1064.25720154203,300,1,[1.1922229999909177],[1.1922289580106735],p001,001,2025-11-12_10h35.26.886,intentional binding,,2025.1.1,None,2025-11-12 10h35.36.129666 +0530,
0.1,1000.0,exp,234,6,19,space,0.2658530829939991,None,700,1,[1.1990734999999404],[1.1990778330364265],19,6,234,6,1064.2648317920393,,1064.2574252920458,1064.2648317920393,1065.2555035420228,1065.2555035420228,1065.2555035420228,1065.5249902500072,space,0.2658530829939991,None,1065.5269150840468,1065.6331662916966,1065.9410387500538,1065.9207700840198,1065.9229437500471,1065.9410387500538,1065.9410387500538,1065.9410387500538,1067.1404893750441,700,1,[1.1990734999999404],[1.1990778330364265],p001,001,2025-11-12_10h35.26.886,intentional binding,,2025.1.1,None,2025-11-12 10h35.36.129666 +0530,
0.7,1000.0,exp,235,7,19,space,0.5666127080330625,None,500,1,[2.1510644999798387],[2.151068583014421],19,7,235,8,1067.1483061670442,,1067.1406968750525,1067.1483061670442,1068.139953334001,1068.139953334001,1068.139953334001,1068.718624250032,space,0.5666127080330625,None,1068.7206775000086,1069.4228073756715,1069.7392088750494,1069.7198260420118,1069.721383584023,1069.7392088750494,1069.7392088750494,1069.7392088750494,1071.8906586250523,500,1,[2.1510644999798387],[2.151068583014421],p001,001,2025-11-12_10h35.26.886,intentional binding,,2025.1.1,None,2025-11-12 10h35.36.129666 +0530,
0.1,400.0,unexp,236,8,19,space,0.23154545796569437,None,300,1,[0.9995526660350151],[0.9995579160167836],19,8,236,0,1071.899128042045,,1071.890838500054,1071.899128042045,1072.890026625013,1072.890026625013,1072.890026625013,1073.124437667022,space,0.23154545796569437,None,1073.1259301250102,1073.2332296667194,1073.5409350420232,1073.520211459021,1073.52238137502,1073.5409350420232,1073.5409350420232,1073.5409350420232,1074.5408738750266,300,1,[0.9995526660350151],[0.9995579160167836],p001,001,2025-11-12_10h35.26.886,intentional binding,,2025.1.1,None,2025-11-12 10h35.36.129666 +0530,
0.4,400.0,unexp,237,9,19,space,0.283990916039329,None,800,1,[1.2771469590370543],[1.2771522920229472],19,9,237,1,1074.5650790420477,,1074.541051334003,1074.5650790420477,1075.5397102500428,1075.5397102500428,1075.556260125013,1075.8340227500303,space,0.283990916039329,None,1075.8359630420455,1076.2392125416702,1076.546210417,1076.5263982920442,1076.5280519590015,1076.546210417,1076.546210417,1076.546210417,1077.8237203750177,800,1,[1.2771469590370543],[1.2771522920229472],p001,001,2025-11-12_10h35.26.886,intentional binding,,2025.1.1,None,2025-11-12 10h35.36.129666 +0530,
0.7,1000.0,exp,238,10,19,space,0.9011676660156809,None,500,1,[1.1251377500011586],[1.1251418329775333],19,10,238,11,1077.8314837090438,,1077.823896750051,1077.8314837090438,1078.8243440420483,1078.8243440420483,1078.8243440420483,1079.7343170840177,space,0.9011676660156809,None,1079.7356690840097,1080.4392427086752,1080.7480716250138,1080.727638625016,1080.7296220840071,1080.7480716250138,1080.7480716250138,1080.7480716250138,1081.873618417012,500,1,[1.1251377500011586],[1.1251418329775333],p001,001,2025-11-12_10h35.26.886,intentional binding,,2025.1.1,None,2025-11-12 10h35.36.129666 +0530,
0.1,1000.0,exp,239,11,19,space,0.12919187499210238,None,300,1,[1.0428082500002347],[1.0428123750025406],19,11,239,9,1081.881572125014,,1081.873798167042,1081.881572125014,1082.8650981250103,1082.8650981250103,1082.8738337500254,1083.0013942500227,space,0.12919187499210238,None,1083.0030268340488,1083.1066727506734,1083.4140902090003,1083.3936434590141,1083.3954496250371,1083.4140902090003,1083.4140902090003,1083.4140902090003,1084.4572510420112,300,1,[1.0428082500002347],[1.0428123750025406],p001,001,2025-11-12_10h35.26.886,intentional binding,,2025.1.1,None,2025-11-12 10h35.36.129666 +0530,
0.1,400.0,unexp,240,0,20,space,0.26195862400345504,None,800,1,[1.2484177919686772],[1.2484219169709831],20,0,240,0,1084.465592334047,,1084.4574268340366,1084.465592334047,1085.4493603750016,1085.4493603750016,1085.4560304170009,1085.7186209170031,space,0.26195862400345504,None,1085.720885000017,1085.8225432506918,1086.1423359590117,1086.121500417008,1086.123640292033,1086.1423359590117,1086.1423359590117,1086.1423359590117,1087.391133625002,800,1,[1.2484177919686772],[1.2484219169709831],p001,001,2025-11-12_10h35.26.886,intentional binding,,2025.1.1,None,2025-11-12 10h35.36.129666 +0530,
0.7,1000.0,exp,241,1,20,space,0.0026609569904394448,None,800,1,[1.065747167041991],[1.0657521670218557],20,1,241,11,1087.4153400420328,,1087.3913394170231,1087.4153400420328,1088.3895103750401,1088.3895103750401,1088.4130527090165,1088.400177750038,space,0.0026609569904394448,None,1088.4014591250452,1089.0992581666835,1089.4075928340317,1089.3865602090373,1089.3888100840268,1089.4075928340317,1089.4075928340317,1089.4075928340317,1090.473730250029,800,1,[1.065747167041991],[1.0657521670218557],p001,001,2025-11-12_10h35.26.886,intentional binding,,2025.1.1,None,2025-11-12 10h35.36.129666 +0530,
0.4,1000.0,exp,242,2,20,space,0.10889754100935534,None,300,1,[1.525677208963316],[1.5256814589956775],20,2,242,4,1090.4812354590395,,1090.4739465420134,1090.4812354590395,1091.473089792009,1091.473089792009,1091.473089792009,1091.5833215840394,space,0.10889754100935534,None,1091.584943709022,1091.988645500682,1092.2979037089972,1092.27777075005,1092.2796533340006,1092.2979037089972,1092.2979037089972,1092.2979037089972,1093.823961709044,300,1,[1.525677208963316],[1.5256814589956775],p001,001,2025-11-12_10h35.26.886,intentional binding,,2025.1.1,None,2025-11-12 10h35.36.129666 +0530,
0.7,1000.0,exp,243,3,20,space,0.3254600000218488,None,800,1,[1.4686472089961171],[1.4686526249861345],20,3,243,8,1093.8319720840082,,1093.8241446670145,1093.8319720840082,1094.8159085420193,1094.8159085420193,1094.8229577920283,1095.152493917034,space,0.3254600000218488,None,1095.1545063750236,1095.8557322506715,1096.1650861250237,1096.1434143340448,1096.145452124998,1096.1650861250237,1096.1650861250237,1096.1650861250237,1097.634127709025,800,1,[1.4686472089961171],[1.4686526249861345],p001,001,2025-11-12_10h35.26.886,intentional binding,,2025.1.1,None,2025-11-12 10h35.36.129666 +0530,
0.1,1000.0,exp,244,4,20,space,0.3197449159924872,None,600,1,[1.2344577500480227],[1.2344638340291567],20,4,244,6,1097.649721334048,,1097.6343261250295,1097.649721334048,1098.6503959590336,1098.6503959590336,1098.6503959590336,1098.9752270420431,space,0.3197449159924872,None,1098.9765915000462,1099.0820491666711,1099.390762792027,1099.3698349590413,1099.3720500000054,1099.390762792027,1099.390762792027,1099.390762792027,1100.6256325840368,600,1,[1.2344577500480227],[1.2344638340291567],p001,001,2025-11-12_10h35.26.886,intentional binding,,2025.1.1,None,2025-11-12 10h35.36.129666 +0530,
0.4,400.0,unexp,245,5,20,space,0.6236149160540663,None,600,1,[1.8034357500146143],[1.803439957962837],20,5,245,1,1100.6485592090175,,1100.6258288750541,1100.6485592090175,1101.622288209037,1101.622288209037,1101.6392592500197,1102.2514376670006,space,0.6236149160540663,None,1102.2535201670253,1102.655376000683,1102.9632991670514,1102.943732542044,1102.946599625051,1102.9632991670514,1102.9632991670514,1102.9632991670514,1104.76712254202,600,1,[1.8034357500146143],[1.803439957962837],p001,001,2025-11-12_10h35.26.886,intentional binding,,2025.1.1,None,2025-11-12 10h35.36.129666 +0530,
0.7,1000.0,exp,246,6,20,space,0.3009406659984961,None,700,1,[1.5656730420305394],[1.565678500046488],20,6,246,5,1104.7832160840044,,1104.7673222090234,1104.7832160840044,1105.7656817500247,1105.7656817500247,1105.7729568750365,1106.0747630000114,space,0.3009406659984961,None,1106.076031542034,1106.78217241669,1107.0910735000507,1107.0716802500538,1107.0738709590514,1107.0910735000507,1107.0910735000507,1107.0910735000507,1108.6571197500452,700,1,[1.5656730420305394],[1.565678500046488],p001,001,2025-11-12_10h35.26.886,intentional binding,,2025.1.1,None,2025-11-12 10h35.36.129666 +0530,
0.1,1000.0,exp,247,7,20,space,0.4315404159715399,None,400,1,[1.3684756250004284],[1.3684799170005135],20,7,247,3,1108.6648944590124,,1108.6573146250448,1108.6648944590124,1109.6561183750164,1109.6561183750164,1109.6561183750164,1110.09172437503,space,0.4315404159715399,None,1110.0930693340488,1110.1988417506839,1110.5070782090188,1110.4872408750234,1110.4889988340437,1110.5070782090188,1110.5070782090188,1110.5070782090188,1111.875927917019,400,1,[1.3684756250004284],[1.3684799170005135],p001,001,2025-11-12_10h35.26.886,intentional binding,,2025.1.1,None,2025-11-12 10h35.36.129666 +0530,
0.1,1000.0,exp,248,8,20,space,0.45248404098674655,None,800,1,[1.7501305830082856],[1.7501362499897368],20,8,248,9,1111.899751500052,,1111.8761477920343,1111.899751500052,1112.8731984170154,1112.8731984170154,1112.916868417,1113.3337702500285,space,0.45248404098674655,None,1113.335237250023,1113.433100333674,1113.7402716670185,1113.7210241249995,1113.7228778340505,1113.7402716670185,1113.7402716670185,1113.7402716670185,1115.490818292019,800,1,[1.7501305830082856],[1.7501362499897368],p001,001,2025-11-12_10h35.26.886,intentional binding,,2025.1.1,None,2025-11-12 10h35.36.129666 +0530,
0.7,400.0,unexp,249,9,20,space,0.29496812395518646,None,300,1,[0.9094698340049945],[0.9094735840335488],20,9,249,2,1115.498631375027,,1115.4909999590018,1115.498631375027,1116.4895160000306,1116.4895160000306,1116.4895160000306,1116.8025001250207,space,0.29496812395518646,None,1116.8040028750547,1117.5066637506864,1117.8149522090098,1117.7938297500368,1117.7954717500252,1117.8149522090098,1117.8149522090098,1117.8149522090098,1118.724793334026,300,1,[0.9094698340049945],[0.9094735840335488],p001,001,2025-11-12_10h35.26.886,intentional binding,,2025.1.1,None,2025-11-12 10h35.36.129666 +0530,
0.4,1000.0,exp,250,10,20,space,0.2812679579947144,None,800,1,[1.033252833003644],[1.033257125003729],20,10,250,7,1118.731883417,,1118.7249766250025,1118.731883417,1119.7234017919982,1119.7234017919982,1119.7234017919982,1120.007610792003,space,0.2812679579947144,None,1120.0093497090274,1120.416298041706,1120.7236199170002,1120.7035871249973,1120.7057389999973,1120.7236199170002,1120.7236199170002,1120.7236199170002,1121.7572657500277,800,1,[1.033252833003644],[1.033257125003729],p001,001,2025-11-12_10h35.26.886,intentional binding,,2025.1.1,None,2025-11-12 10h35.36.129666 +0530,
0.4,1000.0,exp,251,11,20,space,0.23472020798362792,None,300,1,[1.4829740839777514],[1.4829791249940172],20,11,251,10,1121.765084167011,,1121.7574805420008,1121.765084167011,1122.7495916670305,1122.7495916670305,1122.7562417500303,1122.9912634590291,space,0.23472020798362792,None,1122.9925181250437,1123.3990051666663,1123.7074075000128,1123.687059625052,1123.6893513750401,1123.7074075000128,1123.7074075000128,1123.7074075000128,1125.1907624170417,300,1,[1.4829740839777514],[1.4829791249940172],p001,001,2025-11-12_10h35.26.886,intentional binding,,2025.1.1,None,2025-11-12 10h35.36.129666 +0530,
0.7,400.0,unexp,252,0,21,space,0.27027691598050296,None,800,1,[2.5094507499597967],[2.509455416002311],21,0,252,2,1125.1985313750338,,1125.1909564590314,1125.1985313750338,1126.190007917001,1126.190007917001,1126.190007917001,1126.4674757920438,space,0.27027691598050296,None,1126.468907292001,1127.1725136257048,1127.4809045000002,1127.4607327500125,1127.4623485420016,1127.4809045000002,1127.4809045000002,1127.4809045000002,1129.9907196670538,800,1,[2.5094507499597967],[2.509455416002311],p001,001,2025-11-12_10h35.26.886,intentional binding,,2025.1.1,None,2025-11-12 10h35.36.129666 +0530,
0.7,1000.0,exp,253,1,21,space,1.189729665988125,None,800,1,[1.0490459160064347],[1.0490498750004917],21,1,253,11,1129.9984654170112,,1129.990903167054,1129.9984654170112,1130.982422125002,1130.982422125002,1130.9899743749993,1132.1743748340523,space,1.189729665988125,None,1132.1761142920004,1132.8835282917173,1133.1916712920065,1133.1705065840506,1133.1727640840109,1133.1916712920065,1133.1916712920065,1133.1916712920065,1134.2411026250338,800,1,[1.0490459160064347],[1.0490498750004917],p001,001,2025-11-12_10h35.26.886,intentional binding,,2025.1.1,None,2025-11-12 10h35.36.129666 +0530,
0.4,1000.0,exp,254,2,21,space,0.3228810410364531,None,300,1,[1.177674166043289],[1.177678250009194],21,2,254,10,1134.2654249590123,,1134.2413024170091,1134.2654249590123,1135.240224542038,1135.240224542038,1135.2570379590034,1135.5853449170245,space,0.3228810410364531,None,1135.5872062499984,1135.9890865417003,1136.296979750041,1136.2770559170167,1136.2787651670515,1136.296979750041,1136.296979750041,1136.296979750041,1137.4750399170443,300,1,[1.177674166043289],[1.177678250009194],p001,001,2025-11-12_10h35.26.886,intentional binding,,2025.1.1,None,2025-11-12 10h35.36.129666 +0530,
0.7,1000.0,exp,255,3,21,space,0.5763439580332488,None,900,1,[0.8670934169786051],[0.8670982499606907],21,3,255,8,1137.482608084043,,1137.47523941705,1137.482608084043,1138.4735683750478,1138.4735683750478,1138.4735683750478,1139.057862042042,space,0.5763439580332488,None,1139.0591815000516,1139.765892458676,1140.0737927920418,1140.0539943750482,1140.056148875039,1140.0737927920418,1140.0737927920418,1140.0737927920418,1140.9412595840404,900,1,[0.8670934169786051],[0.8670982499606907],p001,001,2025-11-12_10h35.26.886,intentional binding,,2025.1.1,None,2025-11-12 10h35.36.129666 +0530,
0.1,400.0,unexp,256,4,21,space,0.5177093739621341,None,400,1,[1.2658691249671392],[1.265875415992923],21,4,256,0,1140.9659654590068,,1140.9414633749984,1140.9659654590068,1141.967245500011,1141.967245500011,1141.967245500011,1142.5022029170068,space,0.5177093739621341,None,1142.5036800420494,1142.606679166671,1142.9246962500038,1142.9049138340051,1142.9067688340438,1142.9246962500038,1142.9246962500038,1142.9246962500038,1144.1909565420356,400,1,[1.2658691249671392],[1.265875415992923],p001,001,2025-11-12_10h35.26.886,intentional binding,,2025.1.1,None,2025-11-12 10h35.36.129666 +0530,
0.4,1000.0,exp,257,5,21,space,0.517700249038171,None,300,1,[1.4603697920101695],[1.4603749589878134],21,5,257,7,1144.198831292044,,1144.191163709038,1144.198831292044,1145.1901347920066,1145.1901347920066,1145.1901347920066,1145.7187197500025,space,0.517700249038171,None,1145.7203966670204,1146.1225739166878,1146.4303455839981,1146.410590125015,1146.4122384590446,1146.4303455839981,1146.4303455839981,1146.4303455839981,1147.891143292014,300,1,[1.4603697920101695],[1.4603749589878134],p001,001,2025-11-12_10h35.26.886,intentional binding,,2025.1.1,None,2025-11-12 10h35.36.129666 +0530,
0.1,1000.0,exp,258,6,21,space,0.39063416596036404,None,100,1,[1.69841141597135],[1.6984158330014907],21,6,258,3,1147.9159374170122,,1147.8913237500237,1147.9159374170122,1148.8900640000356,1148.8900640000356,1148.907559125044,1149.2833132090163,space,0.39063416596036404,None,1149.2842491250485,1149.383128500722,1149.6923716670135,1149.6712615000433,1149.6735943750245,1149.6923716670135,1149.6923716670135,1149.6923716670135,1151.3912021670258,100,1,[1.69841141597135],[1.6984158330014907],p001,001,2025-11-12_10h35.26.886,intentional binding,,2025.1.1,None,2025-11-12 10h35.36.129666 +0530,
0.1,1000.0,exp,259,7,21,space,0.029007207020185888,None,200,1,[13.058315917034633],[13.058320624986663],21,7,259,6,1151.4153590420028,,1151.3914115000516,1151.4153590420028,1152.3906231250148,1152.3906231250148,1152.4075655839988,1152.424469959049,space,0.029007207020185888,None,1152.425916667038,1152.5336804586734,1152.8487092090072,1152.8280977500253,1152.830092459044,1152.8487092090072,1152.8487092090072,1152.8487092090072,1165.9074098750134,200,1,[13.058315917034633],[13.058320624986663],p001,001,2025-11-12_10h35.26.886,intentional binding,,2025.1.1,None,2025-11-12 10h35.36.129666 +0530,
0.1,1000.0,exp,260,8,21,space,0.3750317909871228,None,600,1,[1.6922548330039717],[1.6922598329838365],21,8,260,9,1165.9153936670045,,1165.907601792016,1165.9153936670045,1166.898958750011,1166.898958750011,1166.9065010420163,1167.2859437090228,space,0.3750317909871228,None,1167.28779720905,1167.3894682506836,1167.698379709036,1167.677838542033,1167.6794496250222,1167.698379709036,1167.698379709036,1167.698379709036,1169.3910239590332,600,1,[1.6922548330039717],[1.6922598329838365],p001,001,2025-11-12_10h35.26.886,intentional binding,,2025.1.1,None,2025-11-12 10h35.36.129666 +0530,
0.4,400.0,unexp,261,9,21,space,1.034426958009135,None,400,1,[1.5079225830268115],[1.5079274160088971],21,9,261,1,1169.3994761250215,,1169.3912062500021,1169.3994761250215,1170.382487625,1170.382487625,1170.3897351250052,1171.4197547920048,space,1.034426958009135,None,1171.4215484170127,1171.8229891667181,1172.1327524170047,1172.1110311670345,1172.1130109590013,1172.1327524170047,1172.1327524170047,1172.1327524170047,1173.641082459013,400,1,[1.5079225830268115],[1.5079274160088971],p001,001,2025-11-12_10h35.26.886,intentional binding,,2025.1.1,None,2025-11-12 10h35.36.129666 +0530,
0.7,1000.0,exp,262,10,21,space,0.7777374580036849,None,800,1,[1.3333862089784816],[1.3333905839826912],21,10,262,5,1173.6492152090068,,1173.6412992920377,1173.6492152090068,1174.6400674590259,1174.6400674590259,1174.6400674590259,1175.42568450002,space,0.7777374580036849,None,1175.4271194169996,1176.1327225837197,1176.4406677920488,1176.4207521670032,1176.42283962504,1176.4406677920488,1176.4406677920488,1176.4406677920488,1177.7744653749978,800,1,[1.3333862089784816],[1.3333905839826912],p001,001,2025-11-12_10h35.26.886,intentional binding,,2025.1.1,None,2025-11-12 10h35.36.129666 +0530,
0.4,1000.0,exp,263,11,21,space,0.2609680820023641,None,300 ,1,[1.3245268749888055],[1.3245311249629594],21,11,263,4,1177.7824258750188,,1177.7746551250457,1177.7824258750188,1178.7657354590483,1178.7657354590483,1178.7724943750072,1179.0344105840195,space,0.2609680820023641,None,1179.0357170420466,1179.434086916681,1179.7495377919986,1179.7275359170162,1179.72946541704,1179.7495377919986,1179.7495377919986,1179.7495377919986,1181.0744334170013,300 ,1,[1.3245268749888055],[1.3245311249629594],p001,001,2025-11-12_10h35.26.886,intentional binding,,2025.1.1,None,2025-11-12 10h35.36.129666 +0530,
0.1,1000.0,exp,264,0,22,space,1.3527520829811692,None,400,1,[2.065728166955523],[2.065732291957829],22,0,264,3,1181.0819400000037,,1181.0746275420533,1181.0819400000037,1182.073872042005,1182.073872042005,1182.073872042005,1183.4345430000103,space,1.3527520829811692,None,1183.4362026670133,1183.540869541703,1183.8582321249996,1183.8376841249992,1183.8400646670489,1183.8582321249996,1183.8582321249996,1183.8582321249996,1185.9243683340028,400,1,[2.065728166955523],[2.065732291957829],p001,001,2025-11-12_10h35.26.886,intentional binding,,2025.1.1,None,2025-11-12 10h35.36.129666 +0530,
0.1,400.0,unexp,265,1,22,space,0.27764466597000137,None,300,1,[1.4158900410402566],[1.4158952500438318],22,1,265,0,1185.9322104590246,,1185.9245457090437,1185.9322104590246,1186.9229475420434,1186.9229475420434,1186.9229475420434,1187.208979750052,space,0.27764466597000137,None,1187.2104347090353,1187.3161657087078,1187.6249503750005,1187.604254792037,1187.6064355840208,1187.6249503750005,1187.6249503750005,1187.6249503750005,1189.0412324170466,300,1,[1.4158900410402566],[1.4158952500438318],p001,001,2025-11-12_10h35.26.886,intentional binding,,2025.1.1,None,2025-11-12 10h35.36.129666 +0530,
0.4,1000.0,exp,266,2,22,space,0.26169491600012407,None,800,1,[1.0782242910354398],[1.0782293330412358],22,2,266,4,1189.0491544170072,,1189.0414614590118,1189.0491544170072,1190.0327952500083,1190.0327952500083,1190.0394883750123,1190.3008565420168,space,0.26169491600012407,None,1190.3021332090138,1190.7065535417098,1191.012680875021,1190.9937986670411,1190.9955127920257,1191.012680875021,1191.012680875021,1191.012680875021,1192.0912832090398,800,1,[1.0782242910354398],[1.0782293330412358],p001,001,2025-11-12_10h35.26.886,intentional binding,,2025.1.1,None,2025-11-12 10h35.36.129666 +0530,
0.1,1000.0,exp,267,3,22,space,0.23097304097609594,None,300,1,[1.2335350830107927],[1.2335392500390299],22,3,267,9,1192.0990559170023,,1192.091464834055,1192.0990559170023,1193.0825395420543,1193.0825395420543,1193.0892541250214,1193.335724500008,space,0.23097304097609594,None,1193.337706167018,1193.4407515417008,1193.757497625018,1193.737423750048,1193.7395983340102,1193.757497625018,1193.757497625018,1193.757497625018,1194.9913960840204,300,1,[1.2335350830107927],[1.2335392500390299],p001,001,2025-11-12_10h35.26.886,intentional binding,,2025.1.1,None,2025-11-12 10h35.36.129666 +0530,
0.1,1000.0,exp,268,4,22,space,0.22894016600912437,None,400,1,[1.8239735410315916],[1.823977708001621],22,4,268,6,1195.0159620420309,,1194.991577125038,1195.0159620420309,1195.9824487090227,1195.9824487090227,1196.0067392089986,1196.2175256670453,space,0.22894016600912437,None,1196.2191920000478,1196.317332625684,1196.6334075420164,1196.6124240420177,1196.6146204170072,1196.6334075420164,1196.6334075420164,1196.6334075420164,1198.4577560840407,400,1,[1.8239735410315916],[1.823977708001621],p001,001,2025-11-12_10h35.26.886,intentional binding,,2025.1.1,None,2025-11-12 10h35.36.129666 +0530,
0.4,1000.0,exp,269,5,22,space,0.25664183200569823,None,200,1,[1.1701024160138331],[1.1701065830420703],22,5,269,7,1198.465723166999,,1198.4579386670375,1198.465723166999,1199.4576567920158,1199.4576567920158,1199.4576567920158,1199.7181975000422,space,0.25664183200569823,None,1199.7195333749987,1200.1231306256998,1200.4304902500007,1200.4105518340366,1200.4123250840348,1200.4304902500007,1200.4304902500007,1200.4304902500007,1201.6009717920097,200,1,[1.1701024160138331],[1.1701065830420703],p001,001,2025-11-12_10h35.26.886,intentional binding,,2025.1.1,None,2025-11-12 10h35.36.129666 +0530,
0.4,400.0,unexp,270,6,22,space,0.38393983303103596,None,900,1,[2.0102279169950634],[2.0102326669730246],22,6,270,1,1201.6048230419983,,1201.6011607920518,1201.6048230419983,1202.599303667026,1202.599303667026,1202.599303667026,1202.9850234590122,space,0.38393983303103596,None,1202.9867850420414,1203.390194625714,1203.6972085000016,1203.6774272920447,1203.6790769170038,1203.6972085000016,1203.6972085000016,1203.6972085000016,1205.7078543340322,900,1,[2.0102279169950634],[2.0102326669730246],p001,001,2025-11-12_10h35.26.886,intentional binding,,2025.1.1,None,2025-11-12 10h35.36.129666 +0530,
0.7,400.0,unexp,271,7,22,space,0.2841898329788819,None,800,1,[1.9111348339938559],[1.9111399999819696],22,7,271,2,1205.7160801670398,,1205.7080308750155,1205.7160801670398,1206.7000075420365,1206.7000075420365,1206.707511250046,1206.9913084170548,space,0.2841898329788819,None,1206.992699000053,1207.7010528337016,1208.013240500004,1207.9933728340548,1207.9949383750209,1208.013240500004,1208.013240500004,1208.013240500004,1209.9247633750201,800,1,[1.9111348339938559],[1.9111399999819696],p001,001,2025-11-12_10h35.26.886,intentional binding,,2025.1.1,None,2025-11-12 10h35.36.129666 +0530,
0.4,1000.0,exp,272,8,22,space,0.36294862400973216,None,600,1,[2.0109297090093605],[2.010933917015791],22,8,272,10,1209.9322283340152,,1209.9249433340156,1209.9322283340152,1210.915981584054,1210.915981584054,1210.9232602500124,1211.2855880420539,space,0.36294862400973216,None,1211.2870597920264,1211.689716666708,1211.9965820000507,1211.9768331670202,1211.9784429590218,1211.9965820000507,1211.9965820000507,1211.9965820000507,1214.007906459039,600,1,[2.0109297090093605],[2.010933917015791],p001,001,2025-11-12_10h35.26.886,intentional binding,,2025.1.1,None,2025-11-12 10h35.36.129666 +0530,
0.7,1000.0,exp,273,9,22,space,0.2607857909752056,None,400,1,[1.7007508329697885],[1.7007560830097646],22,9,273,11,1214.016483125044,,1214.0080835420522,1214.016483125044,1214.99914191704,1214.99914191704,1215.007794959005,1215.2677965420298,space,0.2607857909752056,None,1215.2692079590051,1215.96724416671,1216.2737343340414,1216.2540968340472,1216.2561074999976,1216.2737343340414,1216.2737343340414,1216.2737343340414,1217.974885625008,400,1,[1.7007508329697885],[1.7007560830097646],p001,001,2025-11-12_10h35.26.886,intentional binding,,2025.1.1,None,2025-11-12 10h35.36.129666 +0530,
0.7,1000.0,exp,274,10,22,space,0.259271749004256,None,800,1,[1.3993902080110274],[1.3993953749886714],22,10,274,5,1217.9991338340333,,1217.9750655420357,1217.9991338340333,1218.9745592500549,1218.9745592500549,1218.99006941705,1219.2352845420246,space,0.259271749004256,None,1219.2365980420145,1219.9411193757007,1220.2582045000163,1220.2378872920526,1220.240035667026,1220.2582045000163,1220.2582045000163,1220.2582045000163,1221.6580034590443,800,1,[1.3993902080110274],[1.3993953749886714],p001,001,2025-11-12_10h35.26.886,intentional binding,,2025.1.1,None,2025-11-12 10h35.36.129666 +0530,
0.7,1000.0,exp,275,11,22,space,0.38508870801888406,None,800,1,[1.2421903749927878],[1.242194999998901],22,11,275,8,1221.6658880840405,,1221.6581877500284,1221.6658880840405,1222.6495573340217,1222.6495573340217,1222.6567480000085,1223.0411712920177,space,0.38508870801888406,None,1223.0424882920342,1223.7499979166935,1224.0586686250172,1224.0385747500113,1224.0407959590084,1224.0586686250172,1224.0586686250172,1224.0586686250172,1225.3012422500178,800,1,[1.2421903749927878],[1.242194999998901],p001,001,2025-11-12_10h35.26.886,intentional binding,,2025.1.1,None,2025-11-12 10h35.36.129666 +0530,
0.1,400.0,unexp,276,0,23,space,0.583142040995881,None,300,1,[1.2607752500334755],[1.260779292031657],23,0,276,0,1225.3166948340368,,1225.3014545839978,1225.3166948340368,1226.299446000019,1226.299446000019,1226.3068765420467,1226.885175000003,space,0.583142040995881,None,1226.8866088750074,1226.9895710416642,1227.2967321670149,1227.2778800000087,1227.2795538339997,1227.2967321670149,1227.2967321670149,1227.2967321670149,1228.557898084051,300,1,[1.2607752500334755],[1.260779292031657],p001,001,2025-11-12_10h35.26.886,intentional binding,,2025.1.1,None,2025-11-12 10h35.36.129666 +0530,
0.7,1000.0,exp,277,1,23,space,0.12419954099459574,None,900,1,[1.3922714589862153],[1.3922757089603692],23,1,277,8,1228.5657481250237,,1228.5580874590087,1228.5657481250237,1229.549360667006,1229.549360667006,1229.5567905000062,1229.686235167028,space,0.12419954099459574,None,1229.6880315000308,1230.3906440006724,1230.6989995420445,1230.6776120000286,1230.6797207090422,1230.6989995420445,1230.6989995420445,1230.6989995420445,1232.0916505000205,900,1,[1.3922714589862153],[1.3922757089603692],p001,001,2025-11-12_10h35.26.886,intentional binding,,2025.1.1,None,2025-11-12 10h35.36.129666 +0530,
0.4,1000.0,exp,278,2,23,space,0.27274541597580537,None,400,1,[1.1266355829429813],[1.1266411659889854],23,2,278,10,1232.1161694590119,,1232.0918521250132,1232.1161694590119,1233.0827199590276,1233.0827199590276,1233.1079654589994,1233.369661042001,space,0.27274541597580537,None,1233.3717275000527,1233.7735213756716,1234.0810417920002,1234.0613200840307,1234.0630310840206,1234.0810417920002,1234.0810417920002,1234.0810417920002,1235.2080910000368,400,1,[1.1266355829429813],[1.1266411659889854],p001,001,2025-11-12_10h35.26.886,intentional binding,,2025.1.1,None,2025-11-12 10h35.36.129666 +0530,
0.1,1000.0,exp,279,3,23,space,0.3496893330011517,None,800,1,[2.1330730839981697],[2.133076916972641],23,3,279,9,1235.2326844590134,,1235.2082709170063,1235.2326844590134,1236.2175944590126,1236.2175944590126,1236.2243981250213,1236.5749970420147,space,0.3496893330011517,None,1236.5764037500485,1236.6825954166745,1236.9908769590547,1236.9713968340075,1236.9735680000158,1236.9908769590547,1236.9908769590547,1236.9908769590547,1239.124335417,800,1,[2.1330730839981697],[2.133076916972641],p001,001,2025-11-12_10h35.26.886,intentional binding,,2025.1.1,None,2025-11-12 10h35.36.129666 +0530,
0.7,1000.0,exp,280,4,23,space,0.2581941239768639,None,500,1,[0.8992289169691503],[0.8992330830078572],23,4,280,11,1239.1322600000422,,1239.1245367500233,1239.1322600000422,1240.1161082500475,1240.1161082500475,1240.1236428340198,1240.3841841670219,space,0.2581941239768639,None,1240.385715667042,1241.0833753336958,1241.391645542055,1241.3710667920532,1241.3728295420296,1241.391645542055,1241.391645542055,1241.391645542055,1242.2912352500134,500,1,[0.8992289169691503],[0.8992330830078572],p001,001,2025-11-12_10h35.26.886,intentional binding,,2025.1.1,None,2025-11-12 10h35.36.129666 +0530,
0.7,400.0,unexp,281,5,23,space,0.7809200409683399,None,500,1,[1.0769914579577744],[1.0769952909904532],23,5,281,2,1242.298644250026,,1242.2914348340128,1242.298644250026,1243.290284125018,1243.290284125018,1243.290284125018,1244.074245084019,space,0.7809200409683399,None,1244.0756577500142,1244.7827574167206,1245.0902767920052,1245.0705108750262,1245.0727139170049,1245.0902767920052,1245.0902767920052,1245.0902767920052,1246.1676440419978,500,1,[1.0769914579577744],[1.0769952909904532],p001,001,2025-11-12_10h35.26.886,intentional binding,,2025.1.1,None,2025-11-12 10h35.36.129666 +0530,
0.1,1000.0,exp,282,6,23,space,0.23451095802010968,None,300,1,[2.6507683339877985],[2.650774249981623],23,6,282,3,1246.171578959038,,1246.1678472500062,1246.171578959038,1247.1666526670451,1247.1666526670451,1247.1666526670451,1247.408850250009,space,0.23451095802010968,None,1247.410381209047,1247.516040375693,1247.8237472920446,1247.8042690420407,1247.8062942090328,1247.8237472920446,1247.8237472920446,1247.8237472920446,1250.4749086250085,300,1,[2.6507683339877985],[2.650774249981623],p001,001,2025-11-12_10h35.26.886,intentional binding,,2025.1.1,None,2025-11-12 10h35.36.129666 +0530,
0.7,1000.0,exp,283,7,23,space,0.31117708300007507,None,500,1,[0.7738073749933392],[0.7738125830073841],23,7,283,5,1250.4991593340528,,1250.475098917028,1250.4991593340528,1251.465866500046,1251.465866500046,1251.4903906250256,1251.7851594170206,space,0.31117708300007507,None,1251.787191750016,1252.4898380006819,1252.8004958750098,1252.777416292054,1252.7793147090124,1252.8004958750098,1252.8004958750098,1252.8004958750098,1253.5746885000262,500,1,[0.7738073749933392],[0.7738125830073841],p001,001,2025-11-12_10h35.26.886,intentional binding,,2025.1.1,None,2025-11-12 10h35.36.129666 +0530,
0.4,1000.0,exp,284,8,23,space,0.31975454097846523,None,300,1,[1.1916924170218408],[1.1916963339899667],23,8,284,7,1253.582474499999,,1253.574863750022,1253.582474499999,1254.5732001250144,1254.5732001250144,1254.5732001250144,1254.9007399590337,space,0.31975454097846523,None,1254.9024169589975,1255.3067737086715,1255.6157864170382,1255.5945580420084,1255.5961259170435,1255.6157864170382,1255.6157864170382,1255.6157864170382,1256.8078865840216,300,1,[1.1916924170218408],[1.1916963339899667],p001,001,2025-11-12_10h35.26.886,intentional binding,,2025.1.1,None,2025-11-12 10h35.36.129666 +0530,
0.4,400.0,unexp,285,9,23,space,0.2875752910040319,None,900,1,[1.0413550410303287],[1.0413590830285102],23,9,285,1,1256.816401542048,,1256.8082532920525,1256.816401542048,1257.8074478339986,1257.8074478339986,1257.8074478339986,1258.1013885840075,space,0.2875752910040319,None,1258.102151500003,1258.506640916694,1258.815795500006,1258.7949167500483,1258.7967730000382,1258.815795500006,1258.815795500006,1258.815795500006,1259.8575408340548,900,1,[1.0413550410303287],[1.0413590830285102],p001,001,2025-11-12_10h35.26.886,intentional binding,,2025.1.1,None,2025-11-12 10h35.36.129666 +0530,
0.4,1000.0,exp,286,10,23,space,0.7612389579880983,None,800,1,[0.965666042000521],[0.9656712919822894],23,10,286,4,1259.8656163749984,,1259.8577385420213,1259.8656163749984,1260.8576006670482,1260.8576006670482,1260.8576006670482,1261.6257580840029,space,0.7612389579880983,None,1261.6272360420553,1262.0333352086639,1262.3418167090276,1262.3212348340312,1262.3234495000215,1262.3418167090276,1262.3418167090276,1262.3418167090276,1263.3079447500058,800,1,[0.965666042000521],[0.9656712919822894],p001,001,2025-11-12_10h35.26.886,intentional binding,,2025.1.1,None,2025-11-12 10h35.36.129666 +0530,
0.1,1000.0,exp,287,11,23,space,0.23244445701129735,None,300,1,[1.6916077500209212],[1.6916143330163322],23,11,287,6,1263.3152997920406,,1263.3081254170393,1263.3152997920406,1264.3343292089994,1264.3343292089994,1264.3343292089994,1264.5688962090062,space,0.23244445701129735,None,1264.5703647500486,1264.6738471256724,1264.9827547090244,1264.9618517920026,1264.9639476670418,1264.9827547090244,1264.9827547090244,1264.9827547090244,1266.6747546250117,300,1,[1.6916077500209212],[1.6916143330163322],p001,001,2025-11-12_10h35.26.886,intentional binding,,2025.1.1,None,2025-11-12 10h35.36.129666 +0530,
0.1,1000.0,exp,288,0,24,space,0.25764933199388906,None,300,1,[3.199617834005039],[3.199621959007345],24,0,288,6,1266.6823605420068,,1266.6749319590162,1266.6823605420068,1267.6740440840367,1267.6740440840367,1267.6740440840367,1267.9359765840345,space,0.25764933199388906,None,1267.9373849170515,1268.0411753756964,1268.358138917014,1268.3381173750386,1268.3402662500157,1268.358138917014,1268.358138917014,1268.358138917014,1271.5581438340014,300,1,[3.199617834005039],[3.199621959007345],p001,001,2025-11-12_10h35.26.886,intentional binding,,2025.1.1,None,2025-11-12 10h35.36.129666 +0530,
0.4,1000.0,exp,289,1,24,space,0.45766062394250184,None,800,1,[1.8789087919867598],[1.8789127499912865],24,1,289,10,1271.5664238340105,,1271.5583316670381,1271.5664238340105,1272.556934500055,1272.556934500055,1272.556934500055,1273.017900500039,space,0.45766062394250184,None,1273.0194275840186,1273.4234219166722,1273.7312927920138,1273.7115062920493,1273.7142686670413,1273.7312927920138,1273.7312927920138,1273.7312927920138,1275.6106145840022,800,1,[1.8789087919867598],[1.8789127499912865],p001,001,2025-11-12_10h35.26.886,intentional binding,,2025.1.1,None,2025-11-12 10h35.36.129666 +0530,
0.4,1000.0,exp,290,2,24,space,0.30985141603741795,None,500,1,[1.0822023749933578],[1.0822064169915393],24,2,290,7,1275.6182174590067,,1275.6108067500172,1275.6182174590067,1276.6074889590382,1276.6074889590382,1276.616082792054,1276.9256321249995,space,0.30985141603741795,None,1276.9273750420543,1277.3332242916842,1277.642020417028,1277.6213109170203,1277.6235172090237,1277.642020417028,1277.642020417028,1277.642020417028,1278.7246146670077,500,1,[1.0822023749933578],[1.0822064169915393],p001,001,2025-11-12_10h35.26.886,intentional binding,,2025.1.1,None,2025-11-12 10h35.36.129666 +0530,
0.7,1000.0,exp,291,3,24,space,0.28587237402098253,None,800,1,[1.224249749968294],[1.2242538330028765],24,3,291,11,1278.7329513750155,,1278.7247965840506,1278.7329513750155,1279.7246325419983,1279.7246325419983,1279.7246325419983,1280.0195335840108,space,0.28587237402098253,None,1280.0217085000477,1280.7234417506882,1281.0333454170031,1281.0128471250064,1281.0150398340193,1281.0333454170031,1281.0333454170031,1281.0333454170031,1282.2579857500386,800,1,[1.224249749968294],[1.2242538330028765],p001,001,2025-11-12_10h35.26.886,intentional binding,,2025.1.1,None,2025-11-12 10h35.36.129666 +0530,
0.7,1000.0,exp,292,4,24,space,0.24886729096760973,None,300,1,[0.7933304579928517],[0.7933347910293378],24,4,292,5,1282.2658100840054,,1282.2581764170318,1282.2658100840054,1283.249391209043,1283.249391209043,1283.2571562920348,1283.5018181250198,space,0.24886729096760973,None,1283.5038278340362,1284.206283583717,1284.5142984590493,1284.4940885000397,1284.495720542036,1284.5142984590493,1284.5142984590493,1284.5142984590493,1285.3080063340021,300,1,[0.7933304579928517],[0.7933347910293378],p001,001,2025-11-12_10h35.26.886,intentional binding,,2025.1.1,None,2025-11-12 10h35.36.129666 +0530,
0.7,1000.0,exp,293,5,24,space,0.6641012490144931,None,800,1,[1.260282291972544],[1.260286458011251],24,5,293,8,1285.3163929590373,,1285.3081801670487,1285.3163929590373,1286.3068848750554,1286.3068848750554,1286.3068848750554,1286.9763160420116,space,0.6641012490144931,None,1286.977856417012,1287.683829833699,1287.9906229590415,1287.971342334,1287.9733672500006,1287.9906229590415,1287.9906229590415,1287.9906229590415,1289.251277084055,800,1,[1.260282291972544],[1.260286458011251],p001,001,2025-11-12_10h35.26.886,intentional binding,,2025.1.1,None,2025-11-12 10h35.36.129666 +0530,
0.1,1000.0,exp,294,6,24,space,0.2784289160044864,None,500,1,[1.1783015000401065],[1.1783058330183849],24,6,294,9,1289.2554820420337,,1289.2514648340293,1289.2554820420337,1290.267727917002,1290.267727917002,1290.267727917002,1290.5531601670082,space,0.2784289160044864,None,1290.5547365420498,1290.657375416664,1290.9629444590537,1290.9444066249998,1290.9457225840306,1290.9629444590537,1290.9629444590537,1290.9629444590537,1292.1416479590116,500,1,[1.1783015000401065],[1.1783058330183849],p001,001,2025-11-12_10h35.26.886,intentional binding,,2025.1.1,None,2025-11-12 10h35.36.129666 +0530,
0.1,1000.0,exp,295,7,24,space,0.5210912910406478,None,300,1,[1.1166027919971384],[1.116606709023472],24,7,295,3,1292.1661667090375,,1292.1418477920233,1292.1661667090375,1293.1676690840395,1293.1676690840395,1293.1676690840395,1293.6918654170004,space,0.5210912910406478,None,1293.6932215840206,1293.7996381257,1294.1079590420122,1294.0872953340295,1294.089097542048,1294.1079590420122,1294.1079590420122,1294.1079590420122,1295.2249666670104,300,1,[1.1166027919971384],[1.116606709023472],p001,001,2025-11-12_10h35.26.886,intentional binding,,2025.1.1,None,2025-11-12 10h35.36.129666 +0530,
0.4,400.0,unexp,296,8,24,space,0.3035201659658924,None,800,1,[0.9930302919819951],[0.9930346669862047],24,8,296,1,1295.2493884590222,,1295.225178875029,1295.2493884590222,1296.2245855840156,1296.2245855840156,1296.2402827500482,1296.5347475419985,space,0.3035201659658924,None,1296.5360495840432,1296.9400429587151,1297.247807375039,1297.2276605420047,1297.229555042053,1297.247807375039,1297.247807375039,1297.247807375039,1298.24127120903,800,1,[0.9930302919819951],[0.9930346669862047],p001,001,2025-11-12_10h35.26.886,intentional binding,,2025.1.1,None,2025-11-12 10h35.36.129666 +0530,
0.1,400.0,unexp,297,9,24,space,0.2490842909901403,None,300,1,[1.0916036670096219],[1.091607832990121],24,9,297,0,1298.2491526670055,,1298.2414515420096,1298.2491526670055,1299.2398284590454,1299.2398284590454,1299.2398284590454,1299.49239566701,space,0.2490842909901403,None,1299.4939073750284,1299.6008009586988,1299.9158478750032,1299.8938105420093,1299.8975111250184,1299.9158478750032,1299.9158478750032,1299.9158478750032,1301.0078552500345,300,1,[1.0916036670096219],[1.091607832990121],p001,001,2025-11-12_10h35.26.886,intentional binding,,2025.1.1,None,2025-11-12 10h35.36.129666 +0530,
0.7,400.0,unexp,298,10,24,space,0.13912779098609462,None,300,1,[0.7481658749748021],[0.7481698339688592],24,10,298,2,1301.0156685000402,,1301.0080374170211,1301.0156685000402,1301.9996566250338,1301.9996566250338,1302.0069905000273,1302.1423948340234,space,0.13912779098609462,None,1302.143694834027,1302.8499338756703,1303.1593821670394,1303.137395250029,1303.1456734590465,1303.1593821670394,1303.1593821670394,1303.1593821670394,1303.9079506249982,300,1,[0.7481658749748021],[0.7481698339688592],p001,001,2025-11-12_10h35.26.886,intentional binding,,2025.1.1,None,2025-11-12 10h35.36.129666 +0530,
0.4,1000.0,exp,299,11,24,space,0.22797758196247742,None,900,1,[1.2095315409824252],[1.2095356250065379],24,11,299,4,1303.9159098340315,,1303.9081376250251,1303.9159098340315,1304.8999015840236,1304.8999015840236,1304.9071868750034,1305.1356724170037,space,0.22797758196247742,None,1305.1371587500325,1305.5403748336869,1305.8480216670432,1305.827952874999,1305.8297032500268,1305.8480216670432,1305.8480216670432,1305.8480216670432,1307.0579132920248,900,1,[1.2095315409824252],[1.2095356250065379],p001,001,2025-11-12_10h35.26.886,intentional binding,,2025.1.1,None,2025-11-12 10h35.36.129666 +0530,
0.7,1000.0,exp,300,0,25,space,0.07359229103894904,None,700,1,[1.6245154169737361],[1.6245197500102222],25,0,300,8,1307.065672042023,,1307.0580947920098,1307.065672042023,1308.0571840420016,1308.0571840420016,1308.0571840420016,1308.1352288339986,space,0.07359229103894904,None,1308.1369667500257,1308.840150250708,1309.1497150840005,1309.128322500037,1309.1302757090307,1309.1497150840005,1309.1497150840005,1309.1497150840005,1310.774613125017,700,1,[1.6245154169737361],[1.6245197500102222],p001,001,2025-11-12_10h35.26.886,intentional binding,,2025.1.1,None,2025-11-12 10h35.36.129666 +0530,
0.7,1000.0,exp,301,1,25,space,0.39168683299794793,None,600,1,[1.150270750047639],[1.1502749170176685],25,1,301,5,1310.7825332090142,,1310.774828292022,1310.7825332090142,1311.765990792017,1311.765990792017,1311.7738609170192,1312.161154292,space,0.39168683299794793,None,1312.1626385840354,1312.8668441667144,1313.1742923340062,1313.154885209049,1313.1566768340417,1313.1742923340062,1313.1742923340062,1313.1742923340062,1314.324966709013,600,1,[1.150270750047639],[1.1502749170176685],p001,001,2025-11-12_10h35.26.886,intentional binding,,2025.1.1,None,2025-11-12 10h35.36.129666 +0530,
0.1,1000.0,exp,302,2,25,space,0.01915608299896121,None,500,1,[2.281884916999843],[2.281889166973997],25,2,302,6,1314.3333409590414,,1314.325141209003,1314.3333409590414,1315.3243440420483,1315.3243440420483,1315.3243440420483,1315.3515557500068,space,0.01915608299896121,None,1315.3529050420038,1315.455297208686,1315.7755683340365,1315.755579959019,1315.7577800000436,1315.7755683340365,1315.7755683340365,1315.7755683340365,1318.0578591670492,500,1,[2.281884916999843],[2.281889166973997],p001,001,2025-11-12_10h35.26.886,intentional binding,,2025.1.1,None,2025-11-12 10h35.36.129666 +0530,
0.4,1000.0,exp,303,3,25,space,0.23990091599989682,None,400,1,[0.7824622499756515],[0.7824663749779575],25,3,303,4,1318.0658061670256,,1318.0580453750445,1318.0658061670256,1319.0495311670238,1319.0495311670238,1319.0567342920112,1319.2923654170008,space,0.23990091599989682,None,1319.2940598340356,1319.7006214166797,1320.0084907500423,1319.9878005000064,1319.9900485000107,1320.0084907500423,1320.0084907500423,1320.0084907500423,1320.7913212090498,400,1,[0.7824622499756515],[0.7824663749779575],p001,001,2025-11-12_10h35.26.886,intentional binding,,2025.1.1,None,2025-11-12 10h35.36.129666 +0530,
0.4,400.0,unexp,304,4,25,space,0.4225057069561444,None,500,1,[1.170550708018709],[1.1705550420447253],25,4,304,1,1320.7990586670348,,1320.7914965840173,1320.7990586670348,1321.7899635000504,1321.7899635000504,1321.7899635000504,1322.218376209028,space,0.4225057069561444,None,1322.220283792005,1322.622929916721,1322.9308493340504,1322.9108787919977,1322.9126501670107,1322.9308493340504,1322.9308493340504,1322.9308493340504,1324.1017811670317,500,1,[1.170550708018709],[1.1705550420447253],p001,001,2025-11-12_10h35.26.886,intentional binding,,2025.1.1,None,2025-11-12 10h35.36.129666 +0530,
0.4,1000.0,exp,305,5,25,space,0.30990574904717505,None,500,1,[0.8768154589924961],[0.8768194590229541],25,5,305,7,1324.1173261670046,,1324.1019814590109,1324.1173261670046,1325.0994019170175,1325.0994019170175,1325.1164422090515,1325.4188484590268,space,0.30990574904717505,None,1325.4202695420245,1325.823550625708,1326.130800834042,1326.1111974170199,1326.1128270000336,1326.130800834042,1326.130800834042,1326.130800834042,1327.007998667017,500,1,[0.8768154589924961],[0.8768194590229541],p001,001,2025-11-12_10h35.26.886,intentional binding,,2025.1.1,None,2025-11-12 10h35.36.129666 +0530,
0.1,1000.0,exp,306,6,25,space,0.06239349901443347,None,300,1,[0.9981185829965398],[0.9981227499665692],25,6,306,3,1327.0158579590498,,1327.0081987919984,1327.0158579590498,1328.0078485000413,1328.0078485000413,1328.0078485000413,1328.0753033750225,space,0.06239349901443347,None,1328.0772270000307,1328.1830442916873,1328.4929368340527,1328.4724992920528,1328.4746967090177,1328.4929368340527,1328.4929368340527,1328.4929368340527,1329.4914446670446,300,1,[0.9981185829965398],[0.9981227499665692],p001,001,2025-11-12_10h35.26.886,intentional binding,,2025.1.1,None,2025-11-12 10h35.36.129666 +0530,
0.4,1000.0,exp,307,7,25,space,0.2655084580183029,None,600,1,[1.1428242500405759],[1.142830208002124],25,7,307,10,1329.4992734170519,,1329.4916552920477,1329.4992734170519,1330.4836373750004,1330.4836373750004,1330.4906371670077,1330.7514701250475,space,0.2655084580183029,None,1330.753203292028,1331.1561210416878,1331.4651389170322,1331.4452068750397,1331.4471820420003,1331.4651389170322,1331.4651389170322,1331.4651389170322,1332.608376209042,600,1,[1.1428242500405759],[1.142830208002124],p001,001,2025-11-12_10h35.26.886,intentional binding,,2025.1.1,None,2025-11-12 10h35.36.129666 +0530,
0.7,400.0,unexp,308,8,25,space,0.46479495702078566,None,300,1,[2.6329988749930635],[2.633004042028915],25,8,308,2,1332.6165855840081,,1332.6085609590518,1332.6165855840081,1333.6053199590533,1333.6053199590533,1333.6053199590533,1334.074729709013,space,0.46479495702078566,None,1334.0760762090213,1334.7739989166769,1335.0914416669984,1335.0722330840072,1335.074046667025,1335.0914416669984,1335.0914416669984,1335.0914416669984,1337.7248288340052,300,1,[2.6329988749930635],[2.633004042028915],p001,001,2025-11-12_10h35.26.886,intentional binding,,2025.1.1,None,2025-11-12 10h35.36.129666 +0530,
0.1,400.0,unexp,309,9,25,space,0.004349583003204316,None,300,1,[1.942198125005234],[1.9422023750375956],25,9,309,0,1337.7329177090432,,1337.7250441670185,1337.7329177090432,1338.7237897500163,1338.7237897500163,1338.7237897500163,1338.7354497089982,space,0.004349583003204316,None,1338.7372198750381,1338.8398884167002,1339.1488870000467,1339.1278334590024,1339.1298140000436,1339.1488870000467,1339.1488870000467,1339.1488870000467,1341.09149595903,300,1,[1.942198125005234],[1.9422023750375956],p001,001,2025-11-12_10h35.26.886,intentional binding,,2025.1.1,None,2025-11-12 10h35.36.129666 +0530,
0.7,1000.0,exp,310,10,25,space,0.3149692500010133,None,800,1,[3.2343049170449376],[3.23430879204534],25,10,310,11,1341.099281792005,,1341.0916797920363,1341.099281792005,1342.0830134170246,1342.0830134170246,1342.090439584048,1342.4014035840519,space,0.3149692500010133,None,1342.4029302090057,1343.107086458713,1343.42409933405,1343.4044153750292,1343.4060765420436,1343.42409933405,1343.42409933405,1343.42409933405,1346.658798584016,800,1,[3.2343049170449376],[3.23430879204534],p001,001,2025-11-12_10h35.26.886,intentional binding,,2025.1.1,None,2025-11-12 10h35.36.129666 +0530,
0.1,1000.0,exp,311,11,25,space,0.2598509990493767,None,300,1,[1.211301999981515],[1.2113063749857247],25,11,311,9,1346.6829400000279,,1346.6589815000189,1346.6829400000279,1347.6569322500145,1347.6569322500145,1347.6739744170336,1347.9249686250114,space,0.2598509990493767,None,1347.926289584022,1348.0345114166887,1348.3468701670063,1348.327327875013,1348.328939375002,1348.3468701670063,1348.3468701670063,1348.3468701670063,1349.5585631670547,300,1,[1.211301999981515],[1.2113063749857247],p001,001,2025-11-12_10h35.26.886,intentional binding,,2025.1.1,None,2025-11-12 10h35.36.129666 +0530,
0.1,1000.0,exp,312,0,26,space,0.3456212909659371,None,900,1,[1.5819712910451926],[1.5819754160474986],26,0,312,3,1349.582939875021,,1349.558792542026,1349.582939875021,1350.5571323750191,1350.5571323750191,1350.5739802500466,1350.9090740840184,space,0.3456212909659371,None,1350.910502459039,1351.0171685006974,1351.3258271670202,1351.3048553340486,1351.3070566250244,1351.3258271670202,1351.3258271670202,1351.3258271670202,1352.9082112090546,900,1,[1.5819712910451926],[1.5819754160474986],p001,001,2025-11-12_10h35.26.886,intentional binding,,2025.1.1,None,2025-11-12 10h35.36.129666 +0530,
0.7,1000.0,exp,313,1,26,space,0.35870849899947643,None,800,1,[2.501360082998872],[2.5013646250008605],26,1,313,8,1352.915970000031,,1352.9083961250144,1352.915970000031,1353.8999856250011,1353.8999856250011,1353.9071995840059,1354.2686677920283,space,0.35870849899947643,None,1354.2703951250296,1354.9735095006802,1355.2899915000307,1355.2719795420417,1355.2735108750057,1355.2899915000307,1355.2899915000307,1355.2899915000307,1357.791742750036,800,1,[2.501360082998872],[2.5013646250008605],p001,001,2025-11-12_10h35.26.886,intentional binding,,2025.1.1,None,2025-11-12 10h35.36.129666 +0530,
0.1,400.0,unexp,314,2,26,space,0.29852041602134705,None,600,1,[1.6021568329888396],[1.60216287500225],26,2,314,0,1357.7997867090162,,1357.791938417009,1357.7997867090162,1358.783024000004,1358.783024000004,1358.7914120420464,1359.084994792007,space,0.29852041602134705,None,1359.0869140000432,1359.1901280006898,1359.4992380000185,1359.4785650840495,1359.480231417052,1359.4992380000185,1359.4992380000185,1359.4992380000185,1361.1018306250335,600,1,[1.6021568329888396],[1.60216287500225],p001,001,2025-11-12_10h35.26.886,intentional binding,,2025.1.1,None,2025-11-12 10h35.36.129666 +0530,
0.4,1000.0,exp,315,3,26,space,0.3790402080048807,None,400,1,[1.2311016249586828],[1.2311066669644788],26,3,315,7,1361.105905000004,,1361.1020360000548,1361.105905000004,1362.1004754170426,1362.1004754170426,1362.1004754170426,1362.5030860840343,space,0.3790402080048807,None,1362.5051952500362,1362.9071947087107,1363.2270600839984,1363.2056003340404,1363.2082642920432,1363.2270600839984,1363.2270600839984,1363.2270600839984,1364.4585825420218,400,1,[1.2311016249586828],[1.2311066669644788],p001,001,2025-11-12_10h35.26.886,intentional binding,,2025.1.1,None,2025-11-12 10h35.36.129666 +0530,
0.4,400.0,unexp,316,4,26,space,0.3205430409871042,None,800,1,[2.015333792020101],[2.015338916971814],26,4,316,1,1364.4668813750031,,1364.4587990420405,1364.4668813750031,1365.4498394590337,1365.4498394590337,1365.4572018340114,1365.7755933340522,space,0.3205430409871042,None,1365.7776005000342,1366.1838550007126,1366.4927681250265,1366.471800584055,1366.4741298340377,1366.4927681250265,1366.4927681250265,1366.4927681250265,1368.508508042025,800,1,[2.015333792020101],[2.015338916971814],p001,001,2025-11-12_10h35.26.886,intentional binding,,2025.1.1,None,2025-11-12 10h35.36.129666 +0530,
0.7,400.0,unexp,317,5,26,space,0.2850670409970917,None,500,1,[1.208368707972113],[1.2083734580082819],26,5,317,2,1368.5167750420514,,1368.508687750029,1368.5167750420514,1369.5072966670268,1369.5072966670268,1369.5072966670268,1369.802294000052,space,0.2850670409970917,None,1369.8036501250463,1370.5072843337005,1370.816251167038,1370.795238959021,1370.7974784590187,1370.816251167038,1370.816251167038,1370.816251167038,1372.0250257090083,500,1,[1.208368707972113],[1.2083734580082819],p001,001,2025-11-12_10h35.26.886,intentional binding,,2025.1.1,None,2025-11-12 10h35.36.129666 +0530,
0.4,1000.0,exp,318,6,26,space,0.37570220802444965,None,900,1,[1.2086821249686182],[1.2086867499747314],26,6,318,10,1372.0329705839977,,1372.0252315840335,1372.0329705839977,1373.0235091250506,1373.0235091250506,1373.0235091250506,1373.4029270420433,space,0.37570220802444965,None,1373.4044707500143,1373.8073335837146,1374.116282709001,1374.094959375041,1374.0972602920374,1374.116282709001,1374.116282709001,1374.116282709001,1375.3253876670497,900,1,[1.2086821249686182],[1.2086867499747314],p001,001,2025-11-12_10h35.26.886,intentional binding,,2025.1.1,None,2025-11-12 10h35.36.129666 +0530,
0.7,1000.0,exp,319,7,26,space,0.21353016601642594,None,800,1,[1.129948667017743],[1.129952959017828],26,7,319,5,1375.3497142500128,,1375.325575709052,1375.3497142500128,1376.3246530840406,1376.3246530840406,1376.340301875025,1376.5433819169994,space,0.21353016601642594,None,1376.544657917053,1377.250410625715,1377.561751042027,1377.539551209018,1377.5420442090253,1377.561751042027,1377.561751042027,1377.561751042027,1378.69207012502,800,1,[1.129948667017743],[1.129952959017828],p001,001,2025-11-12_10h35.26.886,intentional binding,,2025.1.1,None,2025-11-12 10h35.36.129666 +0530,
0.1,1000.0,exp,320,8,26,space,0.2355036250082776,None,300,1,[1.2498324579792097],[1.2498375420109369],26,8,320,6,1378.716406334017,,1378.6922605000436,1378.716406334017,1379.6905000840197,1379.6905000840197,1379.7075874590082,1379.9350045840256,space,0.2355036250082776,None,1379.9363413750543,1380.0341371666912,1380.3428253340535,1380.3218423340004,1380.3240224590409,1380.3428253340535,1380.3428253340535,1380.3428253340535,1381.593049750023,300,1,[1.2498324579792097],[1.2498375420109369],p001,001,2025-11-12_10h35.26.886,intentional binding,,2025.1.1,None,2025-11-12 10h35.36.129666 +0530,
0.7,1000.0,exp,321,9,26,space,0.2434334160061553,None,800,1,[1.5405450420221314],[1.5405505840317346],26,9,321,11,1381.6019874589983,,1381.5932503750082,1381.6019874589983,1382.5906032090425,1382.5906032090425,1382.6008312500198,1382.836217959004,space,0.2434334160061553,None,1382.8375573340454,1383.540631125685,1383.8467877920484,1383.8277591250371,1383.829360667034,1383.8467877920484,1383.8467877920484,1383.8467877920484,1385.3877572920173,800,1,[1.5405450420221314],[1.5405505840317346],p001,001,2025-11-12_10h35.26.886,intentional binding,,2025.1.1,None,2025-11-12 10h35.36.129666 +0530,
0.4,1000.0,exp,322,10,26,space,0.33934012398822233,None,300,1,[1.5321132499957457],[1.5321170829702169],26,10,322,4,1385.4005836670403,,1385.3879555000458,1385.4005836670403,1386.3835921250284,1386.3835921250284,1386.3915705420077,1386.7255323750433,space,0.33934012398822233,None,1386.7269309590338,1387.1346736666785,1387.442377459025,1387.4218812090112,1387.4241111670271,1387.442377459025,1387.442377459025,1387.442377459025,1388.9748857920058,300,1,[1.5321132499957457],[1.5321170829702169],p001,001,2025-11-12_10h35.26.886,intentional binding,,2025.1.1,None,2025-11-12 10h35.36.129666 +0530,
0.1,1000.0,exp,323,11,26,space,0.03409866598667577,None,200,1,[1.2592554580187425],[1.2592597500188276],26,11,323,9,1388.9829072920256,,1388.9751102500013,1388.9829072920256,1389.9745657090098,1389.9745657090098,1389.9745657090098,1390.018699334003,space,0.03409866598667577,None,1390.0204337920295,1390.118133583692,1390.4324664170272,1390.4115575420437,1390.4134162500268,1390.4324664170272,1390.4324664170272,1390.4324664170272,1391.6921223340323,200,1,[1.2592554580187425],[1.2592597500188276],p001,001,2025-11-12_10h35.26.886,intentional binding,,2025.1.1,None,2025-11-12 10h35.36.129666 +0530,
0.1,1000.0,exp,324,0,27,space,0.48746766604017466,None,100,1,[1.11619587498717],[1.1161999169853516],27,0,324,6,1391.7164697500411,,1391.6923045420554,1391.7164697500411,1392.6902836670051,1392.6902836670051,1392.7066661670106,1393.2025195840397,space,0.48746766604017466,None,1393.20394866704,1393.308847333716,1393.6258877920336,1393.6053545000032,1393.6076075420133,1393.6258877920336,1393.6258877920336,1393.6258877920336,1394.7424661250552,100,1,[1.11619587498717],[1.1161999169853516],p001,001,2025-11-12_10h35.26.886,intentional binding,,2025.1.1,None,2025-11-12 10h35.36.129666 +0530,
0.4,400.0,unexp,325,1,27,space,0.2987515409477055,None,600,1,[1.017045375017915],[1.0170495419879444],27,1,325,1,1394.7666729590273,,1394.7426678340416,1394.7666729590273,1395.7409379590536,1395.7409379590536,1395.7574820420123,1396.042286959011,space,0.2987515409477055,None,1396.0439699590206,1396.4514652916735,1396.758056709019,1396.738525209017,1396.7407234170241,1396.758056709019,1396.758056709019,1396.758056709019,1397.7755087920232,600,1,[1.017045375017915],[1.0170495419879444],p001,001,2025-11-12_10h35.26.886,intentional binding,,2025.1.1,None,2025-11-12 10h35.36.129666 +0530,
0.1,400.0,unexp,326,2,27,space,0.2556546250125393,None,600,1,[0.9050033329986036],[0.9050072499667294],27,2,326,0,1397.7829692500527,,1397.775696250028,1397.7829692500527,1398.7849746670108,1398.7849746670108,1398.7849746670108,1399.0422252090066,space,0.2556546250125393,None,1399.04426337505,1399.1510207916765,1399.470124167041,1399.4515271670534,1399.4525010420475,1399.470124167041,1399.470124167041,1399.470124167041,1400.3755100840353,600,1,[0.9050033329986036],[0.9050072499667294],p001,001,2025-11-12_10h35.26.886,intentional binding,,2025.1.1,None,2025-11-12 10h35.36.129666 +0530,
0.1,1000.0,exp,327,3,27,space,0.2150565410265699,None,300,1,[1.8422295420314185],[1.8422334589995444],27,3,327,9,1400.3831057090429,,1400.3756871670485,1400.3831057090429,1401.3675352500286,1401.3675352500286,1401.3754110840382,1401.5850530840107,space,0.2150565410265699,None,1401.5863578340504,1401.6892258757182,1401.9999328340054,1401.978498459037,1401.9822681670194,1401.9999328340054,1401.9999328340054,1401.9999328340054,1403.842535333999,300,1,[1.8422295420314185],[1.8422334589995444],p001,001,2025-11-12_10h35.26.886,intentional binding,,2025.1.1,None,2025-11-12 10h35.36.129666 +0530,
0.4,1000.0,exp,328,4,27,space,0.2836106250179,None,500,1,[3.7195987079758197],[3.7196037499816157],27,4,328,7,1403.8667297090287,,1403.8427610000363,1403.8667297090287,1404.8410146670067,1404.8410146670067,1404.8571716670413,1405.1367567920242,space,0.2836106250179,None,1405.1385537090246,1405.5411648756747,1405.8554822090082,1405.8385011250502,1405.8398829590296,1405.8554822090082,1405.8554822090082,1405.8554822090082,1409.5755095840432,500,1,[3.7195987079758197],[3.7196037499816157],p001,001,2025-11-12_10h35.26.886,intentional binding,,2025.1.1,None,2025-11-12 10h35.36.129666 +0530,
0.7,1000.0,exp,329,5,27,space,0.42468558298423886,None,300,1,[0.7909407500410452],[0.7909462500247173],27,5,329,5,1409.5837332500378,,1409.5756932920194,1409.5837332500378,1410.5736729170312,1410.5736729170312,1410.5736729170312,1411.002774292021,space,0.42468558298423886,None,1411.0042690420523,1411.7077548336858,1412.0174774170155,1411.9951338750543,1411.9972727920394,1412.0174774170155,1412.0174774170155,1412.0174774170155,1412.8088252090383,300,1,[0.7909407500410452],[0.7909462500247173],p001,001,2025-11-12_10h35.26.886,intentional binding,,2025.1.1,None,2025-11-12 10h35.36.129666 +0530,
0.7,1000.0,exp,330,6,27,space,0.24040070798946545,None,800,1,[2.209584416996222],[2.2095886250026524],27,6,330,8,1412.8166812499985,,1412.8090532920323,1412.8166812499985,1413.807825667027,1413.807825667027,1413.807825667027,1414.0701046250178,space,0.24040070798946545,None,1414.0721901250072,1414.7735047506906,1415.0824280420202,1415.0632247090107,1415.0648546250304,1415.0824280420202,1415.0824280420202,1415.0824280420202,1417.2923714590142,800,1,[2.209584416996222],[2.2095886250026524],p001,001,2025-11-12_10h35.26.886,intentional binding,,2025.1.1,None,2025-11-12 10h35.36.129666 +0530,
0.7,1000.0,exp,331,7,27,space,0.42257337499177083,None,700,1,[1.0508362909895368],[1.0508402910199948],27,7,331,11,1417.3165716250078,,1417.2925512500224,1417.3165716250078,1418.3016497089993,1418.3016497089993,1418.3186761670513,1418.7263612090028,space,0.42257337499177083,None,1418.7278599170386,1419.4336234167024,1419.7419874590123,1419.7217525840388,1419.7239305000403,1419.7419874590123,1419.7419874590123,1419.7419874590123,1420.7932167090476,700,1,[1.0508362909895368],[1.0508402910199948],p001,001,2025-11-12_10h35.26.886,intentional binding,,2025.1.1,None,2025-11-12 10h35.36.129666 +0530,
0.1,1000.0,exp,332,8,27,space,2.0273170829750597,None,400,1,[1.5429726670263335],[1.5429766250308603],27,8,332,3,1420.8175340419984,,1420.7936381670297,1420.8175340419984,1421.791713667044,1421.791713667044,1421.8084352500155,1423.8255889170105,space,2.0273170829750597,None,1423.826941834006,1423.9347740836713,1424.2488696250366,1424.2279985000496,1424.2299836670281,1424.2488696250366,1424.2488696250366,1424.2488696250366,1425.792227167054,400,1,[1.5429726670263335],[1.5429766250308603],p001,001,2025-11-12_10h35.26.886,intentional binding,,2025.1.1,None,2025-11-12 10h35.36.129666 +0530,
0.4,1000.0,exp,333,9,27,space,0.3238586249644868,None,800,1,[0.9003574590315111],[0.900361709005665],27,9,333,4,1425.8006053750287,,1425.7924290840165,1425.8006053750287,1426.7910330420127,1426.7910330420127,1426.7910330420127,1427.119876792014,space,0.3238586249644868,None,1427.1213616669993,1427.5250890007048,1427.8410301250406,1427.8224155000062,1427.8242247090093,1427.8410301250406,1427.8410301250406,1427.8410301250406,1428.7417469590437,800,1,[0.9003574590315111],[0.900361709005665],p001,001,2025-11-12_10h35.26.886,intentional binding,,2025.1.1,None,2025-11-12 10h35.36.129666 +0530,
0.4,1000.0,exp,334,10,27,space,0.40215254097711295,None,300,1,[0.7808097500237636],[0.7808135420200415],27,10,334,10,1428.7496765000396,,1428.7419535420486,1428.7496765000396,1429.7337696670438,1429.7337696670438,1429.74119375,1430.1422615000047,space,0.40215254097711295,None,1430.143634875014,1430.5504598756709,1430.8613455840386,1430.8392519170302,1430.8408017920447,1430.8613455840386,1430.8613455840386,1430.8613455840386,1431.6425250419998,300,1,[0.7808097500237636],[0.7808135420200415],p001,001,2025-11-12_10h35.26.886,intentional binding,,2025.1.1,None,2025-11-12 10h35.36.129666 +0530,
0.7,400.0,unexp,335,11,27,space,0.3879102490027435,None,800,1,[1.4292869999771938],[1.4292910840013064],27,11,335,2,1431.666819792008,,1431.6427030420164,1431.666819792008,1432.6414497920196,1432.6414497920196,1432.6588505840045,1433.0352193340077,space,0.3879102490027435,None,1433.0368905420182,1433.7405827086807,1434.0486380420043,1434.0286569590098,1434.0306176250451,1434.0486380420043,1434.0486380420043,1434.0486380420043,1435.4782959590084,800,1,[1.4292869999771938],[1.4292910840013064],p001,001,2025-11-12_10h35.26.886,intentional binding,,2025.1.1,None,2025-11-12 10h35.36.129666 +0530,
0.1,400.0,unexp,336,0,28,space,0.3027252070023678,None,300,1,[1.1403522079926915],[1.1403571250266396],28,0,336,0,1435.4861164170434,,1435.478503334045,1435.4861164170434,1436.4750317920116,1436.4750317920116,1436.4840954590472,1436.788401124999,space,0.3027252070023678,None,1436.7907590420218,1436.901969208677,1437.2112480840296,1437.1890561670298,1437.1916760420427,1437.2112480840296,1437.2112480840296,1437.2112480840296,1438.3519847090356,300,1,[1.1403522079926915],[1.1403571250266396],p001,001,2025-11-12_10h35.26.886,intentional binding,,2025.1.1,None,2025-11-12 10h35.36.129666 +0530,
0.1,1000.0,exp,337,1,28,space,0.2640780830406584,None,700,1,[1.616132709023077],[1.61613712500548],28,1,337,6,1438.3561925420072,,1438.3521813340485,1438.3561925420072,1439.3505789590417,1439.3505789590417,1439.3505789590417,1439.6188221670454,space,0.2640780830406584,None,1439.6201739170356,1439.7180092916863,1440.0259452500031,1440.0049916670541,1440.007231125026,1440.0259452500031,1440.0259452500031,1440.0259452500031,1441.642469292041,700,1,[1.616132709023077],[1.61613712500548],p001,001,2025-11-12_10h35.26.886,intentional binding,,2025.1.1,None,2025-11-12 10h35.36.129666 +0530,
0.4,1000.0,exp,338,2,28,space,0.3417450410197489,None,400,1,[2.1076037909951992],[2.107608833000995],28,2,338,10,1441.6667282090057,,1441.6426541250548,1441.6667282090057,1442.6408130840282,1442.6408130840282,1442.6584015840199,1442.9855605839984,space,0.3417450410197489,None,1442.9872081670328,1443.391467041689,1443.7006350420415,1443.686237292015,1443.6877477920498,1443.7006350420415,1443.7006350420415,1443.7006350420415,1445.808649292041,400,1,[2.1076037909951992],[2.107608833000995],p001,001,2025-11-12_10h35.26.886,intentional binding,,2025.1.1,None,2025-11-12 10h35.36.129666 +0530,
0.1,1000.0,exp,339,3,28,space,0.6804166240035556,None,200,1,[1.2007035000133328],[1.200708000047598],28,3,339,9,1445.816457167035,,1445.8088320420356,1445.816457167035,1446.807009500044,1446.807009500044,1446.807009500044,1447.4919640000444,space,0.6804166240035556,None,1447.493289709033,1447.6007812506907,1447.9077857500524,1447.8880550000467,1447.8902849590522,1447.9077857500524,1447.9077857500524,1447.9077857500524,1449.1088911250117,200,1,[1.2007035000133328],[1.200708000047598],p001,001,2025-11-12_10h35.26.886,intentional binding,,2025.1.1,None,2025-11-12 10h35.36.129666 +0530,
0.4,400.0,unexp,340,4,28,space,0.2848995829699561,None,800,1,[0.9602330839843489],[0.9602372919907793],28,4,340,1,1449.1171687919996,,1449.1090680840425,1449.1171687919996,1450.1086248340434,1450.1086248340434,1450.1086248340434,1450.4201493340079,space,0.2848995829699561,None,1450.42159404204,1450.824215416684,1451.1326472920482,1451.1122034590226,1451.1141387500102,1451.1326472920482,1451.1326472920482,1451.1326472920482,1452.0932698340039,800,1,[0.9602330839843489],[0.9602372919907793],p001,001,2025-11-12_10h35.26.886,intentional binding,,2025.1.1,None,2025-11-12 10h35.36.129666 +0530,
0.4,1000.0,exp,341,5,28,space,0.5213029159931466,None,400,1,[0.824581999971997],[0.8245860409806482],28,5,341,4,1452.0999332500505,,1452.0934486250044,1452.0999332500505,1453.0920660420088,1453.0920660420088,1453.0920660420088,1453.6187604590086,space,0.5213029159931466,None,1453.6201255840133,1454.0237493757197,1454.3339635840384,1454.313462125021,1454.321277375042,1454.3339635840384,1454.3339635840384,1454.3339635840384,1455.158905709046,400,1,[0.824581999971997],[0.8245860409806482],p001,001,2025-11-12_10h35.26.886,intentional binding,,2025.1.1,None,2025-11-12 10h35.36.129666 +0530,
0.7,1000.0,exp,342,6,28,space,0.2719369580154307,None,500,1,[2.166482125001494],[2.166487542039249],28,6,342,11,1455.167258667003,,1455.1590815000236,1455.167258667003,1456.157258500054,1456.157258500054,1456.157258500054,1456.4349559590337,space,0.2719369580154307,None,1456.436237334041,1457.1412134586756,1457.4593352920492,1457.4391421250184,1457.4409847500501,1457.4593352920492,1457.4593352920492,1457.4593352920492,1459.6262691250304,500,1,[2.166482125001494],[2.166487542039249],p001,001,2025-11-12_10h35.26.886,intentional binding,,2025.1.1,None,2025-11-12 10h35.36.129666 +0530,
0.7,400.0,unexp,343,7,28,space,0.5883808319922537,None,500,1,[3.3426437500165775],[3.342648917052429],28,7,343,2,1459.6504325420246,,1459.626473084034,1459.6504325420246,1460.6248259590357,1460.6248259590357,1460.6417765840306,1461.2191307090106,space,0.5883808319922537,None,1461.220904292015,1461.9236915006807,1462.2324846250121,1462.2125441670069,1462.2141696670442,1462.2324846250121,1462.2324846250121,1462.2324846250121,1465.57552183402,500,1,[3.3426437500165775],[3.342648917052429],p001,001,2025-11-12_10h35.26.886,intentional binding,,2025.1.1,None,2025-11-12 10h35.36.129666 +0530,
0.4,1000.0,exp,344,8,28,space,0.9704931660089642,None,200,1,[3.4092751660500653],[3.4092800830258057],28,8,344,7,1465.5829210420488,,1465.5757053340203,1465.5829210420488,1466.5745055000298,1466.5745055000298,1466.5745055000298,1467.5525400839979,space,0.9704931660089642,None,1467.554057209054,1467.958353083701,1468.2659705840051,1468.251271334011,1468.2523463340476,1468.2659705840051,1468.2659705840051,1468.2659705840051,1471.6756432090187,200,1,[3.4092751660500653],[3.4092800830258057],p001,001,2025-11-12_10h35.26.886,intentional binding,,2025.1.1,None,2025-11-12 10h35.36.129666 +0530,
0.1,1000.0,exp,345,9,28,space,0.32519995799520984,None,700,1,[1.4763160420116037],[1.4763200420420617],28,9,345,3,1471.6838622500072,,1471.675834542024,1471.6838622500072,1472.6746415000525,1472.6746415000525,1472.6746415000525,1473.003142459027,space,0.32519995799520984,None,1473.0046102500055,1473.107897833692,1473.415637625032,1473.3951115840464,1473.3967297500349,1473.415637625032,1473.415637625032,1473.415637625032,1474.892364334024,700,1,[1.4763160420116037],[1.4763200420420617],p001,001,2025-11-12_10h35.26.886,intentional binding,,2025.1.1,None,2025-11-12 10h35.36.129666 +0530,
0.7,1000.0,exp,346,10,28,space,0.30845145700732246,None,400,1,[0.9776619579643011],[0.9776659169583581],28,10,346,5,1474.9168677090202,,1474.8925523750368,1474.9168677090202,1475.8913915420417,1475.8913915420417,1475.9073706250056,1476.2017839590553,space,0.30845145700732246,None,1476.2030720000039,1476.9073910416957,1477.2141589170205,1477.1944944999996,1477.1959810420522,1477.2141589170205,1477.2141589170205,1477.2141589170205,1478.1922046670225,400,1,[0.9776619579643011],[0.9776659169583581],p001,001,2025-11-12_10h35.26.886,intentional binding,,2025.1.1,None,2025-11-12 10h35.36.129666 +0530,
0.7,1000.0,exp,347,11,28,space,0.6648465830367059,None,700,1,[3.177086165989749],[3.177090707991738],28,11,347,8,1478.1997359590023,,1478.192408834002,1478.1997359590023,1479.2014793750132,1479.2014793750132,1479.2014793750132,1479.868781709054,space,0.6648465830367059,None,1479.8701614169986,1480.5680173757175,1480.880779042025,1480.8617038340308,1480.863272000046,1480.880779042025,1480.880779042025,1480.880779042025,1484.058234709024,700,1,[3.177086165989749],[3.177090707991738],p001,001,2025-11-12_10h35.26.886,intentional binding,,2025.1.1,None,2025-11-12 10h35.36.129666 +0530,
0.4,400.0,unexp,348,0,29,space,0.36343154101632535,None,500,1,[1.266652124992106],[1.266656249994412],29,0,348,1,1484.0664908750332,,1484.0584420000087,1484.0664908750332,1485.0582120839972,1485.0582120839972,1485.0582120839972,1485.4267719170311,space,0.36343154101632535,None,1485.4288830000442,1485.8347930836646,1486.1417944590212,1486.12178175,1486.1239673750242,1486.1417944590212,1486.1417944590212,1486.1417944590212,1487.40886241704,500,1,[1.266652124992106],[1.266656249994412],p001,001,2025-11-12_10h35.26.886,intentional binding,,2025.1.1,None,2025-11-12 10h35.36.129666 +0530,
0.7,1000.0,exp,349,1,29,space,0.32206074899295345,None,200,1,[0.9427064170013182],[0.9427119590109214],29,1,349,8,1487.4162165000453,,1487.409051500028,1487.4162165000453,1488.4074593340047,1488.4074593340047,1488.4074593340047,1488.754764042038,space,0.32206074899295345,None,1488.757342167024,1489.4578717086736,1489.7659783750423,1489.7448698750231,1489.7471297919983,1489.7659783750423,1489.7659783750423,1489.7659783750423,1490.7090703750146,200,1,[0.9427064170013182],[0.9427119590109214],p001,001,2025-11-12_10h35.26.886,intentional binding,,2025.1.1,None,2025-11-12 10h35.36.129666 +0530,
0.1,1000.0,exp,350,2,29,space,0.3629411240108311,None,600,1,[1.3835009589674883],[1.3835050420020707],29,2,350,6,1490.733388667053,,1490.7093413750408,1490.733388667053,1491.7076014589984,1491.7076014589984,1491.7248164170305,1492.0763062500046,space,0.3629411240108311,None,1492.077705167001,1492.1837803756973,1492.4918304170133,1492.4715043340111,1492.4736946670455,1492.4918304170133,1492.4918304170133,1492.4918304170133,1493.8757173340418,600,1,[1.3835009589674883],[1.3835050420020707],p001,001,2025-11-12_10h35.26.886,intentional binding,,2025.1.1,None,2025-11-12 10h35.36.129666 +0530,
0.1,1000.0,exp,351,3,29,space,0.27400062402011827,None,200,1,[1.4646555000217631],[1.464659749995917],29,3,351,9,1493.8833293340285,,1493.8759077090072,1493.8833293340285,1494.8748611670453,1494.8748611670453,1494.8748611670453,1495.1696831250447,space,0.27400062402011827,None,1495.1713433340192,1495.2745056257156,1495.5934535420383,1495.5730857500457,1495.5752873340389,1495.5934535420383,1495.5934535420383,1495.5934535420383,1497.0584984590532,200,1,[1.4646555000217631],[1.464659749995917],p001,001,2025-11-12_10h35.26.886,intentional binding,,2025.1.1,None,2025-11-12 10h35.36.129666 +0530,
0.7,400.0,unexp,352,4,29,space,0.2132275000330992,None,800,1,[1.1852540000109002],[1.185259459016379],29,4,352,2,1497.0664221250336,,1497.0586942500086,1497.0664221250336,1498.0502147090156,1498.0502147090156,1498.0577376670553,1498.2690707090078,space,0.2132275000330992,None,1498.270827459055,1498.9687405006882,1499.2834831250366,1499.2624775840086,1499.2645021670032,1499.2834831250366,1499.2834831250366,1499.2834831250366,1500.4691260000109,800,1,[1.1852540000109002],[1.185259459016379],p001,001,2025-11-12_10h35.26.886,intentional binding,,2025.1.1,None,2025-11-12 10h35.36.129666 +0530,
0.1,1000.0,exp,353,5,29,space,0.46736620704177767,None,200,1,[1.465303875040263],[1.465308000042569],29,5,353,3,1500.4847323340364,,1500.4693182500196,1500.4847323340364,1501.4668005840504,1501.4668005840504,1501.4843295000028,1501.9424439170398,space,0.46736620704177767,None,1501.943785750016,1502.0519980837164,1502.3598527090508,1502.338774959033,1502.3409851250472,1502.3598527090508,1502.3598527090508,1502.3598527090508,1503.8255390000413,200,1,[1.465303875040263],[1.465308000042569],p001,001,2025-11-12_10h35.26.886,intentional binding,,2025.1.1,None,2025-11-12 10h35.36.129666 +0530,
0.4,1000.0,exp,354,6,29,space,0.17128441599197686,None,300,1,[2.074219540983904],[2.0742238750099204],29,6,354,10,1503.833894667041,,1503.8257464170456,1503.833894667041,1504.8349888750236,1504.8349888750236,1504.8518672500504,1505.0086168340058,space,0.17128441599197686,None,1505.0103246250073,1505.4082292506976,1505.7177132090437,1505.6956048750435,1505.6975451250328,1505.7177132090437,1505.7177132090437,1505.7177132090437,1507.7923464589985,300,1,[2.074219540983904],[2.0742238750099204],p001,001,2025-11-12_10h35.26.886,intentional binding,,2025.1.1,None,2025-11-12 10h35.36.129666 +0530,
0.4,1000.0,exp,355,7,29,space,0.4513611240545288,None,400,1,[3.5168054589885287],[3.516811167006381],29,7,355,7,1507.799833209021,,1507.7925251250272,1507.799833209021,1508.790702709055,1508.790702709055,1508.790702709055,1509.2514188750065,space,0.4513611240545288,None,1509.2526371250278,1509.6505913336916,1509.9584879170288,1509.9393828750472,1509.941210375051,1509.9584879170288,1509.9584879170288,1509.9584879170288,1513.4757034170325,400,1,[3.5168054589885287],[3.516811167006381],p001,001,2025-11-12_10h35.26.886,intentional binding,,2025.1.1,None,2025-11-12 10h35.36.129666 +0530,
0.7,1000.0,exp,356,8,29,space,0.30697341600898653,None,500,1,[1.0278534580138512],[1.0278583749895915],29,8,356,11,1513.4835500000045,,1513.4758941250038,1513.4835500000045,1514.474985250039,1514.474985250039,1514.474985250039,1514.7855276670307,space,0.30697341600898653,None,1514.787257042015,1515.4905974586766,1515.7973172920174,1515.778473375016,1515.7802067919984,1515.7973172920174,1515.7973172920174,1515.7973172920174,1516.8255760840257,500,1,[1.0278534580138512],[1.0278583749895915],p001,001,2025-11-12_10h35.26.886,intentional binding,,2025.1.1,None,2025-11-12 10h35.36.129666 +0530,
0.4,1000.0,exp,357,9,29,space,0.3918384580174461,None,200,1,[4.359631500032265],[4.359636292036157],29,9,357,4,1516.8333171250415,,1516.8257601670339,1516.8333171250415,1517.8169872920262,1517.8169872920262,1517.8238154170103,1518.2368034170358,space,0.3918384580174461,None,1518.2382146670134,1518.6413548757012,1518.948858250049,1518.9284637090168,1518.9301177500165,1518.948858250049,1518.948858250049,1518.948858250049,1523.3089045840316,200,1,[4.359631500032265],[4.359636292036157],p001,001,2025-11-12_10h35.26.886,intentional binding,,2025.1.1,None,2025-11-12 10h35.36.129666 +0530,
0.1,400.0,unexp,358,10,29,space,0.33837074995972216,None,500,1,[1.1993676249985583],[1.1993717500008643],29,10,358,0,1523.3163470420404,,1523.30908270902,1523.3163470420404,1524.3003404590418,1524.3003404590418,1524.3078460000106,1524.6428996670293,space,0.33837074995972216,None,1524.6443582500215,1524.750514916672,1525.0591412500362,1525.0395138750318,1525.0416999169975,1525.0591412500362,1525.0591412500362,1525.0591412500362,1526.2588870000327,500,1,[1.1993676249985583],[1.1993717500008643],p001,001,2025-11-12_10h35.26.886,intentional binding,,2025.1.1,None,2025-11-12 10h35.36.129666 +0530,
0.7,1000.0,exp,359,11,29,space,0.5352649569977075,None,800,1,[1.1997588340309449],[1.1997629170073196],29,11,359,5,1526.266826709034,,1526.2590891670552,1526.266826709034,1527.250361000013,1527.250361000013,1527.2574545000098,1527.7933841250488,space,0.5352649569977075,None,1527.7946794590098,1528.5009794586842,1528.8087687920197,1528.7882367920247,1528.7900155000389,1528.8087687920197,1528.8087687920197,1528.8087687920197,1530.0089375840034,800,1,[1.1997588340309449],[1.1997629170073196],p001,001,2025-11-12_10h35.26.886,intentional binding,,2025.1.1,None,2025-11-12 10h35.36.129666 +0530,
0.4,1000.0,exp,360,0,30,space,0.5463442069594748,None,700,1,[1.2246235830243677],[1.2246278329985216],30,0,360,4,1530.0168310420122,,1530.0091123340535,1530.0168310420122,1531.018253709015,1531.018253709015,1531.0353784170002,1531.5689174170257,space,0.5463442069594748,None,1531.5704426250304,1531.9744997507116,1532.2838855420123,1532.2620717920363,1532.2645415420411,1532.2838855420123,1532.2838855420123,1532.2838855420123,1533.5088922920404,700,1,[1.2246235830243677],[1.2246278329985216],p001,001,2025-11-12_10h35.26.886,intentional binding,,2025.1.1,None,2025-11-12 10h35.36.129666 +0530,
0.7,400.0,unexp,361,1,30,space,0.07766641600755975,None,400,1,[1.265578499995172],[1.2655825419933535],30,1,361,2,1533.516261959041,,1533.5090872090077,1533.516261959041,1534.5088238750468,1534.5088238750468,1534.5088238750468,1534.5935311670182,space,0.07766641600755975,None,1534.5948269590153,1535.3010078757109,1535.6094430000521,1535.589215917047,1535.5913792090141,1535.6094430000521,1535.6094430000521,1535.6094430000521,1536.875380375015,400,1,[1.265578499995172],[1.2655825419933535],p001,001,2025-11-12_10h35.26.886,intentional binding,,2025.1.1,None,2025-11-12 10h35.36.129666 +0530,
0.1,1000.0,exp,362,2,30,space,0.2904862079885788,None,800,1,[1.2270540419849567],[1.2270586249651387],30,2,362,9,1536.8831987919984,,1536.8755686250515,1536.8831987919984,1537.867909334018,1537.867909334018,1537.875690209039,1538.1693303339998,space,0.2904862079885788,None,1538.1711205420434,1538.274002750699,1538.5816092500463,1538.5619913340197,1538.5635995420162,1538.5816092500463,1538.5816092500463,1538.5816092500463,1539.8090527500026,800,1,[1.2270540419849567],[1.2270586249651387],p001,001,2025-11-12_10h35.26.886,intentional binding,,2025.1.1,None,2025-11-12 10h35.36.129666 +0530,
0.7,1000.0,exp,363,3,30,space,0.35768195701530203,None,200,1,[1.0086828339844942],[1.0086878340225667],30,3,363,8,1539.8167975000106,,1539.809231250023,1539.8167975000106,1540.808700334048,1540.808700334048,1540.808700334048,1541.1696420420194,space,0.35768195701530203,None,1541.1717835000018,1541.8739984586757,1542.1842701670248,1542.1637891670107,1542.171734042,1542.1842701670248,1542.1842701670248,1542.1842701670248,1543.1933663750533,200,1,[1.0086828339844942],[1.0086878340225667],p001,001,2025-11-12_10h35.26.886,intentional binding,,2025.1.1,None,2025-11-12 10h35.36.129666 +0530,
0.4,400.0,unexp,364,4,30,space,0.10286070802249014,None,800,1,[1.20090524997795],[1.2009096249821596],30,4,364,1,1543.2175480840378,,1543.1935788340052,1543.2175480840378,1544.192429250048,1544.192429250048,1544.2353892090032,1544.3022913340246,space,0.10286070802249014,None,1544.3035720000044,1544.7013799166928,1545.008008584031,1544.989258250047,1544.9910832090536,1545.008008584031,1545.008008584031,1545.008008584031,1546.2093165000551,800,1,[1.20090524997795],[1.2009096249821596],p001,001,2025-11-12_10h35.26.886,intentional binding,,2025.1.1,None,2025-11-12 10h35.36.129666 +0530,
0.4,1000.0,exp,365,5,30,space,0.21302195801399648,None,200,1,[1.4522448340430856],[1.4522489170194604],30,5,365,10,1546.2174235420534,,1546.2094971670303,1546.2174235420534,1547.208180375048,1547.208180375048,1547.208180375048,1547.4260628340417,space,0.21302195801399648,None,1547.4277500000317,1547.835248083695,1548.156529042055,1548.135906584037,1548.1376787920017,1548.156529042055,1548.156529042055,1548.156529042055,1549.6091318750405,200,1,[1.4522448340430856],[1.4522489170194604],p001,001,2025-11-12_10h35.26.886,intentional binding,,2025.1.1,None,2025-11-12 10h35.36.129666 +0530,
0.1,400.0,unexp,366,6,30,space,0.713488706969656,None,600,1,[1.6108729579718783],[1.6108770829741843],30,6,366,0,1549.6169179170392,,1549.609323667013,1549.6169179170392,1550.6075559590245,1550.6075559590245,1550.6075559590245,1551.3374791250098,space,0.713488706969656,None,1551.3390397920157,1551.4518768757155,1551.7646495840163,1551.7455173750059,1551.7472584170173,1551.7646495840163,1551.7646495840163,1551.7646495840163,1553.3758826670237,600,1,[1.6108729579718783],[1.6108770829741843],p001,001,2025-11-12_10h35.26.886,intentional binding,,2025.1.1,None,2025-11-12 10h35.36.129666 +0530,
0.7,1000.0,exp,367,7,30,space,0.4372352909995243,None,700,1,[1.808858832984697],[1.8088633749866858],30,7,367,5,1553.38373375003,,1553.3760644170106,1553.38373375003,1554.3757476670435,1554.3757476670435,1554.3757476670435,1554.820344375039,space,0.4372352909995243,None,1554.8224335000268,1555.5246356666942,1555.8333408750477,1555.8118995420518,1555.814334375027,1555.8333408750477,1555.8333408750477,1555.8333408750477,1557.642627250054,700,1,[1.808858832984697],[1.8088633749866858],p001,001,2025-11-12_10h35.26.886,intentional binding,,2025.1.1,None,2025-11-12 10h35.36.129666 +0530,
0.4,1000.0,exp,368,8,30,space,0.45534299896098673,None,300,1,[1.0850814580335282],[1.0850857500336133],30,8,368,7,1557.6511608750443,,1557.642898250022,1557.6511608750443,1558.641559917014,1558.641559917014,1558.641559917014,1559.1022254590061,space,0.45534299896098673,None,1559.1034886670532,1559.5014522086751,1559.8099211670342,1559.7893782920437,1559.7917792090448,1559.8099211670342,1559.8099211670342,1559.8099211670342,1560.8953991670278,300,1,[1.0850814580335282],[1.0850857500336133],p001,001,2025-11-12_10h35.26.886,intentional binding,,2025.1.1,None,2025-11-12 10h35.36.129666 +0530,
0.7,1000.0,exp,369,9,30,space,0.3473814159515314,None,800,1,[2.4454473750083707],[2.4454516660189256],30,9,369,11,1560.9031897920067,,1560.895606709004,1560.9031897920067,1561.892437625036,1561.892437625036,1561.9187230000389,1562.2434241670417,space,0.3473814159515314,None,1562.2451510000392,1562.951427125667,1563.2635572500294,1563.240753375052,1563.2432418340468,1563.2635572500294,1563.2635572500294,1563.2635572500294,1565.7093899590545,800,1,[2.4454473750083707],[2.4454516660189256],p001,001,2025-11-12_10h35.26.886,intentional binding,,2025.1.1,None,2025-11-12 10h35.36.129666 +0530,
0.1,1000.0,exp,370,10,30,space,1.2001952910213731,None,300,1,[1.7432044160086662],[1.7432105830521323],30,10,370,3,1565.7168002500548,,1565.7095922500012,1565.7168002500548,1566.7075873750146,1566.7075873750146,1566.7075873750146,1567.9207449170062,space,1.2001952910213731,None,1567.922674292,1568.0354502917073,1568.3488030420267,1568.3286786670214,1568.3304235420073,1568.3488030420267,1568.3488030420267,1568.3488030420267,1570.0924398750067,300,1,[1.7432044160086662],[1.7432105830521323],p001,001,2025-11-12_10h35.26.886,intentional binding,,2025.1.1,None,2025-11-12 10h35.36.129666 +0530,
0.1,1000.0,exp,371,11,30,space,0.5371896250289865,None,400,1,[199.68581541697495],[199.68582074996084],30,11,371,6,1570.100340334,,1570.0926252500503,1570.100340334,1571.0843972090515,1571.0843972090515,1571.0907470420352,1571.6275710840127,space,0.5371896250289865,None,1571.6295327499975,1571.7346175836904,1572.0416689170524,1572.021906500042,1572.0237665000022,1572.0416689170524,1572.0416689170524,1572.0416689170524,1771.7278780000051,400,1,[199.68581541697495],[199.68582074996084],p001,001,2025-11-12_10h35.26.886,intentional binding,,2025.1.1,None,2025-11-12 10h35.36.129666 +0530,
0.1,400.0,unexp,372,0,31,space,0.3060160410241224,None,300,1,[1.3919270829646848],[1.39193137496477],31,0,372,0,1771.7513966670376,,1771.7282347090077,1771.7513966670376,1772.7531362090376,1772.7531362090376,1772.7531362090376,1773.0724530840525,space,0.3060160410241224,None,1773.0748533750302,1773.1738035416968,1773.4852191250538,1773.4632913750247,1773.4653583750478,1773.4852191250538,1773.4852191250538,1773.4852191250538,1774.877539875044,300,1,[1.3919270829646848],[1.39193137496477],p001,001,2025-11-12_10h35.26.886,intentional binding,,2025.1.1,None,2025-11-12 10h35.36.129666 +0530,
0.4,1000.0,exp,373,1,31,space,0.24166658299509436,None,800,1,[2.4931740409811027],[2.4931779579492286],31,1,373,10,1774.8845271670143,,1774.8777505000471,1774.8845271670143,1775.87552887504,1775.87552887504,1775.87552887504,1776.1201450000517,space,0.24166658299509436,None,1776.1222527920036,1776.525074333713,1776.833237917046,1776.8126538750366,1776.8143384590512,1776.833237917046,1776.833237917046,1776.833237917046,1779.3267909170245,800,1,[2.4931740409811027],[2.4931779579492286],p001,001,2025-11-12_10h35.26.886,intentional binding,,2025.1.1,None,2025-11-12 10h35.36.129666 +0530,
0.7,1000.0,exp,374,2,31,space,0.21510724897962064,None,400,1,[2.5667939170380123],[2.5667981670121662],31,2,374,11,1779.3346020840108,,1779.3270279590506,1779.3346020840108,1780.3259417090449,1780.3259417090449,1780.3259417090449,1780.5450807090383,space,0.21510724897962064,None,1780.547363709018,1781.2518937506868,1781.5593051670003,1781.5396189170424,1781.5416950000217,1781.5593051670003,1781.5593051670003,1781.5593051670003,1784.126459125022,400,1,[2.5667939170380123],[2.5667981670121662],p001,001,2025-11-12_10h35.26.886,intentional binding,,2025.1.1,None,2025-11-12 10h35.36.129666 +0530,
0.1,1000.0,exp,375,3,31,space,0.3111391239799559,None,300,1,[1.3482488339650445],[1.3482535419752821],31,3,375,9,1784.1342989590485,,1784.1266416250146,1784.1342989590485,1785.1267155840178,1785.1267155840178,1785.1267155840178,1785.4441277090227,space,0.3111391239799559,None,1785.445392750029,1785.5525038336675,1785.8613918750198,1785.840666709002,1785.842836292053,1785.8613918750198,1785.8613918750198,1785.8613918750198,1787.2100425000535,300,1,[1.3482488339650445],[1.3482535419752821],p001,001,2025-11-12_10h35.26.886,intentional binding,,2025.1.1,None,2025-11-12 10h35.36.129666 +0530,
0.4,400.0,unexp,376,4,31,space,0.03060666599776596,None,800,1,[1.0605019580107182],[1.0605060000088997],31,4,376,1,1787.2175280000083,,1787.210239042004,1787.2175280000083,1788.2092206250527,1788.2092206250527,1788.2092206250527,1788.2436474170536,space,0.03060666599776596,None,1788.2450002499972,1788.6533199166918,1788.9657863340108,1788.9463487920002,1788.9482646670076,1788.9657863340108,1788.9657863340108,1788.9657863340108,1790.0266765420092,800,1,[1.0605019580107182],[1.0605060000088997],p001,001,2025-11-12_10h35.26.886,intentional binding,,2025.1.1,None,2025-11-12 10h35.36.129666 +0530,
0.7,1000.0,exp,377,5,31,space,0.7003656660090201,None,800,1,[1.7535605420125648],[1.7535653749946505],31,5,377,8,1790.0350509590353,,1790.0268742500339,1790.0350509590353,1791.0224540420459,1791.0224540420459,1791.0364215840236,1791.727679292031,space,0.7003656660090201,None,1791.7291764170513,1792.4357910006695,1792.7573334170156,1792.7368120840401,1792.7385612920043,1792.7573334170156,1792.7573334170156,1792.7573334170156,1794.511257834034,800,1,[1.7535605420125648],[1.7535653749946505],p001,001,2025-11-12_10h35.26.886,intentional binding,,2025.1.1,None,2025-11-12 10h35.36.129666 +0530,
0.7,1000.0,exp,378,6,31,space,0.06221554096555337,None,700,1,[1.516758999961894],[1.5167630409705453],31,6,378,5,1794.51905154204,,1794.5114566250122,1794.51905154204,1795.5093933340395,1795.5093933340395,1795.5093933340395,1795.576881792047,space,0.06221554096555337,None,1795.5781668749987,1796.2850005836847,1796.5926458750037,1796.5726189170382,1796.574786125042,1796.5926458750037,1796.5926458750037,1796.5926458750037,1798.1097840420553,700,1,[1.516758999961894],[1.5167630409705453],p001,001,2025-11-12_10h35.26.886,intentional binding,,2025.1.1,None,2025-11-12 10h35.36.129666 +0530,
0.4,1000.0,exp,379,7,31,space,0.3780832909978926,None,400,1,[0.9657398330164142],[0.9657436670386232],31,7,379,7,1798.1176869590417,,1798.1099785840488,1798.1176869590417,1799.1095307090436,1799.1095307090436,1799.1095307090436,1799.4936068750103,space,0.3780832909978926,None,1799.4948733750498,1799.9025028336948,1800.210574124998,1800.1898340840125,1800.1919955000049,1800.210574124998,1800.210574124998,1800.210574124998,1801.1766938340152,400,1,[0.9657398330164142],[0.9657436670386232],p001,001,2025-11-12_10h35.26.886,intentional binding,,2025.1.1,None,2025-11-12 10h35.36.129666 +0530,
0.7,400.0,unexp,380,8,31,space,0.09527020796667784,None,800,1,[1.5091766249970533],[1.5091810000012629],31,8,380,2,1801.1844530840172,,1801.1768937090528,1801.1844530840172,1802.203260209004,1802.203260209004,1802.203260209004,1802.3037627090234,space,0.09527020796667784,None,1802.3059683340252,1803.0083663756998,1803.3172764590126,1803.296375584032,1803.298353250022,1803.3172764590126,1803.3172764590126,1803.3172764590126,1804.826866584015,800,1,[1.5091766249970533],[1.5091810000012629],p001,001,2025-11-12_10h35.26.886,intentional binding,,2025.1.1,None,2025-11-12 10h35.36.129666 +0530,
0.1,1000.0,exp,381,9,31,space,0.47033833304885775,None,800,1,[1.152637000021059],[1.152641416003462],31,9,381,6,1804.8343539590132,,1804.8270910000429,1804.8343539590132,1805.8250976670533,1805.8250976670533,1805.8250976670533,1806.3037079170463,space,0.47033833304885775,None,1806.305094167008,1806.408375625677,1806.7164539170335,1806.696638375055,1806.6982614590088,1806.7164539170335,1806.7164539170335,1806.7164539170335,1807.8694885420264,800,1,[1.152637000021059],[1.152641416003462],p001,001,2025-11-12_10h35.26.886,intentional binding,,2025.1.1,None,2025-11-12 10h35.36.129666 +0530,
0.1,1000.0,exp,382,10,31,space,0.27591408195439726,None,400,1,[0.977272666990757],[0.977277124999091],31,10,382,3,1807.8847622920293,,1807.8696753749973,1807.8847622920293,1808.8684319170425,1808.8684319170425,1808.8755947090103,1809.1542290840298,space,0.27591408195439726,None,1809.156341834052,1809.2597995837025,1809.5666080420488,1809.5470260420116,1809.548656250001,1809.5666080420488,1809.5666080420488,1809.5666080420488,1810.5442897090106,400,1,[0.977272666990757],[0.977277124999091],p001,001,2025-11-12_10h35.26.886,intentional binding,,2025.1.1,None,2025-11-12 10h35.36.129666 +0530,
0.4,1000.0,exp,383,11,31,space,0.1289227909874171,None,800,1,[1.1766687080380507],[1.1766739160520956],31,11,383,4,1810.5516004170058,,1810.5444912090315,1810.5516004170058,1811.5424529590528,1811.5424529590528,1811.5424529590528,1811.676803459006,space,0.1289227909874171,None,1811.6781730000512,1812.0853355007168,1812.392829917022,1812.3730299590388,1812.3751737920102,1812.392829917022,1812.392829917022,1812.392829917022,1813.5698773750337,800,1,[1.1766687080380507],[1.1766739160520956],p001,001,2025-11-12_10h35.26.886,intentional binding,,2025.1.1,None,2025-11-12 10h35.36.129666 +0530,
0.7,1000.0,exp,384,0,32,space,0.009548373986035585,None,600,1,[1.1585539579973556],[1.1585590000031516],32,0,384,8,1813.585416084039,,1813.570076834003,1813.585416084039,1814.586647750053,1814.586647750053,1814.586647750053,1814.6041336250491,space,0.009548373986035585,None,1814.6054916250287,1815.3085616666979,1815.6176919999998,1815.597047334013,1815.598633000045,1815.6176919999998,1815.6176919999998,1815.6176919999998,1816.776640459022,600,1,[1.1585539579973556],[1.1585590000031516],p001,001,2025-11-12_10h35.26.886,intentional binding,,2025.1.1,None,2025-11-12 10h35.36.129666 +0530,
0.7,400.0,unexp,385,1,32,space,0.03459079103777185,None,800,1,[1.8088978750165552],[1.808903041004669],32,1,385,2,1816.784460792027,,1816.7768433750025,1816.784460792027,1817.7685760000022,1817.7685760000022,1817.776010875008,1817.8106817920343,space,0.03459079103777185,None,1817.812381750031,1818.5100583757196,1818.8192430420313,1818.7967604170553,1818.7987342090346,1818.8192430420313,1818.8192430420313,1818.8192430420313,1820.628496542049,800,1,[1.8088978750165552],[1.808903041004669],p001,001,2025-11-12_10h35.26.886,intentional binding,,2025.1.1,None,2025-11-12 10h35.36.129666 +0530,
0.1,1000.0,exp,386,2,32,space,0.34424762398703024,None,800,1,[1.2008366670343094],[1.2008410840062425],32,2,386,9,1820.652283292031,,1820.6286742500379,1820.652283292031,1821.6257576670032,1821.6257576670032,1821.642856459017,1821.9774347090279,space,0.34424762398703024,None,1821.978961292014,1822.0850270416743,1822.3926171670319,1822.3730968340533,1822.375237292028,1822.3926171670319,1822.3926171670319,1822.3926171670319,1823.5938431670074,800,1,[1.2008366670343094],[1.2008410840062425],p001,001,2025-11-12_10h35.26.886,intentional binding,,2025.1.1,None,2025-11-12 10h35.36.129666 +0530,
0.1,1000.0,exp,387,3,32,space,0.2532953329500742,None,300,1,[0.8760017500026152],[0.8760063749505207],32,3,387,3,1823.617994209053,,1823.5940227090032,1823.617994209053,1824.5927619590075,1824.5927619590075,1824.6091914590215,1824.853884125012,space,0.2532953329500742,None,1824.8551938750315,1824.959027083711,1825.267429833999,1825.2465162090375,1825.2485598340281,1825.267429833999,1825.267429833999,1825.267429833999,1826.143796917051,300,1,[0.8760017500026152],[0.8760063749505207],p001,001,2025-11-12_10h35.26.886,intentional binding,,2025.1.1,None,2025-11-12 10h35.36.129666 +0530,
0.4,1000.0,exp,388,4,32,space,0.44637954101199284,None,800,1,[1.3256692920112982],[1.3256734579917975],32,4,388,10,1826.151328625041,,1826.1440032920218,1826.151328625041,1827.135562792013,1827.135562792013,1827.1424241250497,1827.5876350840554,space,0.44637954101199284,None,1827.5889753340161,1827.9916671667054,1828.3008030840429,1828.2799424170516,1828.2819047090015,1828.3008030840429,1828.3008030840429,1828.3008030840429,1829.6268704170361,800,1,[1.3256692920112982],[1.3256734579917975],p001,001,2025-11-12_10h35.26.886,intentional binding,,2025.1.1,None,2025-11-12 10h35.36.129666 +0530,
0.1,1000.0,exp,389,5,32,space,0.4822019580169581,None,400,1,[1.254827041993849],[1.254832208971493],32,5,389,6,1829.634203499998,,1829.6270753340214,1829.634203499998,1830.6186489170068,1830.6186489170068,1830.6264432500466,1831.1048804169986,space,0.4822019580169581,None,1831.106587834016,1831.2090910006702,1831.5217153750127,1831.4969925840269,1831.4993253340363,1831.5217153750127,1831.5217153750127,1831.5217153750127,1832.7769582500332,400,1,[1.254827041993849],[1.254832208971493],p001,001,2025-11-12_10h35.26.886,intentional binding,,2025.1.1,None,2025-11-12 10h35.36.129666 +0530,
0.4,1000.0,exp,390,6,32,space,0.09481495700310916,None,800,1,[1.470981499995105],[1.470985500025563],32,6,390,7,1832.7850756249973,,1832.7772312090383,1832.7850756249973,1833.7869132090127,1833.7869132090127,1833.7869132090127,1833.8877598750405,space,0.09481495700310916,None,1833.8892241250142,1834.303295208669,1834.6220639590174,1834.6034508340526,1834.604448459053,1834.6220639590174,1834.6220639590174,1834.6220639590174,1836.0934195000445,800,1,[1.470981499995105],[1.470985500025563],p001,001,2025-11-12_10h35.26.886,intentional binding,,2025.1.1,None,2025-11-12 10h35.36.129666 +0530,
0.1,400.0,unexp,391,7,32,space,0.03979233303107321,None,500,1,[1.4605159579659812],[1.4605200410005637],32,7,391,0,1836.101376000035,,1836.0936201669974,1836.101376000035,1837.0919510840322,1837.0919510840322,1837.0919510840322,1837.137161792023,space,0.03979233303107321,None,1837.1386701250449,1837.2417964167,1837.5493649590062,1837.5296674170531,1837.5316272920463,1837.5493649590062,1837.5493649590062,1837.5493649590062,1839.010274417,500,1,[1.4605159579659812],[1.4605200410005637],p001,001,2025-11-12_10h35.26.886,intentional binding,,2025.1.1,None,2025-11-12 10h35.36.129666 +0530,
0.7,1000.0,exp,392,8,32,space,0.07097800000337884,None,400,1,[2.118192750029266],[2.1181967909797095],32,8,392,5,1839.0181943339994,,1839.0104590840056,1839.0181943339994,1840.0186549170176,1840.0186549170176,1840.0186549170176,1840.0941371250083,space,0.07097800000337884,None,1840.0955364170368,1840.802163000688,1841.1085492090206,1841.0937384590507,1841.095135459036,1841.1085492090206,1841.1085492090206,1841.1085492090206,1843.227128833998,400,1,[2.118192750029266],[2.1181967909797095],p001,001,2025-11-12_10h35.26.886,intentional binding,,2025.1.1,None,2025-11-12 10h35.36.129666 +0530,
0.4,1000.0,exp,393,9,32,space,0.1938489159801975,None,700,1,[1.7187454169616103],[1.7187498749699444],32,9,393,4,1843.2355710420525,,1843.2273490420193,1843.2355710420525,1844.2259922920493,1844.2259922920493,1844.2259922920493,1844.4383124170126,space,0.1938489159801975,None,1844.4404362500063,1844.842560750669,1845.1508167920401,1845.1297432090505,1845.1317009170307,1845.1508167920401,1845.1508167920401,1845.1508167920401,1846.8699389590183,700,1,[1.7187454169616103],[1.7187498749699444],p001,001,2025-11-12_10h35.26.886,intentional binding,,2025.1.1,None,2025-11-12 10h35.36.129666 +0530,
0.7,1000.0,exp,394,10,32,space,0.05086245702113956,None,700,1,[1.874581207986921],[1.8745854999870062],32,10,394,11,1846.8855944590177,,1846.8701302499976,1846.8855944590177,1847.8595443750382,1847.8595443750382,1847.8766625840217,1847.9205725840293,space,0.05086245702113956,None,1847.922337667027,1848.625463500681,1848.9352231670055,1848.914461917011,1848.9167214170448,1848.9352231670055,1848.9352231670055,1848.9352231670055,1850.810224875051,700,1,[1.874581207986921],[1.8745854999870062],p001,001,2025-11-12_10h35.26.886,intentional binding,,2025.1.1,None,2025-11-12 10h35.36.129666 +0530,
0.4,400.0,unexp,395,11,32,space,0.7665506239864044,None,700,1,[1.2752319579594769],[1.2752361659659073],32,11,395,1,1850.8180600840133,,1850.8104191670427,1850.8180600840133,1851.8018403340247,1851.8018403340247,1851.8094741250388,1852.5709759170422,space,0.7665506239864044,None,1852.5729629170382,1852.975433750664,1853.285212375049,1853.2635037500295,1853.2654976250487,1853.285212375049,1853.285212375049,1853.285212375049,1854.5608108750312,700,1,[1.2752319579594769],[1.2752361659659073],p001,001,2025-11-12_10h35.26.886,intentional binding,,2025.1.1,None,2025-11-12 10h35.36.129666 +0530,
0.7,1000.0,exp,396,0,33,space,0.4382547909626737,None,400,1,[1.0024517080164514],[1.0024560000165366],33,0,396,5,1854.584808500018,,1854.5610190000152,1854.584808500018,1855.558014875045,1855.558014875045,1855.575386875018,1856.0037739170366,space,0.4382547909626737,None,1856.0050609590253,1856.7088337506905,1857.0240787920193,1857.0082371670287,1857.0099365420174,1857.0240787920193,1857.0240787920193,1857.0240787920193,1858.0269592500408,400,1,[1.0024517080164514],[1.0024560000165366],p001,001,2025-11-12_10h35.26.886,intentional binding,,2025.1.1,None,2025-11-12 10h35.36.129666 +0530,
0.4,1000.0,exp,397,1,33,space,0.24834316596388817,None,800,1,[0.8838072500075214],[0.8838112499797717],33,1,397,4,1858.0347405000357,,1858.0271490419982,1858.0347405000357,1859.0257935420377,1859.0257935420377,1859.0257935420377,1859.2770737090032,space,0.24834316596388817,None,1859.278604125022,1859.6856012087121,1859.9928530000034,1859.972958792001,1859.9751699590124,1859.9928530000034,1859.9928530000034,1859.9928530000034,1860.8770616670372,800,1,[0.8838072500075214],[0.8838112499797717],p001,001,2025-11-12_10h35.26.886,intentional binding,,2025.1.1,None,2025-11-12 10h35.36.129666 +0530,
0.7,1000.0,exp,398,2,33,space,0.08083341596648097,None,800,1,[0.8834800419863313],[0.8834849169943482],33,2,398,8,1860.8854898750433,,1860.8772448340314,1860.8854898750433,1861.8755952920183,1861.8755952920183,1861.8755952920183,1861.9606587500311,space,0.08083341596648097,None,1861.9623309590388,1862.6688949167185,1862.9764351670165,1862.9564131250372,1862.9585928750457,1862.9764351670165,1862.9764351670165,1862.9764351670165,1863.860278459033,800,1,[0.8834800419863313],[0.8834849169943482],p001,001,2025-11-12_10h35.26.886,intentional binding,,2025.1.1,None,2025-11-12 10h35.36.129666 +0530,
0.4,1000.0,exp,399,3,33,space,0.0354863740503788,None,500,1,[0.9766089580371045],[0.976613917038776],33,3,399,7,1863.8683540840284,,1863.8604759590235,1863.8683540840284,1864.8595250840299,1864.8595250840299,1864.8595250840299,1864.903903917002,space,0.0354863740503788,None,1864.9052453750046,1865.3098895836777,1865.617046917032,1865.5972982500098,1865.598882167018,1865.617046917032,1865.617046917032,1865.617046917032,1866.594056834001,500,1,[0.9766089580371045],[0.976613917038776],p001,001,2025-11-12_10h35.26.886,intentional binding,,2025.1.1,None,2025-11-12 10h35.36.129666 +0530,
0.1,1000.0,exp,400,4,33,space,0.34715579100884497,None,700,1,[1.1431256670039147],[1.1431297920062207],33,4,400,6,1866.6013778750203,,1866.5944267090526,1866.6013778750203,1867.5917379170423,1867.5917379170423,1867.5917379170423,1867.9547786250478,space,0.34715579100884497,None,1867.9567900840193,1868.0585720416896,1868.3669781250064,1868.3470255420543,1868.3490130840219,1868.3669781250064,1868.3669781250064,1868.3669781250064,1869.5104818750406,700,1,[1.1431256670039147],[1.1431297920062207],p001,001,2025-11-12_10h35.26.886,intentional binding,,2025.1.1,None,2025-11-12 10h35.36.129666 +0530,
0.1,1000.0,exp,401,5,33,space,0.4379814990097657,None,600,1,[1.8594677500077523],[1.8594732080237009],33,5,401,9,1869.5179453750025,,1869.510672375036,1869.5179453750025,1870.5088845840073,1870.5088845840073,1870.5088845840073,1870.9539791250136,space,0.4379814990097657,None,1870.955632709025,1871.0590846256857,1871.3673077090061,1871.346785583999,1871.3488199170097,1871.3673077090061,1871.3673077090061,1871.3673077090061,1873.227153542044,600,1,[1.8594677500077523],[1.8594732080237009],p001,001,2025-11-12_10h35.26.886,intentional binding,,2025.1.1,None,2025-11-12 10h35.36.129666 +0530,
0.7,1000.0,exp,402,6,33,space,0.5322694570058957,None,400,1,[1.8148038330255076],[1.8148091660114005],33,6,402,11,1873.234900875017,,1873.2273312500329,1873.234900875017,1874.222678125021,1874.222678125021,1874.2363927920233,1874.772099209018,space,0.5322694570058957,None,1874.773905167007,1875.4759861666864,1875.795069667045,1875.7745933750411,1875.776710334001,1875.795069667045,1875.795069667045,1875.795069667045,1877.6102755000466,400,1,[1.8148038330255076],[1.8148091660114005],p001,001,2025-11-12_10h35.26.886,intentional binding,,2025.1.1,None,2025-11-12 10h35.36.129666 +0530,
0.4,400.0,unexp,403,7,33,space,0.22703120700316504,None,700,1,[1.110776417015586],[1.1107811250258237],33,7,403,1,1877.6181023750105,,1877.6104527920252,1877.6181023750105,1878.608732917055,1878.608732917055,1878.608732917055,1878.843401042046,space,0.22703120700316504,None,1878.8446750420262,1879.2425432506755,1879.549271667027,1879.5297631670255,1879.531368417025,1879.549271667027,1879.549271667027,1879.549271667027,1880.6604569170158,700,1,[1.110776417015586],[1.1107811250258237],p001,001,2025-11-12_10h35.26.886,intentional binding,,2025.1.1,None,2025-11-12 10h35.36.129666 +0530,
0.1,400.0,unexp,404,8,33,space,0.31786758301313967,None,400,1,[1.151044209022075],[1.1510483750025742],33,8,404,0,1880.667992459028,,1880.6606425000355,1880.667992459028,1881.6589271250414,1881.6589271250414,1881.6589271250414,1881.9783860000316,space,0.31786758301313967,None,1881.9798276670044,1882.0854741256956,1882.3922211670433,1882.3736540840473,1882.375333959004,1882.3922211670433,1882.3922211670433,1882.3922211670433,1883.543646792008,400,1,[1.151044209022075],[1.1510483750025742],p001,001,2025-11-12_10h35.26.886,intentional binding,,2025.1.1,None,2025-11-12 10h35.36.129666 +0530,
0.1,1000.0,exp,405,9,33,space,0.2507208739989437,None,400,1,[1.7333559590042569],[1.7333602500148118],33,9,405,3,1883.5515291670454,,1883.5438502500183,1883.5515291670454,1884.542880834022,1884.542880834022,1884.542880834022,1884.8035439590458,space,0.2507208739989437,None,1884.8049835420097,1884.902630625704,1885.2100894169998,1885.1902353750193,1885.1920299170306,1885.2100894169998,1885.2100894169998,1885.2100894169998,1886.9438106250018,400,1,[1.7333559590042569],[1.7333602500148118],p001,001,2025-11-12_10h35.26.886,intentional binding,,2025.1.1,None,2025-11-12 10h35.36.129666 +0530,
0.7,400.0,unexp,406,10,33,space,0.3170431249891408,None,700,1,[2.286522332986351],[2.286527416028548],33,10,406,2,1886.9515421250253,,1886.9440066670068,1886.9515421250253,1887.9532180840033,1887.9532180840033,1887.9532180840033,1888.2769842499983,space,0.3170431249891408,None,1888.2784247090458,1888.9856407917143,1889.2931913339999,1889.27312287502,1889.2753445840208,1889.2931913339999,1889.2931913339999,1889.2931913339999,1891.5801110420143,700,1,[2.286522332986351],[2.286527416028548],p001,001,2025-11-12_10h35.26.886,intentional binding,,2025.1.1,None,2025-11-12 10h35.36.129666 +0530,
0.4,1000.0,exp,407,11,33,space,1.4363190000294708,None,600,1,[2.5838297919835895],[2.5838342499919236],33,11,407,10,1891.5872845840058,,1891.580344334012,1891.5872845840058,1892.5780490000034,1892.5780490000034,1892.588186167006,1894.0218757090042,space,1.4363190000294708,None,1894.0241265420336,1894.4274063336818,1894.7431421250221,1894.7237646670546,1894.7259223750443,1894.7431421250221,1894.7431421250221,1894.7431421250221,1897.3273651670315,600,1,[2.5838297919835895],[2.5838342499919236],p001,001,2025-11-12_10h35.26.886,intentional binding,,2025.1.1,None,2025-11-12 10h35.36.129666 +0530,
